CRA_ID,ADDRESS,APPLICATION_DATE,CONSTRUCTION_TYPE,HCA_ABATED_VALUE,ABATEMENT_QUALIFYING_TERM,INCENTIVE_AMOUNT,LEED_CLASS,LEED_DATE,OWNERSHIP_TYPE,CITY_DETERMINATION,LONGITUDE,LATITUDE,DCED_NEIGHBORHOOD,NEIGHBORHOOD,COMMUNITY_COUNCIL_NEIGHBORHOOD,CONSTRUCTION_VALUE_IMPROVEMENT
ACCESS1,3752 BONFIELD DR,03/10/2012 12:00:00 AM,REHAB,,,,,,OWNER OCCUPIED,,-84.5037422564608,39.1521688448426,,AVONDALE,AVONDALE,
ACCESS10,6712 BUCKINGHAM PL,03/02/2012 12:00:00 AM,REHAB,,,,,,OWNER OCCUPIED,,-84.3817960906008,39.1559745615847,,MADISONVILLE,MADISONVILLE,
ACCESS100,438 STRAFER ST,06/10/2012 12:00:00 AM,NEW,143500,15,162096,SILVER,02/01/2012 12:00:00 AM,OWNER OCCUPIED,,-84.4349651160819,39.1162940559163,,UNIDENTIFIED,COLUMBIA TUSCULUM,
ACCESS101,472 STRAFER ST,05/19/2014 12:00:00 AM,NEW,140000,15,169331,SILVER,04/01/2014 12:00:00 AM,OWNER OCCUPIED,,-84.433687327853,39.1169882734998,,COLUMBIA TUSCULUM,COLUMBIA TUSCULUM,
ACCESS102,458 STRAFER ST,11/27/2013 12:00:00 AM,NEW,136741.5,15,150019,CERTIFIED,09/01/2013 12:00:00 AM,OWNER OCCUPIED,,-84.4342134789987,39.116702420806,,COLUMBIA TUSCULUM,COLUMBIA TUSCULUM,
ACCESS103,3709 RAWSON FARM LN,09/17/2013 12:00:00 AM,NEW,136503.5,15,156623,CERTIFIED,11/01/2013 12:00:00 AM,OWNER OCCUPIED,,-84.5206730650701,39.1505634869061,,CLIFTON,CLIFTON,
ACCESS104,330 BOAL ST,06/12/2013 12:00:00 AM,NEW,135621.5,15,181798,SILVER,03/01/2013 12:00:00 AM,OWNER OCCUPIED,,-84.5090889079629,39.1142040825813,,MT. AUBURN,MOUNT AUBURN,
ACCESS105,3086 VICTORIA AV,03/23/2012 12:00:00 AM,NEW,137623.5,15,332283,PLATINUM,02/01/2012 12:00:00 AM,OWNER OCCUPIED,,-84.42945986068231,39.1426140380977,,HYDE PARK,HYDE PARK,
ACCESS106,436 STRAFER ST,02/07/2012 12:00:00 AM,NEW,134750,15,138212,SILVER,08/01/2011 12:00:00 AM,OWNER OCCUPIED,,-84.4350402793201,39.1162532195186,,COLUMBIA TUSCULUM,COLUMBIA TUSCULUM,
ACCESS107,434 STRAFER ST,02/15/2012 12:00:00 AM,NEW,134330,15,180338,SILVER,08/01/2011 12:00:00 AM,,,-84.4351154424588,39.1162123826218,,COLUMBIA TUSCULUM,COLUMBIA TUSCULUM,
ACCESS108,471 MISSOURI AV,02/05/2013 12:00:00 AM,NEW,127015,15,160018,SILVER,11/01/2012 12:00:00 AM,OWNER OCCUPIED,,-84.4350982492198,39.1195646230354,,COLUMBIA TUSCULUM,COLUMBIA TUSCULUM,
ACCESS109,448 STRAFER ST,10/02/2012 12:00:00 AM,NEW,126000,15,180338,CERTIFIED,08/01/2012 12:00:00 AM,OWNER OCCUPIED,,-84.43458929863121,39.1164982389722,,COLUMBIA TUSCULUM,COLUMBIA TUSCULUM,
ACCESS11,3501 STACEY AV,02/24/2012 12:00:00 AM,REHAB,,,,,,OWNER OCCUPIED,,-84.4693227312393,39.1417585127017,,EVANSTON,EVANSTON,
ACCESS110,469 MISSOURI AV,02/19/2013 12:00:00 AM,NEW,125265,15,150705,SILVER,11/01/2012 12:00:00 AM,OWNER OCCUPIED,,-84.4351673956472,39.1194519741716,,COLUMBIA TUSCULUM,COLUMBIA TUSCULUM,
ACCESS111,517 LAFAYETTE AV,01/23/2013 12:00:00 AM,NEW,127949.5,15,218933,CERTIFIED,09/01/2012 12:00:00 AM,OWNER OCCUPIED,,-84.525994274483,39.1538392953888,,CLIFTON,CLIFTON,
ACCESS112,454 STRAFER ST,01/21/2014 12:00:00 AM,NEW,124057.5,15,165720,CERTIFIED,12/01/2012 12:00:00 AM,OWNER OCCUPIED,,-84.4343638071334,39.1166207489397,,COLUMBIA TUSCULUM,COLUMBIA TUSCULUM,
ACCESS113,3705 RAWSON FARM LN,07/23/2014 12:00:00 AM,NEW,123977,15,143131,SILVER,11/01/2013 12:00:00 AM,OWNER OCCUPIED,,-84.5210474749274,39.1505800565087,,CLIFTON,CLIFTON,
ACCESS114,2525 HANDASYDE CT,12/11/2012 12:00:00 AM,NEW,127830.5,15,395575,PLATINUM,10/01/2012 12:00:00 AM,OWNER OCCUPIED,,-84.44964509748701,39.1349014310066,,HYDE PARK,HYDE PARK,
ACCESS115,474 STRAFER ST,09/22/2014 12:00:00 AM,NEW,121957.5,15,164763,GOLD,05/01/2014 12:00:00 AM,OWNER OCCUPIED,,-84.4336121700051,39.1170291098021,,COLUMBIA TUSCULUM,COLUMBIA TUSCULUM,
ACCESS116,304 MCFARLAND ST,03/29/2012 12:00:00 AM,REHAB,123497.5,10,87352,,,OWNER OCCUPIED,,-84.5177675024692,39.0987076336314,,WEST END,DOWNTOWN,
ACCESS117,432 STRAFER ST,01/27/2012 12:00:00 AM,NEW,123200,15,141709,SILVER,02/01/2012 12:00:00 AM,OWNER OCCUPIED,,-84.435190604932,39.1161715456859,,COLUMBIA TUSCULUM,COLUMBIA TUSCULUM,
ACCESS118,468 STRAFER ST,07/21/2014 12:00:00 AM,NEW,115003,15,148359,SILVER,06/01/2014 12:00:00 AM,OWNER OCCUPIED,,-84.4338376571846,39.1169066014172,,COLUMBIA TUSCULUM,COLUMBIA TUSCULUM,
ACCESS119,446 STRAFER ST,06/13/2013 12:00:00 AM,NEW,116865,15,203197,SILVER,01/01/2013 12:00:00 AM,OWNER OCCUPIED,,-84.4346644623058,39.116457402819,,COLUMBIA TUSCULUM,COLUMBIA TUSCULUM,
ACCESS12,4415 COLERAIN AV,03/21/2012 12:00:00 AM,REHAB,,,,,,OWNER OCCUPIED,,-84.5528734469484,39.1647880922243,,MT. AIRY,NORTHSIDE,
ACCESS120,456 STRAFER ST,01/21/2014 12:00:00 AM,NEW,114268,15,169344,SILVER,12/01/2012 12:00:00 AM,OWNER OCCUPIED,,-84.4342886431097,39.1166615848972,,COLUMBIA TUSCULUM,COLUMBIA TUSCULUM,
ACCESS121,1324 PENDLETON ST,02/07/2013 12:00:00 AM,REHAB,111580,10,89971,,,OWNER OCCUPIED,,-84.5069235993926,39.1115519591573,,PENDLETON,PENDLETON,
ACCESS122,118 FOURTEENTH ST,10/16/2013 12:00:00 AM,REHAB,111580,10,78318,,,OWNER OCCUPIED,,-84.51796085768922,39.1103973065814,,OVER-THE-RHINE,OTR,
ACCESS123,120 FOURTEENTH ST,09/18/2013 12:00:00 AM,REHAB,111580,10,78324,,,OWNER OCCUPIED,,-84.5180508441453,39.1103876406396,,OVER-THE-RHINE,OTR,
ACCESS124,27 MERCER ST,03/26/2014 12:00:00 AM,REHAB,111580,10,89971,,,OWNER OCCUPIED,,-84.5142209152278,39.1103560006822,,OVER-THE-RHINE,OTR,
ACCESS125,21 MERCER ST,08/22/2014 12:00:00 AM,REHAB,111580,10,46662,,,OWNER OCCUPIED,,-84.5142209152278,39.1103560006822,,OVER-THE-RHINE,OTR,
ACCESS126,17 MERCER ST,01/13/2014 12:00:00 AM,REHAB,111580,10,89971,,,OWNER OCCUPIED,,-84.5142209152278,39.1103560006822,,OVER-THE-RHINE,OTR,
ACCESS127,2530 HANDASYDE CT,01/12/2015 12:00:00 AM,REHAB,111580,10,10600,,,OWNER OCCUPIED,,-84.4493672215651,39.135481455234,,HYDE PARK,HYDE PARK,
ACCESS128,517 MISSOURI AV,01/23/2015 12:00:00 AM,NEW,111016.5,15,155823,SILVER,01/01/2015 12:00:00 AM,OWNER OCCUPIED,,-84.4335080043158,39.1195329677056,,COLUMBIA TUSCULUM,COLUMBIA TUSCULUM,
ACCESS129,1343 SUNCREST DR,01/09/2013 12:00:00 AM,REHAB,110596.5,10,89971,,,OWNER OCCUPIED,,-84.4232880984609,39.1359921431709,,MT. LOOKOUT,MOUNT LOOKOUT,
ACCESS13,1249 FIRST AV,03/07/2012 12:00:00 AM,REHAB,,,,,,OWNER OCCUPIED,,-84.5793246996346,39.115973521656,,WEST PRICE HILL,WEST PRICE HILL,
ACCESS130,470 STRAFER ST,07/02/2014 12:00:00 AM,NEW,110558,15,169331,SILVER,06/01/2014 12:00:00 AM,OWNER OCCUPIED,,-84.4337624925748,39.1169474379333,,COLUMBIA TUSCULUM,COLUMBIA TUSCULUM,
ACCESS131,3721 RAWSON FARM LN,06/10/2014 12:00:00 AM,NEW,110096,15,127121,CERTIFIED,05/01/2014 12:00:00 AM,OWNER OCCUPIED,,-84.5208605915326,39.1511585768285,,CLIFTON,CLIFTON,
ACCESS132,1437 PLEASANT ST,05/30/2012 12:00:00 AM,NEW,111314,15,95384,CERTIFIED,07/01/2012 12:00:00 AM,OWNER OCCUPIED,,-84.5182159039513,39.1112608752075,,OVER-THE-RHINE,OTR,
ACCESS133,2125 GRANDIN RD,11/22/2013 12:00:00 AM,NEW,108199,15,98009,SILVER,11/01/2013 12:00:00 AM,OWNER OCCUPIED,,-84.4600686728951,39.1315206644366,,HYDE PARK,HYDE PARK,
ACCESS134,2145 LURAY AV,12/31/2013 12:00:00 AM,NEW,111580,10,89971,,,OWNER OCCUPIED,,-84.4885319849758,39.1192856150818,,WALNUT HILLS,WALNUT HILLS,
ACCESS135,1433 PLEASANT ST,03/16/2012 12:00:00 AM,NEW,109564,15,95384,CERTIFIED,07/01/2012 12:00:00 AM,OWNER OCCUPIED,,-84.5181830027048,39.1111353836451,,OVER-THE-RHINE,OTR,
ACCESS136,353 FOURTH ST,07/19/2012 12:00:00 AM,NEW,108332,10,87352,,,OWNER OCCUPIED,,-84.51867011670171,39.0987109887332,,UNIDENTIFIED,DOWNTOWN,
ACCESS137,2903 CORBIN PARK CT,09/25/2012 12:00:00 AM,NEW,108332,10,87352,,,OWNER OCCUPIED,,-84.4506352852081,39.1206611725124,,EAST END,EAST END,
ACCESS138,3017 EUCLID AV,05/12/2014 12:00:00 AM,REHAB,108332,10,38297,,,RENTAL,,-84.5076228682863,39.1347095597491,,CORRYVILLE,CORRYVILLE,
ACCESS139,3368 MARBURG SQUARE LN,08/13/2013 12:00:00 AM,NEW,104821.5,10,77093,,,OWNER OCCUPIED,,-84.4231450811301,39.1441737329374,,OAKLEY,OAKLEY,
ACCESS14,1547 ST LEGER PL,02/13/2012 12:00:00 AM,REHAB,,,,,,OWNER OCCUPIED,,-84.4773437499598,39.1378988311147,,EVANSTON,EVANSTON,
ACCESS140,1435 PLEASANT ST,03/20/2012 12:00:00 AM,NEW,108724,15,94986,CERTIFIED,07/01/2012 12:00:00 AM,OWNER OCCUPIED,,-84.5181994094738,39.1111979619236,,UNIDENTIFIED,OTR,
ACCESS141,463 STRAFER ST,02/15/2012 12:00:00 AM,NEW,108332,10,158833,SILVER,01/01/2012 12:00:00 AM,,,-84.4345106705562,39.1170477284676,,COLUMBIA TUSCULUM,COLUMBIA TUSCULUM,
ACCESS142,353 FOURTH ST,03/27/2012 12:00:00 AM,REHAB,108332,10,0,,,OWNER OCCUPIED,,-84.51867011670171,39.0987109887332,,UNIDENTIFIED,DOWNTOWN,
ACCESS143,3725 RAWSON FARM LN,09/16/2013 12:00:00 AM,NEW,104132,15,132264,SILVER,05/01/2013 12:00:00 AM,OWNER OCCUPIED,,-84.5207580645961,39.1512948844236,,CLIFTON,CLIFTON,
ACCESS144,3442 GOLDEN AV,05/16/2012 12:00:00 AM,NEW,105175,10,84806,,,OWNER OCCUPIED,,-84.4386745070206,39.1197769583625,,HYDE PARK,COLUMBIA TUSCULUM,
ACCESS145,3440 GOLDEN AV,05/16/2012 12:00:00 AM,NEW,105000,10,87352,,,OWNER OCCUPIED,,-84.4387811964418,39.1198201531703,,COLUMBIA TUSCULUM,COLUMBIA TUSCULUM,
ACCESS146,3713 RAWSON FARM LN,12/24/2013 12:00:00 AM,NEW,101598,15,117291,PLATINUM,06/01/2014 12:00:00 AM,OWNER OCCUPIED,,-84.5205820769348,39.1507832319967,,CLIFTON,CLIFTON,
ACCESS147,3438 GOLDEN AV,05/22/2012 12:00:00 AM,NEW,105175,10,84806,,,OWNER OCCUPIED,,-84.4388691204788,39.1198572299245,,UNIDENTIFIED,COLUMBIA TUSCULUM,
ACCESS148,1229 IDA ST,01/27/2012 12:00:00 AM,REHAB,105175,10,84806,,,OWNER OCCUPIED,,-84.4993202592293,39.1100065091284,,MT. ADAMS,MOUNT ADAMS,
ACCESS149,3025 ONONTA AV,01/24/2012 12:00:00 AM,NEW,105175,10,0,,,OWNER OCCUPIED,,-84.4463776251231,39.1216235518689,,COLUMBIA TUSCULUM,COLUMBIA TUSCULUM,
ACCESS15,1914 LAWN AV,04/19/2012 12:00:00 AM,REHAB,,,,,,OWNER OCCUPIED,,-84.4616429070302,39.1703774804618,,BOND HILL,BOND HILL,
ACCESS150,1403 RACE ST,02/13/2013 12:00:00 AM,REHAB,100702,10,74694,,,OWNER OCCUPIED,,-84.5172859725536,39.110449683391,,OVER-THE-RHINE,OTR,
ACCESS151,3624 KROGER AV,02/07/2012 12:00:00 AM,NEW,103834.5,15,145053,GOLD,01/01/2012 12:00:00 AM,OWNER OCCUPIED,,-84.4299173399396,39.123291508469,,MT. LOOKOUT,MOUNT LOOKOUT,
ACCESS152,2145 LURAY AV,06/11/2014 12:00:00 AM,NEW,114926,10,92669,,,OWNER OCCUPIED,,-84.4885319849758,39.1192856150818,,WALNUT HILLS,WALNUT HILLS,
ACCESS153,2145 LURAY AV,02/19/2014 12:00:00 AM,NEW,114926,10,92669,,,OWNER OCCUPIED,,-84.4885319849758,39.1192856150818,,WALNUT HILLS,WALNUT HILLS,
ACCESS154,200 FOURTEENTH ST,12/19/2013 12:00:00 AM,NEW,98521.5,10,38026,,,OWNER OCCUPIED,,-84.5188772424912,39.1101803591485,,OVER-THE-RHINE,OTR,
ACCESS155,30 CENTRAL PW,05/17/2012 12:00:00 AM,REHAB,102130,15,123527,,,OWNER OCCUPIED,,-84.5132549328437,39.1077257284802,,UNIDENTIFIED,OTR,
ACCESS156,1933 RIVERSIDE DR,06/06/2012 12:00:00 AM,NEW,102130,10,82351,,,OWNER OCCUPIED,,-84.4774596297725,39.1201909110717,,UNIDENTIFIED,EAST END,
ACCESS157,3336 MARBURG SQUARE LN,04/26/2013 12:00:00 AM,NEW,98157.5,10,76100,,,OWNER OCCUPIED,,-84.42257378477932,39.1442948388906,,OAKLEY,OAKLEY,
ACCESS158,3370 EVERSON AV,06/16/2014 12:00:00 AM,NEW,98087.5,10,74172,,,OWNER OCCUPIED,,-84.4224389091533,39.150401396465,,OAKLEY,OAKLEY,
ACCESS159,1015 GRANDIN RIDGE DR,05/17/2013 12:00:00 AM,REHAB,98010.5,10,89971,,,OWNER OCCUPIED,,-84.440361799809,39.1279928953221,,MT. LOOKOUT,MOUNT LOOKOUT,
ACCESS16,202 PEETE ST,10/08/2012 12:00:00 AM,REHAB,,,,,,RENTAL,,-84.5130721044291,39.1155561885784,,OVER-THE-RHINE,MOUNT AUBURN,
ACCESS160,1417 PLEASANT ST,03/12/2012 12:00:00 AM,NEW,99876,15,108816,CERTIFIED,07/01/2012 12:00:00 AM,OWNER OCCUPIED,,-84.5180908811284,39.110779412565,,OVER-THE-RHINE,OTR,
ACCESS161,1421 RACE ST,07/12/2013 12:00:00 AM,NEW,97384,10,39284,,,OWNER OCCUPIED,,-84.5174638825445,39.1111373347226,,OVER-THE-RHINE,OTR,
ACCESS162,4120 ALLENDALE DR,02/11/2012 12:00:00 AM,NEW,98560,10,87352,,,OWNER OCCUPIED,,-84.4130355640829,39.1523480472883,,OAKLEY,OAKLEY,
ACCESS163,3527 MONTEITH AV,12/31/2013 12:00:00 AM,REHAB,96250,10,35799,,,OWNER OCCUPIED,,-84.4371706102487,39.1401397567312,,HYDE PARK,HYDE PARK,
ACCESS164,421 BOAL ST,11/25/2013 12:00:00 AM,NEW,96250,10,77610,,,OWNER OCCUPIED,,-84.5081448640185,39.1135817365148,,MT. AUBURN,MOUNT AUBURN,
ACCESS165,15 MERCER ST,02/24/2014 12:00:00 AM,NEW,96250,10,77610,,,OWNER OCCUPIED,,-84.5144984637644,39.1103416450808,,OVER-THE-RHINE,OTR,
ACCESS166,2599 OBSERVATORY AV,11/18/2014 12:00:00 AM,REHAB,96250,10,55509,,,OWNER OCCUPIED,,-84.4456579131166,39.1373845079882,,HYDE PARK,HYDE PARK,
ACCESS167,3340 MARBURG SQUARE LN,09/30/2013 12:00:00 AM,NEW,96071.5,10,75250,,,OWNER OCCUPIED,,-84.4225652989522,39.1445831311127,,OAKLEY,OAKLEY,
ACCESS168,3338 MARBURG SQUARE LN,10/09/2013 12:00:00 AM,NEW,96071.5,10,75250,,,OWNER OCCUPIED,,-84.4225652989522,39.1445831311127,,OAKLEY,OAKLEY,
ACCESS169,3366 MARBURG SQUARE LN,10/09/2013 12:00:00 AM,NEW,96071.5,10,80432,,,OWNER OCCUPIED,,-84.4231450811301,39.1441737329374,,OAKLEY,OAKLEY,
ACCESS17,228 CLIFTON AV,10/08/2012 12:00:00 AM,REHAB,,,,,,RENTAL,,-84.5127277602115,39.1146557728048,,OVER-THE-RHINE,OTR,
ACCESS170,2145 LURAY AV,03/19/2014 12:00:00 AM,NEW,111580,10,89971,,,OWNER OCCUPIED,,-84.4885319849758,39.1192856150818,,WALNUT HILLS,WALNUT HILLS,
ACCESS171,4120 ALLENDALE DR,08/04/2014 12:00:00 AM,NEW,111580,10,89971,,,OWNER OCCUPIED,,-84.4130355640829,39.1523480472883,,OAKLEY,OAKLEY,
ACCESS172,3797 MILLSBRAE AV,11/19/2013 12:00:00 AM,REHAB,95200,10,77610,,,OWNER OCCUPIED,,-84.4401761732453,39.1482650622144,,OAKLEY,OAKLEY,
ACCESS173,4120 ALLENDALE DR,05/15/2012 12:00:00 AM,NEW,97317.5,10,87352,,,OWNER OCCUPIED,,-84.4130355640829,39.1523480472883,,OAKLEY,OAKLEY,
ACCESS174,3733 RAWSON FARM LN,10/30/2012 12:00:00 AM,NEW,93863,10,79467,,,OWNER OCCUPIED,,-84.5200478064122,39.151061150484,,CLIFTON,CLIFTON,
ACCESS175,430 STRAFER ST,01/27/2012 12:00:00 AM,NEW,97300,15,128425,SILVER,02/01/2012 12:00:00 AM,OWNER OCCUPIED,,-84.4352657694567,39.1161307023581,,COLUMBIA TUSCULUM,COLUMBIA TUSCULUM,
ACCESS176,325 COLLINS AV,10/16/2013 12:00:00 AM,NEW,91966,10,73763,,,OWNER OCCUPIED,,-84.4694191668037,39.1244203605144,,EAST WALNUT HILLS,EAST END,
ACCESS177,200 FOURTEENTH ST,02/28/2014 12:00:00 AM,REHAB,91794.5,10,89971,,,OWNER OCCUPIED,,-84.5188772424912,39.1101803591485,,OVER-THE-RHINE,OTR,
ACCESS178,3334 MARBURG SQUARE LN,05/03/2013 12:00:00 AM,NEW,91476,10,76594,,,OWNER OCCUPIED,,-84.42257378477932,39.1442948388906,,OAKLEY,OAKLEY,
ACCESS179,512 READING RD,06/09/2014 12:00:00 AM,REHAB,91416.5,10,77240,,,OWNER OCCUPIED,,-84.5061600220149,39.1094417432754,,OVER-THE-RHINE,PENDLETON,
ACCESS18,2236 FULTON AV,03/15/2012 12:00:00 AM,REHAB,,,,,,OWNER OCCUPIED,,-84.491251129332,39.1219145112228,,WALNUT HILLS,WALNUT HILLS,
ACCESS180,4120 ALLENDALE DR,08/30/2012 12:00:00 AM,NEW,104051.5,10,87352,,,OWNER OCCUPIED,,-84.4130355640829,39.1523480472883,,OAKLEY,OAKLEY,
ACCESS181,4120 ALLENDALE DR,01/22/2014 12:00:00 AM,NEW,104051.5,10,0,,,OWNER OCCUPIED,,-84.4130355640829,39.1523480472883,,OAKLEY,OAKLEY,
ACCESS182,309 OREGON ST,12/20/2013 12:00:00 AM,NEW,102130,10,149703,,,OWNER OCCUPIED,,-84.4981905609199,39.1047754430348,,MT. ADAMS,MOUNT ADAMS,
ACCESS183,9 MERCER ST,05/07/2014 12:00:00 AM,NEW,89873,10,82972,,,OWNER OCCUPIED,,-84.5147482631444,39.1103038552221,,OVER-THE-RHINE,OTR,
ACCESS184,4702 HASSMAN CT,01/27/2012 12:00:00 AM,NEW,92907.5,15,105696,SILVER,01/01/2011 12:00:00 AM,OWNER OCCUPIED,,-84.5395048134188,39.1774789288378,,NORTHSIDE,NORTHSIDE,
ACCESS185,4120 ALLENDALE DR,12/24/2012 12:00:00 AM,NEW,90583.5,10,87352,,,OWNER OCCUPIED,,-84.4130355640829,39.1523480472883,,OAKLEY,OAKLEY,
ACCESS186,14 FOURTEENTH ST,06/18/2014 12:00:00 AM,REHAB,87752,10,81708,,,OWNER OCCUPIED,,-84.5163961517945,39.1105336039545,,OVER-THE-RHINE,OTR,
ACCESS187,1415 RACE ST,07/23/2013 12:00:00 AM,REHAB,87479,10,45764,,,OWNER OCCUPIED,,-84.5173068892644,39.1109015122562,,OVER-THE-RHINE,OTR,
ACCESS188,530 TWIN HILLS RIDGE DR,05/13/2014 12:00:00 AM,REHAB,89397,10,92175,,,OWNER OCCUPIED,,-84.4099039162146,39.0677551864223,,CALIFORNIA,CALIFORNIA,
ACCESS189,3330 MARBURG SQUARE LN,01/09/2013 12:00:00 AM,NEW,89075,13,93108,SILVER,01/01/2010 12:00:00 AM,OWNER OCCUPIED,,-84.4228327777037,39.1440243868741,,OAKLEY,OAKLEY,
ACCESS19,1802 BERKLEY AV,02/13/2012 12:00:00 AM,REHAB,0,0,0,,,OWNER OCCUPIED,,-84.464744200718,39.1723105829438,,BOND HILL,BOND HILL,
ACCESS190,200 FOURTEENTH ST,12/17/2013 12:00:00 AM,REHAB,87073,10,27967,,,OWNER OCCUPIED,,-84.5188772424912,39.1101803591485,,OVER-THE-RHINE,OTR,
ACCESS191,7 MERCER ST,05/12/2014 12:00:00 AM,NEW,86723,10,86471,,,OWNER OCCUPIED,,-84.5148300986427,39.1102914641682,,OVER-THE-RHINE,OTR,
ACCESS192,13 MERCER ST,03/04/2014 12:00:00 AM,REHAB,86723,10,76921,,,OWNER OCCUPIED,,-84.5145839810695,39.1103287058948,,OVER-THE-RHINE,OTR,
ACCESS193,11 MERCER ST,01/13/2014 12:00:00 AM,REHAB,86723,10,86471,,,OWNER OCCUPIED,,-84.5146658740131,39.1103163198159,,OVER-THE-RHINE,OTR,
ACCESS194,14 FOURTEENTH ST,05/07/2014 12:00:00 AM,REHAB,86702,10,81708,,,OWNER OCCUPIED,,-84.5163961517945,39.1105336039545,,OVER-THE-RHINE,OTR,
ACCESS195,1421 RACE ST,07/11/2013 12:00:00 AM,REHAB,86534,10,67588,,,OWNER OCCUPIED,,-84.5174638825445,39.1111373347226,,OVER-THE-RHINE,OTR,
ACCESS196,3739 HYDE PARK AV,12/07/2012 12:00:00 AM,REHAB,86509.5,10,87352,,,OWNER OCCUPIED,,-84.4374612642786,39.1459074806238,,OAKLEY,OAKLEY,
ACCESS197,201 ROCHELLE ST,01/20/2015 12:00:00 AM,NEW,86492,15,102619,CERTIFIED,04/01/2014 12:00:00 AM,OWNER OCCUPIED,,-84.50535789477141,39.1336441122754,,CORRYVILLE,CORRYVILLE,
ACCESS198,2145 LURAY AV,07/26/2013 12:00:00 AM,NEW,98157.5,10,89971,,,OWNER OCCUPIED,,-84.4885319849758,39.1192856150818,,WALNUT HILLS,WALNUT HILLS,
ACCESS199,1421 RACE ST,01/22/2015 12:00:00 AM,REHAB,85484,10,73622,,,OWNER OCCUPIED,,-84.5174638825445,39.1111373347226,,OVER-THE-RHINE,OTR,
ACCESS2,777 STRAIGHT ST,02/18/2012 12:00:00 AM,REHAB,,,,,,OWNER OCCUPIED,,-84.5301140315393,39.1298825726619,,FAIRVIEW - CLIFTON HEIGHTS,CUF,
ACCESS20,1964 HORTON ST,07/23/2012 12:00:00 AM,REHAB,0,0,0,,,OWNER OCCUPIED,,-84.5647962372108,39.1285717323844,,SOUTH FAIRMOUNT,SOUTH FAIRMOUNT,
ACCESS200,3332 MARBURG SQUARE LN,01/28/2013 12:00:00 AM,NEW,87325,15,107432,SILVER,01/01/2010 12:00:00 AM,OWNER OCCUPIED,,-84.4228327777037,39.1440243868741,,OAKLEY,OAKLEY,
ACCESS201,2145 LURAY AV,05/05/2014 12:00:00 AM,NEW,99421,10,73139,,,OWNER OCCUPIED,,-84.4885319849758,39.1192856150818,,WALNUT HILLS,WALNUT HILLS,
ACCESS202,2145 LURAY AV,05/16/2014 12:00:00 AM,NEW,99421,10,89971,,,OWNER OCCUPIED,,-84.4885319849758,39.1192856150818,,WALNUT HILLS,WALNUT HILLS,
ACCESS203,3374 WASSON RD,12/26/2012 12:00:00 AM,NEW,85225,10,80432,,,OWNER OCCUPIED,,-84.4227456262516,39.1439098126739,,OAKLEY,OAKLEY,
ACCESS204,23 MERCER ST,01/21/2014 12:00:00 AM,REHAB,84903,10,71576,,,OWNER OCCUPIED,,-84.5142209152278,39.1103560006822,,OVER-THE-RHINE,OTR,
ACCESS205,1007 MARION AV,10/26/2012 12:00:00 AM,NEW,86793,15,144985,CERTIFIED,07/01/2012 12:00:00 AM,OWNER OCCUPIED,,-84.4794341417534,39.1509989257313,,AVONDALE,NORTH AVONDALE,
ACCESS206,4120 ALLENDALE DR,11/30/2012 12:00:00 AM,NEW,86096.5,10,87352,,,OWNER OCCUPIED,,-84.4130355640829,39.1523480472883,,OAKLEY,OAKLEY,
ACCESS207,309 OREGON ST,11/13/2014 12:00:00 AM,NEW,96250,10,77610,,,OWNER OCCUPIED,,-84.4981905609199,39.1047754430348,,MT. ADAMS,MOUNT ADAMS,
ACCESS208,512 READING RD,06/19/2012 12:00:00 AM,REHAB,94815,10,79952,,,OWNER OCCUPIED,,-84.5061600220149,39.1094417432754,,OVER-THE-RHINE,PENDLETON,
ACCESS209,27 MERCER ST,01/28/2014 12:00:00 AM,REHAB,82572,10,65164,,,OWNER OCCUPIED,,-84.5142209152278,39.1103560006822,,OVER-THE-RHINE,OTR,
ACCESS21,,08/29/2012 12:00:00 AM,REHAB,,,,,,OWNER OCCUPIED,,,,,UNIDENTIFIED,N/A,
ACCESS210,2604 EDEN AV,02/06/2014 12:00:00 AM,REHAB,82435.5,10,73436,,,RENTAL,,-84.50584510360481,39.1291988386986,,CORRYVILLE,CORRYVILLE,
ACCESS211,2018 FAITH ST,04/05/2013 12:00:00 AM,NEW,82036.5,10,52075,,,OWNER OCCUPIED,,-84.4567038013914,39.1795227687336,,BOND HILL,BOND HILL,
ACCESS212,3252 BERWYN PL,05/13/2013 12:00:00 AM,NEW,81781,15,102509,SILVER,04/01/2013 12:00:00 AM,OWNER OCCUPIED,,-84.4238144949538,39.1521877332086,,OAKLEY,OAKLEY,
ACCESS213,3781 AULT PARK AV,08/12/2013 12:00:00 AM,REHAB,81347,10,48095,,,OWNER OCCUPIED,,-84.4108848990756,39.1399265821757,,HYDE PARK,HYDE PARK,
ACCESS214,27 MERCER ST,12/30/2013 12:00:00 AM,REHAB,80822,10,65164,,,OWNER OCCUPIED,,-84.5142209152278,39.1103560006822,,OVER-THE-RHINE,OTR,
ACCESS215,3376 WASSON RD,09/20/2012 12:00:00 AM,NEW,80626,10,54064,,,OWNER OCCUPIED,,-84.4227456262516,39.1439098126739,,OAKLEY,OAKLEY,
ACCESS216,4204 BADGELEY CR,11/28/2012 12:00:00 AM,NEW,79814,10,61873,,,OWNER OCCUPIED,,-84.5511760667402,39.1658351448184,,NORTHSIDE,NORTHSIDE,
ACCESS217,4120 ALLENDALE DR,12/24/2012 12:00:00 AM,NEW,81606,10,87352,,,OWNER OCCUPIED,,-84.4130355640829,39.1523480472883,,OAKLEY,OAKLEY,
ACCESS218,1413 PLEASANT ST,05/16/2012 12:00:00 AM,NEW,81518.5,10,63324,,,OWNER OCCUPIED,,-84.51805741498531,39.1106502194614,,OVER-THE-RHINE,OTR,
ACCESS219,2816 ROSELLA AV,08/21/2013 12:00:00 AM,NEW,82600,10,70868,,,OWNER OCCUPIED,,-84.4388457401293,39.144294383263,,OAKLEY,HYDE PARK,
ACCESS22,72 CLIFTON AV,03/01/2012 12:00:00 AM,REHAB,,,,,,OWNER OCCUPIED,,-84.5152944011639,39.1168476768,,UNIDENTIFIED,OTR,
ACCESS220,1419 PLEASANT ST,03/16/2012 12:00:00 AM,REHAB,81109,10,63490,CERTIFIED,07/01/2012 12:00:00 AM,OWNER OCCUPIED,,-84.5181096729281,39.1108518809315,,OVER-THE-RHINE,OTR,
ACCESS221,759 DELTA AV,04/01/2012 12:00:00 AM,NEW,80454.5,15,156166,CERTIFIED,12/01/2011 12:00:00 AM,OWNER OCCUPIED,,-84.4337788894183,39.1266906567434,,HYDE PARK,MOUNT LOOKOUT,
ACCESS222,525 DANDRIDGE ST,05/07/2014 12:00:00 AM,REHAB,79954,10,75465,,,OWNER OCCUPIED,,-84.5059014952628,39.1112277640868,,OVER-THE-RHINE,PENDLETON,
ACCESS223,4693 MISSION LN,10/05/2012 12:00:00 AM,NEW,79845.5,15,100570,GOLD,11/01/2012 12:00:00 AM,OWNER OCCUPIED,,-84.5543779844077,39.1706113408756,,MT. AIRY,MOUNT AIRY,
ACCESS224,200 FOURTEENTH ST,12/05/2013 12:00:00 AM,REHAB,77997.5,10,70935,,,OWNER OCCUPIED,,-84.5188772424912,39.1101803591485,,OVER-THE-RHINE,OTR,
ACCESS225,4208 BADGELEY CR,12/03/2012 12:00:00 AM,NEW,77836.5,10,57109,,,OWNER OCCUPIED,,-84.5508867149962,39.1661156276871,,NORTHSIDE,NORTHSIDE,
ACCESS226,930 ELLISON AV,02/21/2014 12:00:00 AM,REHAB,77700,10,30177,,,OWNER OCCUPIED,,-84.4301971514075,39.1262773993573,,MT. LOOKOUT,MOUNT LOOKOUT,
ACCESS227,3562 BURCH AV,02/06/2012 12:00:00 AM,REHAB,79208.5,10,82351,,,OWNER OCCUPIED,,-84.4465591754498,39.1422714802578,,HYDE PARK,HYDE PARK,
ACCESS228,1017 MARION AV,01/27/2012 12:00:00 AM,REHAB,79159.5,10,67295,,,OWNER OCCUPIED,,-84.4791703359979,39.1507588144995,,NORTH AVONDALE,NORTH AVONDALE,
ACCESS229,1615 SPRINGLAWN AV,11/13/2012 12:00:00 AM,REHAB,76825,10,65573,,,OWNER OCCUPIED,,-84.5435921070708,39.1758590989685,,NORTHSIDE,NORTHSIDE,
ACCESS23,1806 BERKLEY AV,02/21/2012 12:00:00 AM,REHAB,0,0,0,,,OWNER OCCUPIED,,-84.4645686035519,39.1723066176895,,BOND HILL,BOND HILL,
ACCESS230,3250 BERWYN PL,01/15/2013 12:00:00 AM,NEW,76559,10,68339,SILVER,04/01/2013 12:00:00 AM,OWNER OCCUPIED,,-84.4238937652836,39.1522070690752,,OAKLEY,OAKLEY,
ACCESS231,309 OREGON ST,12/20/2013 12:00:00 AM,NEW,86023,10,163585,,,OWNER OCCUPIED,,-84.4981905609199,39.1047754430348,,MT. ADAMS,MOUNT ADAMS,
ACCESS232,3316 WASSON RD,01/27/2012 12:00:00 AM,NEW,85750,15,81452,SILVER,01/01/2010 12:00:00 AM,OWNER OCCUPIED,,-84.4233463389931,39.1439218502672,,OAKLEY,OAKLEY,
ACCESS233,6401 PEPPER LN,02/20/2014 12:00:00 AM,NEW,76013,10,60970,,,OWNER OCCUPIED,,-84.3790898754471,39.0899131711288,,MT. WASHINGTON,MOUNT WASHINGTON,
ACCESS234,3554 SAYBROOK AV,11/06/2013 12:00:00 AM,REHAB,75600,10,37741,,,RENTAL,,-84.41666202048522,39.1428879970052,,HYDE PARK,HYDE PARK,
ACCESS235,512 READING RD,02/12/2014 12:00:00 AM,REHAB,75341,10,65711,,,OWNER OCCUPIED,,-84.5061600220149,39.1094417432754,,PENDLETON,PENDLETON,
ACCESS236,2023 FAITH ST,12/27/2013 12:00:00 AM,NEW,75320,10,53796,,,OWNER OCCUPIED,,-84.4567143178288,39.1786526142329,,BOND HILL,BOND HILL,
ACCESS237,4562 KIRBY AV,02/01/2013 12:00:00 AM,NEW,78050,15,85004,GOLD,03/01/2011 12:00:00 AM,OWNER OCCUPIED,,-84.54707143719462,39.1728911648499,,NORTHSIDE,NORTHSIDE,
ACCESS238,3045 LAVINIA AV,01/06/2015 12:00:00 AM,NEW,75092.5,10,53246,,,OWNER OCCUPIED,,-84.4605673766383,39.1342527459874,,EVANSTON - EAST WALNUT HILLS,HYDE PARK,
ACCESS239,1327 PENDLETON ST,01/09/2013 12:00:00 AM,REHAB,75075,10,47599,,,OWNER OCCUPIED,,-84.5074423409543,39.1113074496503,,OVER-THE-RHINE,PENDLETON,
ACCESS24,3368 TREASURE CT,05/07/2012 12:00:00 AM,REHAB,,,,,,OWNER OCCUPIED,,-84.5763927953218,39.1534662865466,,WESTWOOD,WESTWOOD,
ACCESS240,30 CENTRAL PW,06/06/2012 12:00:00 AM,REHAB,86100,15,104138,,,OWNER OCCUPIED,,-84.5132549328437,39.1077257284802,,UNIDENTIFIED,OTR,
ACCESS241,30 CENTRAL PW,06/06/2012 12:00:00 AM,REHAB,86100,15,104138,,,OWNER OCCUPIED,,-84.5132549328437,39.1077257284802,,UNIDENTIFIED,OTR,
ACCESS242,1939 CHASE AV,11/05/2013 12:00:00 AM,NEW,74725,10,61811,,,OWNER OCCUPIED,,-84.552674876364,39.1665294625833,,NORTHSIDE,NORTHSIDE,
ACCESS243,1933 CHASE AV,02/23/2015 12:00:00 AM,NEW,74616.5,10,62141,,,OWNER OCCUPIED,,-84.55240893123731,39.1661663957595,,UNIDENTIFIED,NORTHSIDE,
ACCESS244,4814 BEVERLY HILL DR,02/06/2014 12:00:00 AM,REHAB,74574.5,10,59658,,,OWNER OCCUPIED,,-84.4209389574337,39.1264237899673,,MT. LOOKOUT,MOUNT LOOKOUT,
ACCESS245,1415 PLEASANT ST,03/06/2012 12:00:00 AM,NEW,77409.5,15,100811,CERTIFIED,07/01/2012 12:00:00 AM,OWNER OCCUPIED,,-84.51807347489762,39.1107121239692,,OVER-THE-RHINE,OTR,
ACCESS246,2625 EDEN AV,01/16/2013 12:00:00 AM,REHAB,74445,10,77847,,,RENTAL,,-84.5066788857453,39.1300345581698,,CORRYVILLE,CORRYVILLE,
ACCESS247,2814 ROSELLA AV,01/11/2013 12:00:00 AM,NEW,75992,15,128564,CERTIFIED,06/01/2012 12:00:00 AM,OWNER OCCUPIED,,-84.4389343012043,39.1442997458827,,HYDE PARK,HYDE PARK,
ACCESS248,3542 MICHIGAN AV,12/30/2012 12:00:00 AM,REHAB,74095,10,87135,,,OWNER OCCUPIED,,-84.4411533920081,39.1409847078747,,HYDE PARK,HYDE PARK,
ACCESS249,1943 CHASE AV,01/10/2014 12:00:00 AM,NEW,73895.5,10,53601,,,OWNER OCCUPIED,,-84.5529044848344,39.1667482114948,,NORTHSIDE,NORTHSIDE,
ACCESS25,1839 BERKLEY AV,02/14/2012 12:00:00 AM,REHAB,0,0,0,,,OWNER OCCUPIED,,-84.4631734020949,39.1717259385185,,BOND HILL,BOND HILL,
ACCESS250,2017 FAITH ST,06/28/2013 12:00:00 AM,NEW,75565,10,54028,,,OWNER OCCUPIED,,-84.45705604513391,39.1789166125142,,BOND HILL,BOND HILL,
ACCESS251,1835 ROBLEY AV,01/15/2014 12:00:00 AM,NEW,73888.5,15,71555,CERTIFIED,11/01/2013 12:00:00 AM,OWNER OCCUPIED,,-84.5483614463645,39.1723782602095,,NORTHSIDE,NORTHSIDE,
ACCESS252,2356 PARK AV,09/17/2012 12:00:00 AM,REHAB,75519.5,10,56218,,,OWNER OCCUPIED,,-84.4858077580877,39.1242841788889,,WALNUT HILLS,WALNUT HILLS,
ACCESS253,4206 BADGELEY CR,01/16/2014 12:00:00 AM,NEW,73605,10,55695,,,OWNER OCCUPIED,,-84.5509921575514,39.1659846994692,,NORTHSIDE,NORTHSIDE,
ACCESS254,3214 CLOSE CT,06/25/2012 12:00:00 AM,REHAB,75250,10,59384,,,,,-84.4285464539697,39.1299922636317,,MT. LOOKOUT,MOUNT LOOKOUT,
ACCESS255,3376 WASSON RD,12/26/2012 12:00:00 AM,NEW,73500,10,51431,,,OWNER OCCUPIED,,-84.4227456262516,39.1439098126739,,OAKLEY,OAKLEY,
ACCESS256,6432 GRAND VISTA AV,02/13/2014 12:00:00 AM,REHAB,73500,10,77858,,,OWNER OCCUPIED,,-84.4210523187842,39.191588373846,,PLEASANT RIDGE,PLEASANT RIDGE,
ACCESS257,1126 RACE ST,02/13/2012 12:00:00 AM,REHAB,84595,10,66815,,,OWNER OCCUPIED,,-84.5160095019393,39.1078397187279,,OVER-THE-RHINE,OTR,
ACCESS258,2015 FAITH ST,02/10/2012 12:00:00 AM,NEW,74077.5,10,51987,,,OWNER OCCUPIED,,-84.4572318473724,39.1789277480868,,BOND HILL,BOND HILL,
ACCESS259,1144 ROOKWOOD DR,06/13/2012 12:00:00 AM,REHAB,72422,10,87352,,,OWNER OCCUPIED,,-84.4449168686702,39.1315854315122,,HYDE PARK,HYDE PARK,
ACCESS26,1903 LANGDON FARM RD,12/27/2012 12:00:00 AM,NEW,,,,,,OWNER OCCUPIED,,-84.4604095640068,39.1818752052409,,BOND HILL,BOND HILL,
ACCESS260,30 CENTRAL PW,04/20/2012 12:00:00 AM,NEW,83044.5,15,104138,,,OWNER OCCUPIED,,-84.5132549328437,39.1077257284802,,UNIDENTIFIED,OTR,
ACCESS261,1296 CRESTWOOD AV,10/29/2013 12:00:00 AM,REHAB,72187.5,10,41065,,,OWNER OCCUPIED,,-84.4188726094777,39.1332633251411,,MT. LOOKOUT,MOUNT LOOKOUT,
ACCESS262,1851 YORKTOWN RD,04/30/2012 12:00:00 AM,NEW,73626,10,59469,,,OWNER OCCUPIED,,-84.4604372186943,39.1839468125204,,UNIDENTIFIED,BOND HILL,
ACCESS263,5807 DESTINY CT,07/05/2012 12:00:00 AM,NEW,73465,10,55331,,,OWNER OCCUPIED,,-84.45774789140332,39.1800156317815,,UNIDENTIFIED,BOND HILL,
ACCESS264,1935 CHASE AV,12/31/2013 12:00:00 AM,NEW,71687,10,53469,,,OWNER OCCUPIED,,-84.5524816941948,39.1662857888895,,NORTHSIDE,NORTHSIDE,
ACCESS265,3362 MARBURG SQUARE LN,11/13/2014 12:00:00 AM,NEW,96250,10,0,,,OWNER OCCUPIED,,-84.4235953732713,39.1444330980902,,OAKLEY,OAKLEY,
ACCESS266,4713 HASSMAN CT,02/01/2013 12:00:00 AM,NEW,73041.5,15,87760,CERTIFIED,06/01/2012 12:00:00 AM,OWNER OCCUPIED,,-84.539749506114,39.1783139888431,,NORTHSIDE,NORTHSIDE,
ACCESS267,3376 WASSON RD,12/26/2012 12:00:00 AM,NEW,71400,10,54047,,,OWNER OCCUPIED,,-84.4227456262516,39.1439098126739,,OAKLEY,OAKLEY,
ACCESS268,1403 RACE ST,02/17/2012 12:00:00 AM,NEW,71148,10,60070,,,OWNER OCCUPIED,,-84.5172859725536,39.110449683391,,OVER-THE-RHINE,OTR,
ACCESS269,1304 BROADWAY,08/30/2012 12:00:00 AM,REHAB,71029,10,77830,,,RENTAL,,-84.5083775848319,39.1105865388804,,OVER-THE-RHINE,PENDLETON,
ACCESS27,4851 CORINTH AV,05/14/2012 12:00:00 AM,REHAB,0,0,0,,,OWNER OCCUPIED,,-84.4796433407585,39.1754255811044,,BOND HILL,BOND HILL,
ACCESS270,1942 CHASE AV,06/20/2013 12:00:00 AM,NEW,70749,10,64693,,,OWNER OCCUPIED,,-84.5522111627569,39.166817269998,,NORTHSIDE,NORTHSIDE,
ACCESS271,1122 ROOKWOOD DR,12/26/2013 12:00:00 AM,REHAB,72152.5,10,75866,,,OWNER OCCUPIED,,-84.4466750695846,39.1311309466061,,HYDE PARK,HYDE PARK,
ACCESS272,5952 HAVENWOOD CT,02/01/2012 12:00:00 AM,NEW,71806,10,55535,,,OWNER OCCUPIED,,-84.4611406369383,39.1849462954718,,BOND HILL,BOND HILL,
ACCESS273,2356 PARK AV,02/23/2012 12:00:00 AM,REHAB,72807,10,56218,,,OWNER OCCUPIED,,-84.4858077580877,39.1242841788889,,EAST WALNUT HILLS,WALNUT HILLS,
ACCESS274,3376 WASSON RD,12/26/2012 12:00:00 AM,NEW,70000,10,53683,,,OWNER OCCUPIED,,-84.4227456262516,39.1439098126739,,OAKLEY,OAKLEY,
ACCESS275,2356 PARK AV,08/06/2013 12:00:00 AM,REHAB,69737.5,10,59040,,,OWNER OCCUPIED,,-84.4858077580877,39.1242841788889,,WALNUT HILLS,WALNUT HILLS,
ACCESS276,3631 VICTORIA LN,12/16/2013 12:00:00 AM,REHAB,71050,10,63911,,,OWNER OCCUPIED,,-84.4250238784437,39.1429169986758,,HYDE PARK,HYDE PARK,
ACCESS277,4571 KIRBY AV,09/30/2013 12:00:00 AM,NEW,70843.5,15,100333,CERTIFIED,01/01/2012 12:00:00 AM,OWNER OCCUPIED,,-84.5479512306464,39.1732925151876,,NORTHSIDE,NORTHSIDE,
ACCESS278,160 WENTWORTH AV,03/21/2014 12:00:00 AM,REHAB,69156.5,10,53133,,,OWNER OCCUPIED,,-84.514784178468,39.1430886851298,,CLIFTON,CLIFTON,
ACCESS279,3693 SAYBROOK AV,08/05/2013 12:00:00 AM,REHAB,69072.5,10,35356,,,OWNER OCCUPIED,,-84.41129345091181,39.1415666336962,,HYDE PARK,HYDE PARK,
ACCESS28,4265 CHAMBERS ST,12/20/2012 12:00:00 AM,REHAB,,,,,,OWNER OCCUPIED,,-84.534509722923,39.1657519246013,,NORTHSIDE,NORTHSIDE,
ACCESS280,1231 JERRY LN,02/24/2014 12:00:00 AM,REHAB,68981.5,10,29192,,,OWNER OCCUPIED,,-84.4238024756819,39.1310244025807,,MT. LOOKOUT,MOUNT LOOKOUT,
ACCESS281,1650 GLEN PARKER AV,08/29/2012 12:00:00 AM,NEW,71494.5,15,94889,SILVER,05/01/2012 12:00:00 AM,OWNER OCCUPIED,,-84.5425915594648,39.171189247445,,NORTHSIDE,NORTHSIDE,
ACCESS282,4738 HASSMAN CT,12/17/2013 12:00:00 AM,NEW,68603.5,15,89436,SILVER,11/01/2013 12:00:00 AM,OWNER OCCUPIED,,-84.5383697232838,39.1799393551837,,NORTHSIDE,NORTHSIDE,
ACCESS283,6628 CORBLY RD,01/20/2015 12:00:00 AM,NEW,68526.5,10,62469,,,OWNER OCCUPIED,,-84.373312623852,39.095287251019,,UNIDENTIFIED,MOUNT WASHINGTON,
ACCESS284,5961 RHODE ISLAND AV,08/20/2012 12:00:00 AM,NEW,71022,10,40732,,,OWNER OCCUPIED,,-84.4589724383373,39.1839676777035,,BOND HILL,BOND HILL,
ACCESS285,1940 CHASE AV,07/01/2013 12:00:00 AM,NEW,68099.5,10,54485,,,OWNER OCCUPIED,,-84.5520399938236,39.1667012744469,,NORTHSIDE,NORTHSIDE,
ACCESS286,4214 BADGELEY CR,09/18/2013 12:00:00 AM,NEW,68099.5,10,50878,,,OWNER OCCUPIED,,-84.5514111506309,39.1664695955241,,NORTHSIDE,NORTHSIDE,
ACCESS287,4717 HASSMAN CT,07/26/2013 12:00:00 AM,NEW,70665,10,55540,,,OWNER OCCUPIED,,-84.5394763680861,39.1785742351926,,NORTHSIDE,NORTHSIDE,
ACCESS288,3707 WASHINGTON AV,04/01/2014 12:00:00 AM,REHAB,76650,10,82337,,,OWNER OCCUPIED,,-84.4946933707233,39.1516904437239,,AVONDALE,AVONDALE - NORTH AVONDALE,
ACCESS289,3376 WASSON RD,12/26/2012 12:00:00 AM,NEW,67900,10,51169,,,OWNER OCCUPIED,,-84.4227456262516,39.1439098126739,,OAKLEY,OAKLEY,
ACCESS29,2540 MILLENNIUM PL,12/21/2012 12:00:00 AM,NEW,0,0,0,,,OWNER OCCUPIED,,-84.5823220853624,39.1492668463825,,WESTWOOD,WESTWOOD,
ACCESS290,2020 FAITH ST,11/14/2013 12:00:00 AM,NEW,67522,10,56844,,,OWNER OCCUPIED,,-84.4564794382758,39.1794299084183,,BOND HILL,BOND HILL,
ACCESS291,4116 BALLARD AV,10/17/2013 12:00:00 AM,REHAB,67228,10,83977,,,RENTAL,,-84.4262266457474,39.152309648077,,OAKLEY,OAKLEY,
ACCESS292,3376 WASSON RD,12/26/2012 12:00:00 AM,NEW,66500,10,51169,,,OWNER OCCUPIED,,-84.4227456262516,39.1439098126739,,OAKLEY,OAKLEY,
ACCESS293,3060 HACKBERRY ST,01/29/2013 12:00:00 AM,REHAB,66360,10,68181,,,OWNER OCCUPIED,,-84.47401324924391,39.1337830975515,,EVANSTON - EAST WALNUT HILLS,EVANSTON,
ACCESS294,1839 ROBLEY AV,01/26/2015 12:00:00 AM,NEW,66220,15,75013,SILVER,10/01/2014 12:00:00 AM,OWNER OCCUPIED,,-84.54858125496142,39.1723914292265,,NORTHSIDE,NORTHSIDE,
ACCESS295,2145 LURAY AV,12/29/2014 12:00:00 AM,NEW,76979,10,92669,,,OWNER OCCUPIED,,-84.4885319849758,39.1192856150818,,WALNUT HILLS,WALNUT HILLS,
ACCESS296,1406 REPUBLIC ST,04/15/2015 12:00:00 AM,REHAB,66104.5,10,56548,,,OWNER OCCUPIED,,-84.5160431908565,39.1108770897948,,OVER-THE-RHINE,OTR,
ACCESS297,4218 BADGELEY CR,09/20/2013 12:00:00 AM,NEW,65971.5,10,43221,,,OWNER OCCUPIED,,-84.5518456919527,39.1665469669116,,NORTHSIDE,NORTHSIDE,
ACCESS298,4700 HASSMAN CT,02/01/2012 12:00:00 AM,NEW,68362,15,77232,CERTIFIED,08/01/2011 12:00:00 AM,OWNER OCCUPIED,,-84.5396184870493,39.1773755381357,,NORTHSIDE,NORTHSIDE,
ACCESS299,3813 MARBURG AV,10/18/2013 12:00:00 AM,REHAB,65453.5,10,54188,,,OWNER OCCUPIED,,-84.4220460217463,39.1465433560988,,OAKLEY,OAKLEY,
ACCESS3,1932 CLARION AV,02/21/2012 12:00:00 AM,REHAB,,,,,,OWNER OCCUPIED,,-84.4643481636128,39.1445248594077,,EVANSTON,EVANSTON,
ACCESS30,1038 DELHI PK,02/17/2012 12:00:00 AM,REHAB,0,0,0,,,OWNER OCCUPIED,,-84.578890039928,39.0967397500436,,EAST PRICE HILL,SEDAMSVILLE,
ACCESS300,224 ROCHELLE ST,12/26/2012 12:00:00 AM,REHAB,65114,10,35971,,,OWNER OCCUPIED,,-84.5055815013346,39.1335333686679,,CORRYVILLE,CORRYVILLE,
ACCESS301,5810 DESTINY CT,01/24/2012 12:00:00 AM,NEW,66500,10,51953,,,OWNER OCCUPIED,,-84.4573060069421,39.1799305372321,,BOND HILL,BOND HILL,
ACCESS302,6632 CORBLY RD,01/15/2014 12:00:00 AM,NEW,64977.5,10,69143,,,OWNER OCCUPIED,,-84.3731486227295,39.0952470500671,,MT. WASHINGTON,MOUNT WASHINGTON,
ACCESS303,2013 FAITH ST,08/06/2013 12:00:00 AM,NEW,65663.5,10,47316,,,OWNER OCCUPIED,,-84.4574076496667,39.178938883393,,BOND HILL,BOND HILL,
ACCESS304,5873 RHODE ISLAND AV,12/28/2012 12:00:00 AM,NEW,64190,10,38201,,,OWNER OCCUPIED,,-84.4594959653223,39.1808944381812,,BOND HILL,BOND HILL,
ACCESS305,1843 ROBLEY AV,04/02/2012 12:00:00 AM,NEW,66465,15,79920,SILVER,11/01/2010 12:00:00 AM,OWNER OCCUPIED,,-84.5488071752696,39.1724047070186,,UNIDENTIFIED,NORTHSIDE,
ACCESS306,1326 VINE ST,08/28/2012 12:00:00 AM,NEW,66395,10,68855,,,OWNER OCCUPIED,,-84.5150496463194,39.1106016615879,,OVER-THE-RHINE,OTR,
ACCESS307,1237 HALPIN AV,10/18/2012 12:00:00 AM,REHAB,63878.5,10,72806,,,OWNER OCCUPIED,,-84.4290299175583,39.1341312815928,,HYDE PARK,MOUNT LOOKOUT,
ACCESS308,4711 HASSMAN CT,05/16/2012 12:00:00 AM,NEW,66150,10,54383,,,OWNER OCCUPIED,,-84.5398225427867,39.1781485161955,,UNIDENTIFIED,NORTHSIDE,
ACCESS309,1412 REPUBLIC ST,07/10/2014 12:00:00 AM,REHAB,63700,10,17669,,,OWNER OCCUPIED,,-84.5160431908565,39.1108770897948,,OVER-THE-RHINE,OTR,
ACCESS31,4034 DELANEY ST,02/02/2012 12:00:00 AM,REHAB,0,0,0,,,OWNER OCCUPIED,,-84.5433384591128,39.1600485024104,,NORTHSIDE,NORTHSIDE,
ACCESS310,3730 HYDE PARK AV,02/21/2013 12:00:00 AM,REHAB,63619.5,10,69273,,,OWNER OCCUPIED,,-84.4366637110436,39.1455865701774,,OAKLEY,OAKLEY,
ACCESS311,3730 HYDE PARK AV,02/21/2013 12:00:00 AM,REHAB,,,,,,OWNER OCCUPIED,,-84.4366637110436,39.1455865701774,,OAKLEY,OAKLEY,
ACCESS312,5015 DOVETAIL LN,01/24/2012 12:00:00 AM,NEW,64960,10,44364,,,OWNER OCCUPIED,,-84.5401449031167,39.1801752302675,,NORTHSIDE,NORTHSIDE,
ACCESS313,205 ROCHELLE ST,10/03/2014 12:00:00 AM,NEW,63399,15,76144,CERTIFIED,04/01/2014 12:00:00 AM,OWNER OCCUPIED,,-84.50535789477141,39.1336441122754,,CORRYVILLE,CORRYVILLE,
ACCESS314,1418 RACE ST,11/12/2012 12:00:00 AM,REHAB,64722,10,51967,GOLD,07/01/2012 12:00:00 AM,OWNER OCCUPIED,,-84.5168417311961,39.1109553459393,,OVER-THE-RHINE,OTR,
ACCESS315,1895 LANGDON FARM RD,04/24/2014 12:00:00 AM,NEW,63094.5,10,47491,,,OWNER OCCUPIED,,-84.4607019801863,39.1820007355158,,BOND HILL,BOND HILL,
ACCESS316,4145 VIRGINIA AV,09/06/2013 12:00:00 AM,NEW,63000,10,47695,,,OWNER OCCUPIED,,-84.5512482947538,39.1652383014315,,NORTHSIDE,NORTHSIDE,
ACCESS317,4220 BADGELEY CR,10/30/2013 12:00:00 AM,NEW,62702.5,10,51389,,,OWNER OCCUPIED,,-84.5520649700484,39.1664750922605,,NORTHSIDE,NORTHSIDE,
ACCESS318,2356 PARK AV,02/06/2012 12:00:00 AM,REHAB,64050,10,46252,,,OWNER OCCUPIED,,-84.4858077580877,39.1242841788889,,WALNUT HILLS,WALNUT HILLS,
ACCESS319,955 VOLTERRA LN,11/16/2012 12:00:00 AM,NEW,64022,10,77610,,,OWNER OCCUPIED,,-84.4890166431748,39.1212382856281,,WALNUT HILLS,WALNUT HILLS,
ACCESS32,4334 PITTS AV,10/19/2012 12:00:00 AM,REHAB,,,,,,OWNER OCCUPIED,,-84.5446263235496,39.1661899357772,,NORTHSIDE,NORTHSIDE,
ACCESS320,1708 MARTHA AV,01/09/2012 12:00:00 AM,NEW,64788.5,15,70509,CERTIFIED,11/01/2010 12:00:00 AM,,,-84.5477703979363,39.1715359611294,,NORTHSIDE,NORTHSIDE,
ACCESS321,4736 HASSMAN CT,03/12/2014 12:00:00 AM,NEW,62167,10,53680,,,OWNER OCCUPIED,,-84.5383675525007,39.1797938460552,,NORTHSIDE,NORTHSIDE,
ACCESS322,569 DELTA AV,09/03/2013 12:00:00 AM,REHAB,61582.5,10,56412,,,OWNER OCCUPIED,,-84.436620038512,39.121706312016,,COLUMBIA TUSCULUM,COLUMBIA TUSCULUM,
ACCESS323,1418 RACE ST,01/15/2013 12:00:00 AM,REHAB,62972,10,49193,GOLD,07/01/2012 12:00:00 AM,OWNER OCCUPIED,,-84.5168417311961,39.1109553459393,,OVER-THE-RHINE,OTR,
ACCESS324,1418 RACE ST,01/30/2013 12:00:00 AM,REHAB,62972,10,53457,GOLD,07/01/2012 12:00:00 AM,OWNER OCCUPIED,,-84.5168417311961,39.1109553459393,,OVER-THE-RHINE,OTR,
ACCESS325,4721 HASSMAN CT,02/26/2013 12:00:00 AM,NEW,62765.5,10,54197,,,OWNER OCCUPIED,,-84.5391857448883,39.1787762744949,,NORTHSIDE,NORTHSIDE,
ACCESS326,353 FOURTH ST,04/04/2012 12:00:00 AM,NEW,63700,10,66984,,,OWNER OCCUPIED,,-84.51867011670171,39.0987109887332,,UNIDENTIFIED,DOWNTOWN,
ACCESS327,2356 PARK AV,01/23/2014 12:00:00 AM,REHAB,61078.5,10,46978,,,OWNER OCCUPIED,,-84.4858077580877,39.1242841788889,,WALNUT HILLS,WALNUT HILLS,
ACCESS328,5965 HAVENWOOD CT,02/01/2013 12:00:00 AM,NEW,62401.5,10,45869,,,OWNER OCCUPIED,,-84.4617086434302,39.1852499929613,,BOND HILL,BOND HILL,
ACCESS329,5803 DESTINY CT,01/30/2013 12:00:00 AM,NEW,62265,10,48569,,,OWNER OCCUPIED,,-84.4577958839677,39.1795537829032,,BOND HILL,BOND HILL,
ACCESS33,3622 BEVIS AV,02/15/2012 12:00:00 AM,REHAB,0,0,0,,,OWNER OCCUPIED,,-84.4646067603044,39.1451633351877,,EVANSTON,EVANSTON,
ACCESS330,1239 PADDOCK HILLS AV,02/12/2012 12:00:00 AM,REHAB,63052.5,10,58983,,,OWNER OCCUPIED,,-84.4775230140431,39.164116379976,,NORTH AVONDALE,N/A,
ACCESS331,1406 REPUBLIC ST,07/31/2014 12:00:00 AM,REHAB,60546.5,10,18448,,,OWNER OCCUPIED,,-84.5160431908565,39.1108770897948,,OVER-THE-RHINE,OTR,
ACCESS332,15 FOURTH ST,03/02/2015 12:00:00 AM,REHAB,80398.5,10,0,,,OWNER OCCUPIED,,-84.51350499687172,39.0995165847665,,UNIDENTIFIED,DOWNTOWN,
ACCESS333,203 ROCHELLE ST,05/30/2014 12:00:00 AM,NEW,60375,15,71813,CERTIFIED,04/01/2014 12:00:00 AM,OWNER OCCUPIED,,-84.50535789477141,39.1336441122754,,CORRYVILLE,CORRYVILLE,
ACCESS334,4542 COPPICE LN,09/10/2012 12:00:00 AM,NEW,61645.5,10,56525,,,OWNER OCCUPIED,,-84.5475766184604,39.1723118274212,,NORTHSIDE,NORTHSIDE,
ACCESS335,2924 EDEN AV,09/05/2014 12:00:00 AM,NEW,60004,15,71919,CERTIFIED,05/01/2014 12:00:00 AM,OWNER OCCUPIED,,-84.5055815013346,39.1335333686679,,CORRYVILLE,CORRYVILLE,
ACCESS336,2700 ASHLAND AV,09/04/2012 12:00:00 AM,REHAB,61250,10,48363,,,OWNER OCCUPIED,,-84.4822957179872,39.1287647622099,,WALNUT HILLS,EAST WALNUT HILLS,
ACCESS337,1830 ROBLEY AV,07/02/2012 12:00:00 AM,NEW,61078.5,15,58690,GOLD,11/01/2012 12:00:00 AM,OWNER OCCUPIED,,-84.5484635022823,39.1728456121278,,NORTHSIDE,NORTHSIDE,
ACCESS338,3299 LINWOOD AV,10/29/2013 12:00:00 AM,REHAB,59440.5,10,30634,,,OWNER OCCUPIED,,-84.425749414609,39.1268280376101,,MT. LOOKOUT,MOUNT LOOKOUT,
ACCESS339,1831 ROBLEY AV,01/15/2015 12:00:00 AM,NEW,58968,10,55063,,,OWNER OCCUPIED,,-84.5480772598966,39.1723612282003,,NORTHSIDE,NORTHSIDE,
ACCESS34,1225 BLANCHARD AV,02/13/2012 12:00:00 AM,REHAB,0,0,0,,,OWNER OCCUPIED,,-84.5662186268047,39.1144595640359,,EAST PRICE HILL,EAST PRICE HILL,
ACCESS340,304 MCFARLAND ST,04/30/2012 12:00:00 AM,REHAB,61190.5,10,65144,,,OWNER OCCUPIED,,-84.5177675024692,39.0987076336314,,WEST END,DOWNTOWN,
ACCESS341,4734 HASSMAN CT,03/17/2014 12:00:00 AM,NEW,58908.5,10,51663,,,OWNER OCCUPIED,,-84.5383653817266,39.1796483369243,,NORTHSIDE,NORTHSIDE,
ACCESS342,4723 HASSMAN CT,01/17/2013 12:00:00 AM,NEW,60231.5,10,59960,,,OWNER OCCUPIED,,-84.5390327980759,39.1788439787141,,NORTHSIDE,NORTHSIDE,
ACCESS343,4230 BADGELEY ST,02/04/2014 12:00:00 AM,NEW,58866.5,10,48541,,,OWNER OCCUPIED,,-84.5506955860842,39.166391608677,,NORTHSIDE,NORTHSIDE,
ACCESS344,30 CENTRAL PW,07/18/2012 12:00:00 AM,NEW,68393.5,15,85774,,,OWNER OCCUPIED,,-84.5132549328437,39.1077257284802,,UNIDENTIFIED,OTR,
ACCESS345,2356 PARK AV,12/31/2012 12:00:00 AM,REHAB,58625,10,27211,,,OWNER OCCUPIED,,-84.4858077580877,39.1242841788889,,EAST WALNUT HILLS,WALNUT HILLS,
ACCESS346,2356 PARK AV,12/31/2012 12:00:00 AM,REHAB,58625,10,0,,,OWNER OCCUPIED,,-84.4858077580877,39.1242841788889,,EAST WALNUT HILLS,WALNUT HILLS,
ACCESS347,2356 PARK AV,12/31/2012 12:00:00 AM,REHAB,58625,10,45296,,,OWNER OCCUPIED,,-84.4858077580877,39.1242841788889,,EAST WALNUT HILLS,WALNUT HILLS,
ACCESS348,2356 PARK AV,12/31/2012 12:00:00 AM,REHAB,58625,10,37506,,,OWNER OCCUPIED,,-84.4858077580877,39.1242841788889,,EAST WALNUT HILLS,WALNUT HILLS,
ACCESS349,4223 WILLIAMSON PL,01/17/2014 12:00:00 AM,REHAB,58625,10,49921,,,OWNER OCCUPIED,,-84.5374182078611,39.1639076541955,,NORTHSIDE,NORTHSIDE,
ACCESS35,3912 FEEMSTER ST,02/06/2012 12:00:00 AM,REHAB,0,0,0,,,OWNER OCCUPIED,,-84.4332073034956,39.1107411735054,,COLUMBIA TUSCULUM,COLUMBIA TUSCULUM,
ACCESS350,4725 HASSMAN CT,10/10/2012 12:00:00 AM,NEW,59850,15,88602,SILVER,07/01/2012 12:00:00 AM,OWNER OCCUPIED,,-84.5389937686006,39.1789802822987,,NORTHSIDE,NORTHSIDE,
ACCESS351,2517 FOXCOVE CT,02/06/2012 12:00:00 AM,NEW,60725,10,42846,,,OWNER OCCUPIED,,-84.5797181443755,39.1500266087949,,WESTWOOD,WESTWOOD,
ACCESS352,1937 AUBURN AV,09/20/2012 12:00:00 AM,REHAB,60714.5,10,83531,,,OWNER OCCUPIED,,-84.5091605869278,39.1172124388981,,MT. AUBURN,MOUNT AUBURN,
ACCESS353,1944 CHASE AV,02/26/2014 12:00:00 AM,NEW,58394,10,42239,,,OWNER OCCUPIED,,-84.5524103305623,39.1669499795604,,NORTHSIDE,NORTHSIDE,
ACCESS354,3311 STERLING WY,02/19/2014 12:00:00 AM,NEW,58373,10,56790,,,OWNER OCCUPIED,,-84.4231190576634,39.1474102687259,,OAKLEY,OAKLEY,
ACCESS355,3450 GOLDEN AV,04/09/2012 12:00:00 AM,NEW,60574.5,10,65474,,,OWNER OCCUPIED,,-84.4384364743266,39.1196978073175,,UNIDENTIFIED,COLUMBIA TUSCULUM,
ACCESS356,304 MCFARLAND ST,03/23/2012 12:00:00 AM,REHAB,59507,10,51694,,,OWNER OCCUPIED,,-84.5177675024692,39.0987076336314,,WEST END,DOWNTOWN,
ACCESS357,304 MCFARLAND ST,01/14/2013 12:00:00 AM,REHAB,59507,10,61529,,,OWNER OCCUPIED,,-84.5177675024692,39.0987076336314,,CBD - RIVERFRONT,DOWNTOWN,
ACCESS358,6405 PEPPER LN,07/09/2014 12:00:00 AM,NEW,59465,10,51725,,,OWNER OCCUPIED,,-84.3790643089253,39.0901452817167,,MT. WASHINGTON,MOUNT WASHINGTON,
ACCESS359,3223 LOOKOUT CR,12/21/2012 12:00:00 AM,REHAB,60245.5,10,80706,,,OWNER OCCUPIED,,-84.4258007654941,39.1282273153608,,MT. LOOKOUT,MOUNT LOOKOUT,
ACCESS36,1432 RACE ST,01/13/2012 12:00:00 AM,REHAB,0,0,0,,,OWNER OCCUPIED,,-84.5169218935175,39.1112767034736,,OVER-THE-RHINE,OTR,
ACCESS360,3304 BACH AV,05/01/2012 12:00:00 AM,NEW,59220,10,72267,SILVER,04/01/2013 12:00:00 AM,OWNER OCCUPIED,,-84.4246206039398,39.1530208092351,,OAKLEY,OAKLEY,
ACCESS361,575 HOGE ST,05/02/2012 12:00:00 AM,REHAB,57890,10,61896,,,OWNER OCCUPIED,,-84.4359476757789,39.1196926187873,,UNIDENTIFIED,COLUMBIA TUSCULUM,
ACCESS362,4540 COPPICE LN,05/23/2014 12:00:00 AM,NEW,57620.5,10,43521,,,OWNER OCCUPIED,,-84.5474931549324,39.1720355401889,,NORTHSIDE,NORTHSIDE,
ACCESS363,4735 HASSMAN CT,02/14/2012 12:00:00 AM,NEW,59594.5,15,67461,CERTIFIED,08/01/2011 12:00:00 AM,OWNER OCCUPIED,,-84.5389322524524,39.179788451511,,UNIDENTIFIED,NORTHSIDE,
ACCESS364,1712 HIGHLAND AV,04/03/2013 12:00:00 AM,REHAB,57365,10,45668,,,OWNER OCCUPIED,,-84.5036000000113,39.114016212879,,MT. AUBURN,MOUNT AUBURN,
ACCESS365,4576 INNES AV,12/06/2013 12:00:00 AM,REHAB,57011.5,10,29240,,,OWNER OCCUPIED,,-84.5447702891526,39.172554418692,,NORTHSIDE,NORTHSIDE,
ACCESS366,3304 BACH AV,11/19/2012 12:00:00 AM,REHAB,57911,10,73326,,,OWNER OCCUPIED,,-84.4245335401345,39.1530100217531,,OAKLEY,OAKLEY,
ACCESS367,1422 RACE ST,09/10/2013 12:00:00 AM,REHAB,57722,10,47974,GOLD,07/01/2012 12:00:00 AM,OWNER OCCUPIED,,-84.5168417311961,39.1109553459393,,OVER-THE-RHINE,OTR,
ACCESS368,14 14TH ST,05/13/2014 12:00:00 AM,REHAB,56252,10,51629,,,OWNER OCCUPIED,,-84.5163961517945,39.1105336039545,,OVER-THE-RHINE,OTR,
ACCESS369,5946 WOODMONT AV,03/07/2013 12:00:00 AM,REHAB,56066.5,10,59195,,,OWNER OCCUPIED,,-84.4241288945505,39.1805248522375,,PLEASANT RIDGE,PLEASANT RIDGE,
ACCESS37,3755 CLIFTON AV,08/09/2012 12:00:00 AM,NEW,,,,CERTIFIED,06/01/2012 12:00:00 AM,OWNER OCCUPIED,,-84.5192480782123,39.1516434740053,,CLIFTON,CLIFTON,
ACCESS370,2873 MINTO AV,07/03/2014 12:00:00 AM,REHAB,56000,10,72104,,,OWNER OCCUPIED,,-84.4363625804994,39.1427989741987,,HYDE PARK,HYDE PARK,
ACCESS371,2401 INGLESIDE AV,01/06/2012 12:00:00 AM,REHAB,56906.5,10,26878,,,OWNER OCCUPIED,,-84.4781536749734,39.1232453832837,,EAST WALNUT HILLS,EAST WALNUT HILLS,
ACCESS372,1912 CHASE AV,11/18/2014 12:00:00 AM,NEW,55632.5,10,42615,,,OWNER OCCUPIED,,-84.551122918456,39.1656222177947,,NORTHSIDE,NORTHSIDE,
ACCESS373,1834 ROBLEY AV,07/26/2013 12:00:00 AM,NEW,55566,10,47034,,,OWNER OCCUPIED,,-84.5486745203375,39.1728582546134,,NORTHSIDE,NORTHSIDE,
ACCESS374,6403 PEPPER LN,06/24/2014 12:00:00 AM,NEW,55520.5,10,49992,,,RENTAL,,-84.3790774300093,39.0900111601274,,MT. WASHINGTON,MOUNT WASHINGTON,
ACCESS375,6640 CORBLY RD,12/26/2012 12:00:00 AM,NEW,56735,10,66849,,,OWNER OCCUPIED,,-84.3728014876453,39.0951797459975,,MT. WASHINGTON,MOUNT WASHINGTON,
ACCESS376,1907 LANGDON FARM RD,03/29/2012 12:00:00 AM,NEW,55839,10,50065,,,OWNER OCCUPIED,,-84.46027927212232,39.1818066262751,,BOND HILL,BOND HILL,
ACCESS377,14 FOURTEENTH ST,05/02/2014 12:00:00 AM,REHAB,54502,10,51629,,,OWNER OCCUPIED,,-84.5163961517945,39.1105336039545,,OVER-THE-RHINE,OTR,
ACCESS378,2356 PARK AV,12/31/2012 12:00:00 AM,REHAB,54425,10,27211,,,OWNER OCCUPIED,,-84.4858077580877,39.1242841788889,,EAST WALNUT HILLS,WALNUT HILLS,
ACCESS379,2356 PARK AV,12/31/2012 12:00:00 AM,REHAB,54425,10,37958,,,OWNER OCCUPIED,,-84.4858077580877,39.1242841788889,,EAST WALNUT HILLS,WALNUT HILLS,
ACCESS38,5801 DESTINY CT,01/24/2012 12:00:00 AM,NEW,0,0,0,,,OWNER OCCUPIED,,-84.4578131624465,39.1793821387496,,BOND HILL,BOND HILL,
ACCESS380,2356 PARK AV,12/31/2012 12:00:00 AM,REHAB,54425,10,38918,,,OWNER OCCUPIED,,-84.4858077580877,39.1242841788889,,EAST WALNUT HILLS,WALNUT HILLS,
ACCESS381,5450 GRAFTON AV,01/08/2014 12:00:00 AM,NEW,54348,10,38855,,,OWNER OCCUPIED,,-84.4612052963602,39.1819558058652,,BOND HILL,BOND HILL,
ACCESS382,1422 RACE ST,05/23/2013 12:00:00 AM,REHAB,55272,10,50912,GOLD,07/01/2012 12:00:00 AM,OWNER OCCUPIED,,-84.5168417311961,39.1109553459393,,OVER-THE-RHINE,OTR,
ACCESS383,1422 RACE ST,04/30/2013 12:00:00 AM,REHAB,55272,10,64916,GOLD,07/01/2012 12:00:00 AM,OWNER OCCUPIED,,-84.5168417311961,39.1109553459393,,OVER-THE-RHINE,OTR,
ACCESS384,1712 MARTHA AV,10/18/2013 12:00:00 AM,NEW,56021,10,62551,,,OWNER OCCUPIED,,-84.54814979083231,39.171552282603,,NORTHSIDE,NORTHSIDE,
ACCESS385,4705 HASSMAN CT,03/19/2013 12:00:00 AM,NEW,55034,15,64219,SILVER,01/01/2012 12:00:00 AM,OWNER OCCUPIED,,-84.5400741288633,39.1777624254785,,NORTHSIDE,NORTHSIDE,
ACCESS386,1235 CORBETT AV,01/23/2012 12:00:00 AM,REHAB,55023.5,10,56895,,,OWNER OCCUPIED,,-84.428103471855,39.1340746545257,,MT. LOOKOUT,MOUNT LOOKOUT,
ACCESS387,3529 VISTA AV,03/13/2013 12:00:00 AM,REHAB,53641,10,54180,,,OWNER OCCUPIED,,-84.4571727978215,39.1413636661282,,HYDE PARK,HYDE PARK,
ACCESS388,2458 ROOKWOOD CT,01/23/2013 12:00:00 AM,REHAB,53536,10,58958,,,OWNER OCCUPIED,,-84.4493076351984,39.1312913634737,,HYDE PARK,HYDE PARK,
ACCESS389,4115 THIRTY-THIRD AV,03/27/2013 12:00:00 AM,REHAB,53326,10,53393,,,OWNER OCCUPIED,,-84.434681357996,39.1531154710483,,OAKLEY,OAKLEY,
ACCESS39,3730 HYDE PARK AV,09/20/2013 12:00:00 AM,REHAB,63619.5,10,69273,,,OWNER OCCUPIED,,-84.4366637110436,39.1455865701774,,OAKLEY,OAKLEY,
ACCESS390,2917 ALPINE TE,10/09/2013 12:00:00 AM,REHAB,53116,10,61416,,,OWNER OCCUPIED,,-84.44002116529731,39.1286531984585,,MT. LOOKOUT,MOUNT LOOKOUT,
ACCESS391,1418 RACE ST,07/31/2013 12:00:00 AM,REHAB,54257,10,71266,GOLD,07/01/2012 12:00:00 AM,OWNER OCCUPIED,,-84.5168417311961,39.1109553459393,,OVER-THE-RHINE,OTR,
ACCESS392,3536 BROTHERTON RD,09/25/2013 12:00:00 AM,REHAB,52944.5,10,66727,,,OWNER OCCUPIED,,-84.4176830364409,39.1544840401369,,OAKLEY,OAKLEY,
ACCESS393,1108 BELVEDERE ST,02/12/2013 12:00:00 AM,REHAB,52944.5,10,50455,,,OWNER OCCUPIED,,-84.4967382549481,39.1079186575151,,MT. ADAMS,MOUNT ADAMS,
ACCESS394,5852 RHODE ISLAND AV,01/03/2014 12:00:00 AM,NEW,52780,10,51609,,,OWNER OCCUPIED,,-84.4586149156705,39.1803488541506,,BOND HILL,BOND HILL,
ACCESS395,14 FOURTEENTH ST,04/28/2014 12:00:00 AM,REHAB,52755.5,10,51632,,,OWNER OCCUPIED,,-84.5163961517945,39.1105336039545,,OVER-THE-RHINE,OTR,
ACCESS396,400 THIRTEENTH ST,08/30/2012 12:00:00 AM,REHAB,52678.5,10,56779,,,RENTAL,,-84.5084601758234,39.1104558238432,,PENDLETON,PENDLETON,
ACCESS397,1702 MARTHA AV,11/28/2012 12:00:00 AM,NEW,52514,10,45448,SILVER,11/01/2013 12:00:00 AM,OWNER OCCUPIED,,-84.5472208267335,39.1715044230065,,NORTHSIDE,NORTHSIDE,
ACCESS398,508 DANDRIDGE ST,06/18/2012 12:00:00 AM,NEW,58450,10,60352,,,OWNER OCCUPIED,,-84.5066854874946,39.1114819797512,,UNIDENTIFIED,PENDLETON,
ACCESS399,4221 BROOKSIDE AV,10/01/2013 12:00:00 AM,REHAB,51653,10,53192,,,OWNER OCCUPIED,,-84.5393604659277,39.1642535726428,,NORTHSIDE,NORTHSIDE,
ACCESS4,1241 FIRST AV,03/07/2012 12:00:00 AM,REHAB,,,,,,OWNER OCCUPIED,,-84.5793497043047,39.1157105781357,,WEST PRICE HILL,WEST PRICE HILL,
ACCESS40,9 CLINTON SPRINGS LN,03/19/2013 12:00:00 AM,REHAB,,,,,,OWNER OCCUPIED,,-84.5056600653846,39.1579406188067,,AVONDALE,CLIFTON,
ACCESS400,5918 HAVENWOOD CT,11/16/2012 12:00:00 AM,NEW,51625,10,37820,,,OWNER OCCUPIED,,-84.4611156676221,39.1840581612156,,BOND HILL,BOND HILL,
ACCESS401,23 MERCER ST,10/11/2013 12:00:00 AM,REHAB,51600.5,10,46464,,,OWNER OCCUPIED,,-84.5142209152278,39.1103560006822,,OVER-THE-RHINE,OTR,
ACCESS402,3722 HYDE PARK AV,03/24/2014 12:00:00 AM,REHAB,53084.5,10,70303,,,OWNER OCCUPIED,,-84.4366897222124,39.1453137761571,,OAKLEY,OAKLEY,
ACCESS403,1422 RACE ST,07/05/2012 12:00:00 AM,REHAB,52157,10,43230,GOLD,07/01/2012 12:00:00 AM,OWNER OCCUPIED,,-84.5168417311961,39.1109553459393,,OVER-THE-RHINE,OTR,
ACCESS404,6612 CORBLY RD,12/04/2013 12:00:00 AM,NEW,50774.5,10,56717,,,OWNER OCCUPIED,,-84.37403467440312,39.0954860561796,,MT. WASHINGTON,MOUNT WASHINGTON,
ACCESS405,1714 MARTHA AV,02/11/2013 12:00:00 AM,NEW,51835,10,45928,,,OWNER OCCUPIED,,-84.5483901844493,39.1715665476504,,NORTHSIDE,NORTHSIDE,
ACCESS406,1529 ELM ST,10/22/2012 12:00:00 AM,REHAB,50617,10,51598,,,OWNER OCCUPIED,,-84.5194480090695,39.1124130706497,,OVER-THE-RHINE,OTR,
ACCESS407,5874 RHODE ISLAND AV,01/07/2013 12:00:00 AM,NEW,51747.5,10,37306,,,OWNER OCCUPIED,,-84.45874650332452,39.1810610469033,,BOND HILL,BOND HILL,
ACCESS408,4538 COPPICE LN,06/13/2012 12:00:00 AM,NEW,52500,15,66157,CERTIFIED,11/01/2010 12:00:00 AM,OWNER OCCUPIED,,-84.5474742536724,39.1718967365107,,NORTHSIDE,NORTHSIDE,
ACCESS409,1631 DIXON CR,10/17/2013 12:00:00 AM,REHAB,50365,10,43729,,,OWNER OCCUPIED,,-84.5491981426876,39.2051437177611,,COLLEGE HILL,COLLEGE HILL,
ACCESS41,415 BOND PL,11/21/2013 12:00:00 AM,REHAB,,,,,,OWNER OCCUPIED,,-84.4705798617989,39.125188744991,,EAST WALNUT HILLS,EAST WALNUT HILLS,
ACCESS410,2356 PARK AV,06/01/2012 12:00:00 AM,REHAB,51478,10,46701,,,OWNER OCCUPIED,,-84.4858077580877,39.1242841788889,,EAST WALNUT HILLS,WALNUT HILLS,
ACCESS411,1500 CHASE AV,01/30/2013 12:00:00 AM,REHAB,50172.5,10,51973,SILVER,02/01/2013 12:00:00 AM,OWNER OCCUPIED,,-84.536426117004,39.1632215205404,,NORTHSIDE,NORTHSIDE,
ACCESS412,1559 PULLAN AV,11/12/2013 12:00:00 AM,REHAB,50151.5,10,46648,,,OWNER OCCUPIED,,-84.5393676801866,39.1653723470816,,NORTHSIDE,NORTHSIDE,
ACCESS413,4222 DANE AV,01/02/2015 12:00:00 AM,REHAB,49948.5,10,42411,,,OWNER OCCUPIED,,-84.5323637616208,39.1642878817978,,NORTHSIDE,NORTHSIDE,
ACCESS414,2356 PARK AV,10/05/2012 12:00:00 AM,REHAB,51793,10,39919,,,OWNER OCCUPIED,,-84.4858077580877,39.1242841788889,,EAST WALNUT HILLS,WALNUT HILLS,
ACCESS415,3051 SPRINGER AV,12/01/2014 12:00:00 AM,REHAB,49875,10,33685,,,OWNER OCCUPIED,,-84.4280794990985,39.1350699889115,,HYDE PARK,HYDE PARK,
ACCESS416,4733 HASSMAN CT,07/09/2012 12:00:00 AM,NEW,51590,15,60434,CERTIFIED,01/01/2011 12:00:00 AM,OWNER OCCUPIED,,-84.5389298739424,39.1796294200001,,UNIDENTIFIED,NORTHSIDE,
ACCESS417,3222 NASH AV,03/05/2013 12:00:00 AM,REHAB,49542.5,10,54617,,,OWNER OCCUPIED,,-84.4327926577639,39.1256143749098,,MT. LOOKOUT,MOUNT LOOKOUT,
ACCESS418,21 MERCER ST,12/20/2013 12:00:00 AM,REHAB,49500.5,10,43879,,,OWNER OCCUPIED,,-84.5142209152278,39.1103560006822,,OVER-THE-RHINE,OTR,
ACCESS419,4205 FERGUS ST,01/30/2013 12:00:00 AM,REHAB,49490,10,36897,SILVER,02/01/2013 12:00:00 AM,OWNER OCCUPIED,,-84.5364114355625,39.1633669140339,,NORTHSIDE,NORTHSIDE,
ACCESS42,1830 FREEMAN AV,11/04/2013 12:00:00 AM,REHAB,0,0,0,,,RENTAL,,-84.5310893100056,39.1172982715292,,WEST END,WEST END,
ACCESS420,14 FOURTEENTH ST,05/14/2014 12:00:00 AM,REHAB,49252,10,59175,,,OWNER OCCUPIED,,-84.5163961517945,39.1105336039545,,OVER-THE-RHINE,OTR,
ACCESS421,14 FOURTEENTH ST,05/12/2014 12:00:00 AM,REHAB,49252,10,59175,,,OWNER OCCUPIED,,-84.5163961517945,39.1105336039545,,OVER-THE-RHINE,OTR,
ACCESS422,6636 CORBLY RD,09/30/2014 12:00:00 AM,NEW,49203,10,67320,,,OWNER OCCUPIED,,-84.3729875744817,39.0952155219363,,MT. WASHINGTON,MOUNT WASHINGTON,
ACCESS423,226 ROCHELLE ST,02/26/2013 12:00:00 AM,REHAB,49143.5,10,43029,,,OWNER OCCUPIED,,-84.504354194306,39.1340922825168,,CORRYVILLE,CORRYVILLE,
ACCESS424,226 ROCHELLE ST,02/26/2013 12:00:00 AM,REHAB,49143.5,10,46823,,,OWNER OCCUPIED,,-84.5055815013346,39.1335333686679,,CORRYVILLE,CORRYVILLE,
ACCESS425,3667 KROGER AV,02/20/2014 12:00:00 AM,REHAB,48835.5,10,77610,,,,,-84.4275989421709,39.1215766490342,,MT. LOOKOUT,MOUNT LOOKOUT,
ACCESS426,2356 PARK AV,01/23/2014 12:00:00 AM,REHAB,48793.5,10,37072,,,OWNER OCCUPIED,,-84.4858077580877,39.1242841788889,,WALNUT HILLS,WALNUT HILLS,
ACCESS427,304 MCFARLAND ST,02/19/2013 12:00:00 AM,REHAB,49707,10,54473,,,OWNER OCCUPIED,,-84.5177675024692,39.0987076336314,,CBD - RIVERFRONT,DOWNTOWN,
ACCESS428,545 DELTA AV,06/10/2013 12:00:00 AM,REHAB,48545,10,53666,,,OWNER OCCUPIED,,-84.437535075532,39.1206528242769,,COLUMBIA TUSCULUM,COLUMBIA TUSCULUM,
ACCESS429,1706 MARTHA AV,10/02/2012 12:00:00 AM,NEW,50396.5,15,60692,CERTIFIED,11/01/2010 12:00:00 AM,OWNER OCCUPIED,,-84.5476053185336,39.1715260119897,,NORTHSIDE,NORTHSIDE,
ACCESS43,3310 WALWORTH AV,02/20/2013 12:00:00 AM,REHAB,,,,,,OWNER OCCUPIED,,-84.4422881490945,39.1185548273007,,EAST END,COLUMBIA TUSCULUM - EAST END,
ACCESS430,1306 MAIN ST,03/21/2014 12:00:00 AM,REHAB,56490,10,0,,,OWNER OCCUPIED,,-84.5116147959704,39.1101469776411,,OVER-THE-RHINE,OTR,
ACCESS431,4132 FERGUS ST,06/27/2013 12:00:00 AM,REHAB,48475,10,44508,,,OWNER OCCUPIED,,-84.5360798896886,39.1626064285973,,NORTHSIDE,NORTHSIDE,
ACCESS432,1887 LANGDON FARM RD,03/02/2012 12:00:00 AM,NEW,48174,10,36095,,,OWNER OCCUPIED,,-84.4609808298906,39.1821375723427,,BOND HILL,BOND HILL,
ACCESS433,23 MERCER ST,01/09/2014 12:00:00 AM,REHAB,48100.5,10,53347,,,OWNER OCCUPIED,,-84.5142209152278,39.1103560006822,,OVER-THE-RHINE,OTR,
ACCESS434,14 FOURTEENTH ST,06/27/2014 12:00:00 AM,REHAB,47855.5,10,38587,,,OWNER OCCUPIED,,-84.5163961517945,39.1105336039545,,OVER-THE-RHINE,OTR,
ACCESS435,3002 EUCLID AV,09/26/2013 12:00:00 AM,NEW,47680.5,10,36332,,,RENTAL,,-84.5069694680857,39.1341965291784,,CORRYVILLE,CORRYVILLE,
ACCESS436,1515 CHASE AV,07/18/2012 12:00:00 AM,REHAB,47600,10,54592,,,RENTAL,,-84.5370626039421,39.1628692098863,,NORTHSIDE,NORTHSIDE,
ACCESS437,1519 CHASE AV,04/13/2012 12:00:00 AM,REHAB,47474,10,46842,,,OWNER OCCUPIED,,-84.5371957547266,39.1628780158168,,NORTHSIDE,NORTHSIDE,
ACCESS438,1548 PULLAN AV,03/20/2014 12:00:00 AM,REHAB,47323.5,10,47788,,,OWNER OCCUPIED,,-84.5387758277918,39.1659059170426,,NORTHSIDE,NORTHSIDE,
ACCESS439,2356 PARK AV,08/21/2012 12:00:00 AM,REHAB,47173,10,38966,,,OWNER OCCUPIED,,-84.4858077580877,39.1242841788889,,WALNUT HILLS,WALNUT HILLS,
ACCESS44,3311 CAVANAUGH AV,04/04/2013 12:00:00 AM,REHAB,,,,,,RENTAL,,-84.57280336459291,39.1430556012608,,WESTWOOD,WESTWOOD,
ACCESS440,2356 PARK AV,04/01/2013 12:00:00 AM,REHAB,47173,10,39073,,,OWNER OCCUPIED,,-84.4858077580877,39.1242841788889,,WALNUT HILLS,WALNUT HILLS,
ACCESS441,5960 RHODE ISLAND AV,05/03/2013 12:00:00 AM,NEW,63175,15,49783,,,OWNER OCCUPIED,,-84.4583276666834,39.1838195147872,,BOND HILL,BOND HILL,
ACCESS442,4309 THIRTY-THIRD AV,01/23/2013 12:00:00 AM,REHAB,46833.5,10,43619,,,OWNER OCCUPIED,,-84.4345011172222,39.1549786218715,,OAKLEY,OAKLEY,
ACCESS443,1421 RACE ST,07/16/2013 12:00:00 AM,REHAB,46686.5,10,77438,,,OWNER OCCUPIED,,-84.5174638825445,39.1111373347226,,OVER-THE-RHINE,OTR,
ACCESS444,1704 MARTHA AV,07/16/2013 12:00:00 AM,NEW,46662,10,40856,,,OWNER OCCUPIED,,-84.5474294640495,39.1715155761495,,NORTHSIDE,NORTHSIDE,
ACCESS445,1326 VINE ST,02/15/2012 12:00:00 AM,NEW,48335,10,84806,,,OWNER OCCUPIED,,-84.5150496463194,39.1106016615879,,OVER-THE-RHINE,OTR,
ACCESS446,2926 EDEN AV,01/22/2015 12:00:00 AM,NEW,46207,10,49046,,,OWNER OCCUPIED,,-84.5055815013346,39.1335333686381,,CORRYVILLE,N/A,
ACCESS447,2866 MARKBREIT AV,03/11/2013 12:00:00 AM,REHAB,46042.5,10,43238,,,RENTAL,,-84.4363554506001,39.1521169066886,,OAKLEY,OAKLEY,
ACCESS448,6250 ORCHARD LN,04/23/2012 12:00:00 AM,REHAB,46028.5,10,50870,,,OWNER OCCUPIED,,-84.4197482248257,39.1889359611647,,KENNEDY HEIGHTS,KENNEDY HEIGHTS,
ACCESS449,2857 MARKBREIT AV,10/24/2013 12:00:00 AM,REHAB,46025,10,52309,,,OWNER OCCUPIED,,-84.4369256741809,39.1515948442212,,OAKLEY,OAKLEY,
ACCESS45,1822 DALEWOOD PL,04/04/2013 12:00:00 AM,REHAB,0,0,0,,,RENTAL,,-84.4640060913396,39.1763135892293,,BOND HILL,BOND HILL,
ACCESS450,4727 HASSMAN CT,08/02/2012 12:00:00 AM,NEW,46987.5,10,68426,,,OWNER OCCUPIED,,-84.5389510223966,39.1791592991628,,NORTHSIDE,NORTHSIDE,
ACCESS451,1421 RACE ST,08/14/2013 12:00:00 AM,REHAB,45717,10,57465,,,OWNER OCCUPIED,,-84.5174638825445,39.1111373347226,,OVER-THE-RHINE,OTR,
ACCESS452,2356 PARK AV,04/01/2013 12:00:00 AM,REHAB,45493,10,36615,,,OWNER OCCUPIED,,-84.4858077580877,39.1242841788889,,WALNUT HILLS,WALNUT HILLS,
ACCESS453,448 DELTA AV,01/23/2013 12:00:00 AM,REHAB,45290,10,23432,,,OWNER OCCUPIED,,-84.4378390784,39.1188452548248,,COLUMBIA TUSCULUM,COLUMBIA TUSCULUM,
ACCESS454,713 EZZARD CHARLES DR,01/07/2014 12:00:00 AM,NEW,50942.5,10,38319,,,OWNER OCCUPIED,,-84.5259077139819,39.1089212664661,,WEST END,WEST END,
ACCESS455,2356 PARK AV,01/23/2014 12:00:00 AM,REHAB,44943.5,10,39922,,,RENTAL,,-84.4858077580877,39.1242841788889,,WALNUT HILLS,WALNUT HILLS,
ACCESS456,4564 KIRBY AV,01/30/2015 12:00:00 AM,NEW,44824.5,10,42790,,,OWNER OCCUPIED,,-84.5470943818637,39.173076360213,,NORTHSIDE,NORTHSIDE,
ACCESS457,2345 UPLAND PL,10/29/2012 12:00:00 AM,REHAB,45822,10,38762,,,OWNER OCCUPIED,,-84.4827134599253,39.1240176844786,,EAST WALNUT HILLS,EAST WALNUT HILLS,
ACCESS458,1280 MORTEN AV,04/02/2014 12:00:00 AM,REHAB,44800,10,28219,,,OWNER OCCUPIED,,-84.4404573634725,39.1351778054066,,HYDE PARK,HYDE PARK,
ACCESS459,2356 PARK AV,02/06/2012 12:00:00 AM,REHAB,46441.5,10,35441,,,OWNER OCCUPIED,,-84.4858077580877,39.1242841788889,,WALNUT HILLS,WALNUT HILLS,
ACCESS46,1830 RACE ST,03/28/2013 12:00:00 AM,REHAB,,,,,,OWNER OCCUPIED,,-84.5181816011591,39.1164338956475,,OVER-THE-RHINE,OTR,
ACCESS460,2356 PARK AV,12/31/2012 12:00:00 AM,REHAB,44632,10,36778,,,OWNER OCCUPIED,,-84.4858077580877,39.1242841788889,,EAST WALNUT HILLS,WALNUT HILLS,
ACCESS461,1550 ROCKFORD PL,05/29/2012 12:00:00 AM,NEW,44527,10,40585,,,OWNER OCCUPIED,,-84.539215070453,39.1797719729733,,UNIDENTIFIED,NORTHSIDE,
ACCESS462,1868 SUNWALK DR,08/12/2013 12:00:00 AM,NEW,50050,10,30770,,,OWNER OCCUPIED,,-84.4591034744267,39.1846159057497,,BOND HILL,BOND HILL,
ACCESS463,2386 GRANDIN RD,07/03/2012 12:00:00 AM,REHAB,44282,10,87352,,,OWNER OCCUPIED,,-84.4498542452517,39.129257240709,,HYDE PARK,N/A,
ACCESS464,226 ROCHELLE ST,02/26/2013 12:00:00 AM,REHAB,44184,10,46154,,,OWNER OCCUPIED,,-84.5055815013346,39.1335333686679,,CORRYVILLE,CORRYVILLE,
ACCESS465,3525 BURCH AV,11/25/2013 12:00:00 AM,REHAB,44135,10,47085,,,OWNER OCCUPIED,,-84.4474111089475,39.1410730983113,,HYDE PARK,HYDE PARK,
ACCESS466,2356 PARK AV,04/01/2013 12:00:00 AM,REHAB,43813,10,36993,,,OWNER OCCUPIED,,-84.4858077580877,39.1242841788889,,WALNUT HILLS,WALNUT HILLS,
ACCESS467,2356 PARK AV,04/01/2013 12:00:00 AM,REHAB,43813,10,36993,,,OWNER OCCUPIED,,-84.4858077580877,39.1242841788889,,WALNUT HILLS,WALNUT HILLS,
ACCESS468,2356 PARK AV,04/01/2013 12:00:00 AM,REHAB,43813,10,34842,,,OWNER OCCUPIED,,-84.4858077580877,39.1242841788889,,WALNUT HILLS,WALNUT HILLS,
ACCESS469,2356 PARK AV,04/01/2013 12:00:00 AM,REHAB,43813,10,36993,,,OWNER OCCUPIED,,-84.4858077580877,39.1242841788889,,WALNUT HILLS,WALNUT HILLS,
ACCESS47,2542 MOORMAN AV,09/03/2013 12:00:00 AM,REHAB,,,,,,OWNER OCCUPIED,,-84.4762450825653,39.1262658300336,,EAST WALNUT HILLS,EAST WALNUT HILLS,
ACCESS470,814 TWEED AV,03/20/2014 12:00:00 AM,REHAB,43669.5,10,45973,,,OWNER OCCUPIED,,-84.4254840603039,39.1244865884318,,MT. LOOKOUT,MOUNT LOOKOUT,
ACCESS471,115 MULBERRY ST,06/04/2012 12:00:00 AM,REHAB,43470,10,33409,,,OWNER OCCUPIED,,-84.5141799961141,39.1166711246287,,OVER-THE-RHINE,MOUNT AUBURN,
ACCESS472,951 VOLTERRA LN,11/16/2012 12:00:00 AM,NEW,44275,10,72837,,,OWNER OCCUPIED,,-84.4890166431748,39.1212382856281,,WALNUT HILLS,WALNUT HILLS,
ACCESS473,2700 ASHLAND AV,05/11/2012 12:00:00 AM,REHAB,44100,10,35607,,,OWNER OCCUPIED,,-84.4822957179872,39.1287647622099,,UNIDENTIFIED,EAST WALNUT HILLS,
ACCESS474,1334 BROADWAY,10/04/2012 12:00:00 AM,REHAB,43057,10,47215,,,OWNER OCCUPIED,,-84.5084804611749,39.1116184897081,,OVER-THE-RHINE,PENDLETON,
ACCESS475,4129 MAPLE DR,12/05/2013 12:00:00 AM,REHAB,43015,10,44045,,,OWNER OCCUPIED,,-84.4222245795801,39.1529043781932,,OAKLEY,OAKLEY,
ACCESS476,21 MERCER ST,12/20/2013 12:00:00 AM,REHAB,42500.5,10,54053,,,OWNER OCCUPIED,,-84.5142209152278,39.1103560006822,,OVER-THE-RHINE,OTR,
ACCESS477,3422 PAXTON AV,08/21/2012 12:00:00 AM,REHAB,43410.5,10,42759,,,OWNER OCCUPIED,,-84.4335088969045,39.1376744171117,,HYDE PARK,HYDE PARK,
ACCESS478,2700 ASHLAND AV,07/05/2012 12:00:00 AM,REHAB,43400,10,34569,,,OWNER OCCUPIED,,-84.4822957179872,39.1287647622099,,UNIDENTIFIED,EAST WALNUT HILLS,
ACCESS479,2700 ASHLAND AV,03/11/2014 12:00:00 AM,REHAB,42000,10,30479,,,OWNER OCCUPIED,,-84.4822957179872,39.1287647622099,,WALNUT HILLS,EAST WALNUT HILLS,
ACCESS48,146 WOOLPER AV,02/14/2013 12:00:00 AM,REHAB,0,0,0,,,RENTAL,,-84.5132470527028,39.1502568295186,,CLIFTON,CLIFTON,
ACCESS480,121 NINTH ST,06/15/2012 12:00:00 AM,REHAB,42910,10,84806,,,OWNER OCCUPIED,,-84.5163202089861,39.1047754524959,,CBD - RIVERFRONT,WEST END,
ACCESS481,990 RICHWOOD CR,12/19/2013 12:00:00 AM,REHAB,41884.5,10,64063,,,OWNER OCCUPIED,,-84.4168593157715,39.1236101779351,,MT. LOOKOUT,MOUNT LOOKOUT,
ACCESS482,1421 RACE ST,07/10/2013 12:00:00 AM,REHAB,41783,10,51332,,,OWNER OCCUPIED,,-84.5174638825445,39.1111373347226,,OVER-THE-RHINE,OTR,
ACCESS483,4732 HASSMAN CT,05/30/2013 12:00:00 AM,NEW,42185.5,10,54716,,,OWNER OCCUPIED,,-84.5383632109485,39.1795028273408,,NORTHSIDE,NORTHSIDE,
ACCESS484,1229 PAXTON AV,02/01/2012 12:00:00 AM,REHAB,42000,10,34755,,,OWNER OCCUPIED,,-84.4346416606834,39.1344590701022,,HYDE PARK,HYDE PARK,
ACCESS485,2700 ASHLAND AV,07/07/2014 12:00:00 AM,REHAB,42000,10,34569,,,OWNER OCCUPIED,,-84.4822957179872,39.1287647622099,,WALNUT HILLS,EAST WALNUT HILLS,
ACCESS486,104 NINTH ST,05/29/2012 12:00:00 AM,REHAB,42560,10,37704,,,OWNER OCCUPIED,,-84.5159754514204,39.105244611472,,UNIDENTIFIED,DOWNTOWN,
ACCESS487,3357 ARROW AV,10/31/2013 12:00:00 AM,REHAB,40936,10,32971,,,OWNER OCCUPIED,,-84.42170516043271,39.1823254129127,,PLEASANT RIDGE,PLEASANT RIDGE,
ACCESS488,14 FOURTEENTH ST,05/21/2014 12:00:00 AM,REHAB,40852,10,38133,,,OWNER OCCUPIED,,-84.5163961517945,39.1105336039545,,OVER-THE-RHINE,OTR,
ACCESS489,6169 RIDGE AV,12/26/2013 12:00:00 AM,REHAB,40845,10,34721,,,OWNER OCCUPIED,,-84.4277465001317,39.1846991549181,,PLEASANT RIDGE,PLEASANT RIDGE,
ACCESS49,1613 NEILSON PL,10/22/2013 12:00:00 AM,REHAB,0,0,0,,,OWNER OCCUPIED,,-84.4755422625485,39.1332705041029,,EVANSTON - EAST WALNUT HILLS,EVANSTON,
ACCESS490,5446 GRAFTON LN,02/28/2012 12:00:00 AM,NEW,41345.5,10,27378,,,OWNER OCCUPIED,,-84.4611039995338,39.1817859494172,,BOND HILL,BOND HILL,
ACCESS491,1851 SUNWALK DR,09/05/2013 12:00:00 AM,NEW,46830,15,32761,,,OWNER OCCUPIED,,-84.4599883028448,39.1846755651757,,BOND HILL,BOND HILL,
ACCESS492,2861 MARKBREIT AV,12/05/2013 12:00:00 AM,REHAB,40197.5,10,44720,,,OWNER OCCUPIED,,-84.43665698127532,39.1515775976359,,OAKLEY,OAKLEY,
ACCESS493,3819 DRAKE AV,05/19/2014 12:00:00 AM,REHAB,39984,10,60646,,,OWNER OCCUPIED,,-84.4357240508375,39.1482446370737,,OAKLEY,OAKLEY,
ACCESS494,1891 LANGDON FARM RD,03/26/2012 12:00:00 AM,NEW,41517,10,47271,,,OWNER OCCUPIED,,-84.4608391880111,39.1820664192982,,UNIDENTIFIED,BOND HILL,
ACCESS495,1014 ACADEMY AV,03/21/2012 12:00:00 AM,REHAB,40841.5,10,30795,,,OWNER OCCUPIED,,-84.57839331178542,39.1103012279538,,WEST PRICE HILL,WEST PRICE HILL,
ACCESS496,840 SUIRE AV,03/20/2013 12:00:00 AM,REHAB,39900,10,40300,,,OWNER OCCUPIED,,-84.5812480150315,39.1082504739889,,WEST PRICE HILL,WEST PRICE HILL,
ACCESS497,504 EZZARD CHARLES DR,03/28/2012 12:00:00 AM,NEW,44999.5,10,0,,,OWNER OCCUPIED,,-84.523547260919,39.1093417361092,,UNIDENTIFIED,WEST END,
ACCESS498,1421 RACE ST,07/09/2013 12:00:00 AM,REHAB,39767,10,42863,,,OWNER OCCUPIED,,-84.5174638825445,39.1111373347226,,OVER-THE-RHINE,OTR,
ACCESS499,5906 HAVENWOOD CT,02/21/2012 12:00:00 AM,NEW,41125,10,31569,,,OWNER OCCUPIED,,-84.4607126761155,39.183776518364,,BOND HILL,BOND HILL,
ACCESS5,1318 RYLAND AV,02/14/2012 12:00:00 AM,REHAB,,,,,,OWNER OCCUPIED,,-84.4750506636953,39.1787646073791,,BOND HILL,BOND HILL,
ACCESS50,309 OREGON ST,12/11/2013 12:00:00 AM,NEW,0,0,0,,,OWNER OCCUPIED,,-84.4981905609199,39.1047754430348,,MT. ADAMS,MOUNT ADAMS,
ACCESS500,3720 DRAKE AV,11/02/2012 12:00:00 AM,REHAB,39462.5,10,43281,,,OWNER OCCUPIED,,-84.4351224682408,39.145155870576,,OAKLEY,OAKLEY,
ACCESS501,2812 ROSELLA AV,01/23/2012 12:00:00 AM,NEW,40862.5,15,110598,CERTIFIED,06/01/2012 12:00:00 AM,OWNER OCCUPIED,,-84.4390241026545,39.1443052967252,,HYDE PARK,HYDE PARK,
ACCESS502,4128 WITLER ST,08/20/2013 12:00:00 AM,NEW,39319,10,35480,,,OWNER OCCUPIED,,-84.544924776374,39.1620704339578,,NORTHSIDE,NORTHSIDE,
ACCESS503,14 FOURTEENTH ST,05/01/2014 12:00:00 AM,REHAB,38752,10,38133,,,OWNER OCCUPIED,,-84.5163961517945,39.1105336039545,,OVER-THE-RHINE,OTR,
ACCESS504,1326 VINE ST,02/06/2012 12:00:00 AM,REHAB,40113.5,10,61504,,,OWNER OCCUPIED,,-84.5150496463194,39.1106016615879,,OVER-THE-RHINE,OTR,
ACCESS505,4126 WITLER ST,08/20/2013 12:00:00 AM,REHAB,38367,10,46817,,,OWNER OCCUPIED,,-84.5449630347139,39.1619752113117,,NORTHSIDE,NORTHSIDE,
ACCESS506,4207 MAD ANTHONY ST,10/17/2013 12:00:00 AM,REHAB,38139.5,10,32379,,,OWNER OCCUPIED,,-84.5357475350561,39.1634277175394,,NORTHSIDE,NORTHSIDE,
ACCESS507,105 UNIVERSITY AV,01/17/2013 12:00:00 AM,REHAB,38038,10,31111,,,RENTAL,,-84.5073142967521,39.132536976104,,CORRYVILLE,CORRYVILLE,
ACCESS508,705 EZZARD CHARLES DR,04/03/2012 12:00:00 AM,NEW,50942.5,10,0,,,OWNER OCCUPIED,,-84.5257165202219,39.1088837101064,,UNIDENTIFIED,WEST END,
ACCESS509,4132 WITLER ST,08/20/2013 12:00:00 AM,REHAB,37488.5,10,28806,,,OWNER OCCUPIED,,-84.5448892808602,39.1621590015033,,NORTHSIDE,NORTHSIDE,
ACCESS51,3730 HYDE PARK AV,09/20/2013 12:00:00 AM,REHAB,,,,,,OWNER OCCUPIED,,-84.4366637110436,39.1455865701774,,OAKLEY,OAKLEY,
ACCESS510,2356 PARK AV,03/14/2014 12:00:00 AM,REHAB,42210,10,31693,,,OWNER OCCUPIED,,-84.4858077580877,39.1242841788889,,WALNUT HILLS,WALNUT HILLS,
ACCESS511,477 SUTTON RD,05/08/2012 12:00:00 AM,NEW,38706.5,10,76611,,,OWNER OCCUPIED,,-84.410577793797,39.0625335166024,,CALIFORNIA,CALIFORNIA,
ACCESS512,1421 RACE ST,07/11/2013 12:00:00 AM,REHAB,37236.5,10,39956,,,OWNER OCCUPIED,,-84.5174638825445,39.1111373347226,,OVER-THE-RHINE,OTR,
ACCESS513,777 SUMMIT AV,09/11/2012 12:00:00 AM,REHAB,37107,10,26810,,,OWNER OCCUPIED,,-84.5593741817588,39.1052488007984,,EAST PRICE HILL,EAST PRICE HILL,
ACCESS514,4122 LANGLAND ST,10/18/2012 12:00:00 AM,REHAB,37012.5,10,31749,,,OWNER OCCUPIED,,-84.5380240236148,39.1616744368988,,NORTHSIDE,NORTHSIDE,
ACCESS515,2415 BLUFFCREST LN,02/03/2012 12:00:00 AM,NEW,37800,10,27688,,,OWNER OCCUPIED,,-84.5821242493574,39.1295467163881,,WEST PRICE HILL,WESTWOOD,
ACCESS516,226 ROCHELLE ST,02/26/2013 12:00:00 AM,REHAB,36652,10,28394,,,OWNER OCCUPIED,,-84.5055815013346,39.1335333686679,,CORRYVILLE,CORRYVILLE,
ACCESS517,226 ROCHELLE ST,02/26/2013 12:00:00 AM,REHAB,36652,10,27846,,,OWNER OCCUPIED,,-84.5055815013346,39.1335333686679,,CORRYVILLE,CORRYVILLE,
ACCESS518,2576 PERKINS LN,12/11/2012 12:00:00 AM,REHAB,36627.5,10,33578,,,OWNER OCCUPIED,,-84.4468960548086,39.1365465092018,,HYDE PARK,HYDE PARK,
ACCESS519,1777 MCMILLAN AV,09/17/2012 12:00:00 AM,REHAB,37317,10,32915,,,OWNER OCCUPIED,,-84.4721591040858,39.125572955709,,EAST WALNUT HILLS,EAST WALNUT HILLS,
ACCESS52,24 THIRTEENTH ST,12/23/2013 12:00:00 AM,REHAB,0,0,0,,,OWNER OCCUPIED,,-84.5162274019009,39.1094525343741,,OVER-THE-RHINE,OTR,
ACCESS520,1875 SUNWALK DR,01/13/2014 12:00:00 AM,NEW,36463,10,27575,,,OWNER OCCUPIED,,-84.4593593630354,39.1842905413848,,BOND HILL,BOND HILL,
ACCESS521,2356 PARK AV,12/31/2012 12:00:00 AM,REHAB,36312.5,10,44308,,,OWNER OCCUPIED,,-84.4858077580877,39.1242841788889,,EAST WALNUT HILLS,WALNUT HILLS,
ACCESS522,2356 PARK AV,12/31/2012 12:00:00 AM,REHAB,36312.5,10,41740,,,OWNER OCCUPIED,,-84.4858077580877,39.1242841788889,,EAST WALNUT HILLS,WALNUT HILLS,
ACCESS523,2356 PARK AV,12/31/2012 12:00:00 AM,REHAB,36312.5,10,26881,,,OWNER OCCUPIED,,-84.4858077580877,39.1242841788889,,EAST WALNUT HILLS,WALNUT HILLS,
ACCESS524,2356 PARK AV,12/31/2012 12:00:00 AM,REHAB,36312.5,10,27211,,,OWNER OCCUPIED,,-84.4858077580877,39.1242841788889,,EAST WALNUT HILLS,WALNUT HILLS,
ACCESS525,2356 PARK AV,12/31/2012 12:00:00 AM,REHAB,36312.5,10,29139,,,OWNER OCCUPIED,,-84.4858077580877,39.1242841788889,,EAST WALNUT HILLS,WALNUT HILLS,
ACCESS526,2773 MINOT AV,02/07/2012 12:00:00 AM,REHAB,37100,10,39965,,,OWNER OCCUPIED,,-84.4387597742037,39.1526252642875,,OAKLEY,OAKLEY,
ACCESS527,6114 PRENTICE ST,01/10/2014 12:00:00 AM,NEW,36043,10,31574,,,OWNER OCCUPIED,,-84.39006046056211,39.1596791861299,,MADISONVILLE,MADISONVILLE,
ACCESS528,3615 MARBURG AV,06/12/2012 12:00:00 AM,REHAB,37418.5,10,31540,,,RENTAL,,-84.42256219614,39.1419296151898,,HYDE PARK,HYDE PARK,
ACCESS529,1709 CHASE AV,01/09/2012 12:00:00 AM,REHAB,36750,10,25027,,,OWNER OCCUPIED,,-84.54422909495351,39.1634638144488,,NORTHSIDE,NORTHSIDE,
ACCESS53,3618 MICHIGAN AV,12/18/2013 12:00:00 AM,REHAB,0,0,0,,,OWNER OCCUPIED,,-84.4409472681021,39.1431725694534,,HYDE PARK,HYDE PARK,
ACCESS530,837 TWEED AV,01/11/2013 12:00:00 AM,REHAB,35847,10,29616,,,OWNER OCCUPIED,,-84.4260419170883,39.125146342912,,MT. LOOKOUT,MOUNT LOOKOUT,
ACCESS531,3425 BERRY AV,11/13/2012 12:00:00 AM,REHAB,37212,10,0,,,RENTAL,,-84.4502116624667,39.1387225321371,,HYDE PARK,HYDE PARK,
ACCESS532,3668 GRANDIN RD,03/07/2012 12:00:00 AM,REHAB,47176.5,10,0,,,OWNER OCCUPIED,,-84.429253924673,39.1207170093099,,COLUMBIA TUSCULUM,N/A,
ACCESS533,1224 REGENT AV,01/17/2013 12:00:00 AM,NEW,36312.5,10,39553,,,OWNER OCCUPIED,,-84.4764445488028,39.1771671342655,,BOND HILL,BOND HILL,
ACCESS534,1226 REGENT AV,03/05/2013 12:00:00 AM,NEW,36312.5,10,37224,,,OWNER OCCUPIED,,-84.4762673095831,39.1771649597495,,BOND HILL,BOND HILL,
ACCESS535,1215 HERSCHEL AV,02/13/2013 12:00:00 AM,REHAB,35497,10,31103,,,OWNER OCCUPIED,,-84.4231555497842,39.1301321226727,,MT. LOOKOUT,MOUNT LOOKOUT,
ACCESS536,116 14TH ST,09/18/2014 12:00:00 AM,REHAB,36169,10,21166,CERTIFIED,07/01/2013 12:00:00 AM,OWNER OCCUPIED,,-84.5179003733706,39.1104066975055,,OVER-THE-RHINE,OTR,
ACCESS537,5330 OWASCO ST,01/22/2013 12:00:00 AM,NEW,35094.5,10,27948,,,OWNER OCCUPIED,,-84.3902362305066,39.1645111171233,,MADISONVILLE,MADISONVILLE,
ACCESS538,4154 MAD ANTHONY ST,04/09/2012 12:00:00 AM,REHAB,39529,10,0,,,OWNER OCCUPIED,,-84.53511130001961,39.1618019780657,,NORTHSIDE,NORTHSIDE,
ACCESS539,701 GLENWOOD AV,08/22/2012 12:00:00 AM,REHAB,35035,10,21138,,,OWNER OCCUPIED,,-84.4903521434515,39.1475606337321,,AVONDALE,AVONDALE,
ACCESS54,1287 MAYLAND DR,05/30/2013 12:00:00 AM,REHAB,,,,,,OWNER OCCUPIED,,-84.3856570881092,39.0765838350592,,MT. WASHINGTON,MOUNT WASHINGTON,
ACCESS540,235 FOSDICK ST,05/30/2014 12:00:00 AM,REHAB,34695.5,10,39795,,,RENTAL,,-84.5039394981135,39.131581339247,,CORRYVILLE,CORRYVILLE,
ACCESS541,6462 WELTON ST,06/28/2012 12:00:00 AM,REHAB,34538,10,36208,,,RENTAL,,-84.418451935994,39.1924693838418,,KENNEDY HEIGHTS,KENNEDY HEIGHTS,
ACCESS542,2637 GROVER HILL AV,04/29/2013 12:00:00 AM,NEW,34415.5,10,29745,,,OWNER OCCUPIED,,-84.4404891164133,39.1743251350112,,PLEASANT RIDGE,PLEASANT RIDGE,
ACCESS543,2656 BELLEVUE AV,06/23/2014 12:00:00 AM,REHAB,35087.5,10,67879,,,OWNER OCCUPIED,,-84.5040415487162,39.1304291149783,,CORRYVILLE,CORRYVILLE,
ACCESS544,1629 ARGYLE PL,09/18/2012 12:00:00 AM,REHAB,34093.5,10,39101,,,RENTAL,,-84.54327012428222,39.1677534075481,,NORTHSIDE,NORTHSIDE,
ACCESS545,1142 CEDAR AV,02/10/2014 12:00:00 AM,NEW,33838,10,36753,,,OWNER OCCUPIED,,-84.5373912922574,39.1981521402234,,COLLEGE HILL,COLLEGE HILL,
ACCESS546,3440 BERRY AV,02/18/2014 12:00:00 AM,REHAB,33761,10,47726,,,OWNER OCCUPIED,,-84.4493734160831,39.1392179545253,,HYDE PARK,HYDE PARK,
ACCESS547,619 RIDDLE RD,05/19/2012 12:00:00 AM,REHAB,34937,10,46433,,,RENTAL,,-84.5272067008141,39.1355644139084,,UNIVERSITY HEIGHTS,CUF,
ACCESS548,3347 WOODBURN AV,10/19/2012 12:00:00 AM,REHAB,33505.5,10,31331,,,OWNER OCCUPIED,,-84.47592801244832,39.139752842961,,EVANSTON,EVANSTON,
ACCESS549,2911 SIDNEY AV,02/14/2012 12:00:00 AM,NEW,38199,10,0,,,OWNER OCCUPIED,,-84.5351979112234,39.1352905931604,,CAMP WASHINGTON,CAMP WASHINGTON,
ACCESS55,3301 WILEY LN,01/12/2015 12:00:00 AM,REHAB,5901,10,23740,,,OWNER OCCUPIED,,-84.4251696402655,39.1300319677844,,MT. LOOKOUT,MOUNT LOOKOUT,
ACCESS550,1000 CATAWBA VALLEY RD,03/05/2014 12:00:00 AM,REHAB,33120.5,5,0,,,OWNER OCCUPIED,,-84.4239713442171,39.117540527329,,MT. LOOKOUT,MOUNT LOOKOUT,
ACCESS551,1335 REGENT AV,02/06/2015 12:00:00 AM,REHAB,33113.5,10,25281,,,OWNER OCCUPIED,,-84.4740303659723,39.1766666743487,,BOND HILL,BOND HILL,
ACCESS552,3925 SPRING GROVE AV,09/21/2012 12:00:00 AM,REHAB,32903.5,10,49371,GOLD,07/11/2011 12:00:00 AM,OWNER OCCUPIED,,-84.540471329756,39.1575385830822,,NORTHSIDE,NORTHSIDE,
ACCESS553,1032 ST GREGORY ST,09/20/2012 12:00:00 AM,REHAB,32781,10,24646,,,OWNER OCCUPIED,,-84.4972360269181,39.107061198527,,MT. ADAMS,MOUNT ADAMS,
ACCESS554,233 FOSDICK ST,08/13/2014 12:00:00 AM,REHAB,32602.5,10,36242,,,RENTAL,,-84.5041168903048,39.131593042533,,CORRYVILLE,CORRYVILLE,
ACCESS555,2829 PRESTON AV,10/04/2013 12:00:00 AM,NEW,32182.5,10,26263,,,OWNER OCCUPIED,,-84.4833267824316,39.1306225259777,,WALNUT HILLS,WALNUT HILLS,
ACCESS556,5988 WANDERLING LN,04/12/2012 12:00:00 AM,NEW,32875.5,10,26150,,,OWNER OCCUPIED,,-84.4587424996941,39.184824769123,,UNIDENTIFIED,BOND HILL,
ACCESS557,273 MCCORMICK PL,05/29/2012 12:00:00 AM,NEW,32840.5,10,24716,,,OWNER OCCUPIED,,-84.5048046363952,39.1244162515028,,MT. AUBURN,MOUNT AUBURN,
ACCESS558,1011 DAYTON ST,11/04/2013 12:00:00 AM,REHAB,32098.5,10,36358,,,RENTAL,,-84.5318656329759,39.1182009297535,,WEST END,WEST END,
ACCESS559,3419 BERRY AV,04/20/2012 12:00:00 AM,REHAB,33061,10,76484,,,OWNER OCCUPIED,,-84.4502386875322,39.1384487528289,,HYDE PARK,HYDE PARK,
ACCESS56,15 GARDEN PL,04/11/2013 12:00:00 AM,NEW,486409,10,411272,PLATINUM,03/01/2013 12:00:00 AM,OWNER OCCUPIED,,-84.4602196716085,39.1390226740603,,HYDE PARK,HYDE PARK,
ACCESS560,3462 AULT VIEW AV,11/14/2012 12:00:00 AM,REHAB,31685.5,10,18375,,,OWNER OCCUPIED,,-84.4188800749417,39.1373133940634,,MT. LOOKOUT,MOUNT LOOKOUT,
ACCESS561,931 NASSAU ST,06/09/2014 12:00:00 AM,REHAB,31570,10,55439,,,RENTAL,,-84.4919398635169,39.1203293371832,,WALNUT HILLS,WALNUT HILLS,
ACCESS562,225 MAGNOLIA ST,10/18/2013 12:00:00 AM,REHAB,31381,10,26610,,,RENTAL,,-84.5196448914359,39.1104285166542,,OVER-THE-RHINE,OTR,
ACCESS563,3029 LAVINIA AV,05/29/2012 12:00:00 AM,NEW,32025,10,51527,SILVER,04/01/2013 12:00:00 AM,OWNER OCCUPIED,,-84.4604911972737,39.1338381901908,,EVANSTON - EAST WALNUT HILLS,HYDE PARK,
ACCESS564,3029 LAVINIA AV,03/15/2012 12:00:00 AM,NEW,32025,10,51527,,,OWNER OCCUPIED,,-84.4604943911932,39.1337695296557,,EVANSTON - EAST WALNUT HILLS,HYDE PARK,
ACCESS565,6016 MONTICELLO AV,03/14/2012 12:00:00 AM,REHAB,32350.5,10,18790,,,OWNER OCCUPIED,,-84.5609909293404,39.2004536171807,,COLLEGE HILL,COLLEGE HILL,
ACCESS566,3967 ARDMORE AV,01/12/2012 12:00:00 AM,REHAB,32242,10,27770,,,OWNER OCCUPIED,,-84.4914541691409,39.1586826787359,,NORTH AVONDALE,NORTH AVONDALE,
ACCESS567,1433 CHASE AV,02/19/2013 12:00:00 AM,REHAB,31430,10,25151,,,OWNER OCCUPIED,,-84.5362097678988,39.16284848603,,NORTHSIDE,NORTHSIDE,
ACCESS568,2805 LINWOOD AV,10/10/2014 12:00:00 AM,REHAB,31160.5,10,47378,,,OWNER OCCUPIED,,-84.43977011076461,39.1369538032883,,HYDE PARK,HYDE PARK,
ACCESS569,1324 APJONES ST,01/02/2014 12:00:00 AM,REHAB,30415,10,18474,,,OWNER OCCUPIED,,-84.5339740333827,39.1652841661893,,NORTHSIDE,NORTHSIDE,
ACCESS57,1112 CARNEY ST,03/08/2013 12:00:00 AM,NEW,469812,15,562511,PLATINUM,10/01/2012 12:00:00 AM,OWNER OCCUPIED,,-84.495193906435,39.1079583710563,,MT. ADAMS,MOUNT ADAMS,
ACCESS570,3647 FYFFE AV,02/06/2012 12:00:00 AM,NEW,31405.5,10,14074,,,OWNER OCCUPIED,,-84.5742376541031,39.1501708158824,,WESTWOOD,WESTWOOD,
ACCESS571,650 DELTA AV,09/18/2013 12:00:00 AM,REHAB,30208.5,10,32680,,,OWNER OCCUPIED,,-84.4342849196701,39.1238042945274,,MT. LOOKOUT,MOUNT LOOKOUT,
ACCESS572,2742 ARBOR AV,02/01/2012 12:00:00 AM,REHAB,30716,10,43489,,,OWNER OCCUPIED,,-84.4408203435897,39.14781069995,,OAKLEY,OAKLEY,
ACCESS573,3311 WESTSIDE AV,11/21/2013 12:00:00 AM,REHAB,29932,10,35994,,,OWNER OCCUPIED,,-84.4459009323757,39.1367101139962,,HYDE PARK,HYDE PARK,
ACCESS574,3925 SPRING GROVE AV,09/21/2012 12:00:00 AM,REHAB,29848,10,44568,GOLD,07/11/2011 12:00:00 AM,OWNER OCCUPIED,,-84.540471329756,39.1575385830822,,NORTHSIDE,NORTHSIDE,
ACCESS575,1903 COLERAIN AV,11/04/2013 12:00:00 AM,REHAB,29767.5,10,8681,,,RENTAL,,-84.533203519132,39.1177760886007,,WEST END,WEST END,
ACCESS576,4179 MAD ANTHONY ST,05/07/2012 12:00:00 AM,REHAB,29998.5,10,24124,,,OWNER OCCUPIED,,-84.5356976990337,39.1626899571827,,NORTHSIDE,NORTHSIDE,
ACCESS577,1302 MEIER AV,12/09/2013 12:00:00 AM,REHAB,29179.5,10,20737,,,OWNER OCCUPIED,,-84.4331481821059,39.134800681175,,HYDE PARK,HYDE PARK,
ACCESS578,5304 RESERVE CR,02/01/2012 12:00:00 AM,NEW,30292.5,10,38339,,,OWNER OCCUPIED,,-84.3964344519304,39.1042692435964,,MT. WASHINGTON,MOUNT WASHINGTON,
ACCESS579,1206 MAIN ST,06/01/2014 12:00:00 AM,REHAB,29578.5,10,50943,,,OWNER OCCUPIED,,-84.5114451094617,39.1094790320017,,OVER-THE-RHINE,OTR,
ACCESS58,5112 SHATTUC AV,09/13/2012 12:00:00 AM,NEW,236565,15,352357,PLATINUM,06/01/2012 12:00:00 AM,OWNER OCCUPIED,,-84.4109307749124,39.1297897602432,,LINWOOD,LINWOOD,
ACCESS580,2515 CHATHAM ST,01/22/2013 12:00:00 AM,NEW,28731.5,10,23178,,,OWNER OCCUPIED,,-84.4921993574213,39.126625424629,,WALNUT HILLS,WALNUT HILLS,
ACCESS581,2513 CHATHAM ST,01/22/2013 12:00:00 AM,NEW,28731.5,10,23178,,,OWNER OCCUPIED,,-84.4922049294866,39.1265761937882,,WALNUT HILLS,WALNUT HILLS,
ACCESS582,1008 YORK ST,03/04/2014 12:00:00 AM,REHAB,28514.5,10,57510,,,RENTAL,,-84.531820938912,39.1176606122475,,WEST END,WEST END,
ACCESS583,2511 CHATHAM ST,01/22/2013 12:00:00 AM,NEW,28409.5,10,23178,,,OWNER OCCUPIED,,-84.4922110559798,39.1265220135553,,WALNUT HILLS,WALNUT HILLS,
ACCESS584,2517 CHATHAM ST,01/22/2013 12:00:00 AM,NEW,28409.5,10,23178,,,OWNER OCCUPIED,,-84.4921931600704,39.1266801259689,,WALNUT HILLS,WALNUT HILLS,
ACCESS585,3139 DURRELL AV,01/06/2014 12:00:00 AM,NEW,28301,10,25236,,,OWNER OCCUPIED,,-84.4787660465157,39.136278114286,,EVANSTON,EVANSTON,
ACCESS586,1433 CHASE AV,08/06/2012 12:00:00 AM,REHAB,28777,10,23681,,,OWNER OCCUPIED,,-84.5362097678988,39.16284848603,,NORTHSIDE,NORTHSIDE,
ACCESS587,4211 ROSE HILL LN,02/08/2013 12:00:00 AM,REHAB,28101.5,10,24177,,,OWNER OCCUPIED,,-84.4892247270615,39.161052640416,,NORTH AVONDALE,NORTH AVONDALE,
ACCESS588,6636 DANTE AV,12/31/2012 12:00:00 AM,REHAB,28525,10,25250,,,OWNER OCCUPIED,,-84.4152572114468,39.189782907873,,KENNEDY HEIGHTS,KENNEDY HEIGHTS,
ACCESS589,3625 TAMARACK AV,10/17/2013 12:00:00 AM,REHAB,27779.5,10,27990,,,OWNER OCCUPIED,,-84.4545109070855,39.1447570788674,,EVANSTON,HYDE PARK,
ACCESS59,1935 RIVERSIDE DR,01/21/2015 12:00:00 AM,NEW,208950,15,252727,SILVER,12/01/2014 12:00:00 AM,OWNER OCCUPIED,,-84.477382968099,39.1202247557874,,EAST END,EAST END,
ACCESS590,5986 WANDERLING LN,01/14/2015 12:00:00 AM,NEW,28728,10,23195,,,OWNER OCCUPIED,,-84.4587424996941,39.184824769123,,UNIDENTIFIED,BOND HILL,
ACCESS591,1741 JESTER ST,04/11/2012 12:00:00 AM,REHAB,27475,10,27073,,,RENTAL,,-84.5461356380581,39.1633675730772,,NORTHSIDE,NORTHSIDE,
ACCESS592,2324 PARK AV,08/20/2012 12:00:00 AM,REHAB,28392,10,30891,,,RENTAL,,-84.4858659049276,39.1237301895799,,WALNUT HILLS,WALNUT HILLS,
ACCESS593,1522 ELM ST,08/31/2012 12:00:00 AM,REHAB,27181,10,36883,CERTIFIED,09/01/2012 12:00:00 AM,OWNER OCCUPIED,,-84.5187515333328,39.1119051966175,,OVER-THE-RHINE,OTR,
ACCESS594,3305 WOODBURN AV,11/07/2012 12:00:00 AM,REHAB,27125,10,20898,,,OWNER OCCUPIED,,-84.4760015120677,39.1382365979257,,EVANSTON,EVANSTON,
ACCESS595,1871 SUNWALK DR,07/11/2014 12:00:00 AM,NEW,27058.5,10,37887,,,OWNER OCCUPIED,,-84.4593593630354,39.1842905413848,,BOND HILL,BOND HILL,
ACCESS596,2304 BOONE ST,06/27/2012 12:00:00 AM,NEW,27989.5,10,19749,,,OWNER OCCUPIED,,-84.4961671696463,39.1227454298986,,WALNUT HILLS,WALNUT HILLS,
ACCESS597,1524 ELM ST,08/31/2012 12:00:00 AM,REHAB,26883.5,10,33767,CERTIFIED,09/01/2012 12:00:00 AM,OWNER OCCUPIED,,-84.5187636417052,39.1119505629769,,OVER-THE-RHINE,OTR,
ACCESS598,272 MOHAWK ST,01/27/2014 12:00:00 AM,NEW,27433,10,27874,,,OWNER OCCUPIED,,-84.5235292171659,39.1206606195629,,OVER-THE-RHINE,OTR,
ACCESS599,2329 MAY ST,06/14/2013 12:00:00 AM,NEW,30709,10,0,,,OWNER OCCUPIED,,-84.4956441844288,39.1236759678319,,WALNUT HILLS,WALNUT HILLS,
ACCESS6,1023 KINGSTON PL,02/09/2012 12:00:00 AM,REHAB,,,,,,OWNER OCCUPIED,,-84.5579983820903,39.1104765917615,,EAST PRICE HILL,EAST PRICE HILL,
ACCESS60,502 BAUM ST,01/13/2015 12:00:00 AM,NEW,208950,15,252727,CERTIFIED,02/01/2015 12:00:00 AM,OWNER OCCUPIED,,-84.5015725009538,39.1058397102757,,UNIDENTIFIED,MOUNT ADAMS,
ACCESS600,2520 GLENWAY AV,02/08/2012 12:00:00 AM,REHAB,27300,10,33474,,,OWNER OCCUPIED,,-84.5540072834292,39.1093421628413,,EAST PRICE HILL,LOWER PRICE HILL,
ACCESS601,6421 DESMOND ST,06/16/2014 12:00:00 AM,NEW,26677,10,32376,,,OWNER OCCUPIED,,-84.3846245607094,39.1617269511137,,MADISONVILLE,MADISONVILLE,
ACCESS602,2324 PARK AV,08/20/2012 12:00:00 AM,REHAB,27629,10,18468,,,RENTAL,,-84.4858659049276,39.1237301895799,,WALNUT HILLS,WALNUT HILLS,
ACCESS603,451 FAIRVIEW PL,03/20/2013 12:00:00 AM,REHAB,26400.5,10,16013,,,OWNER OCCUPIED,,-84.5283356878652,39.1236761743628,,FAIRVIEW - CLIFTON HEIGHTS,CUF,
ACCESS604,3725 HIGH POINT AV,06/04/2013 12:00:00 AM,NEW,26393.5,10,24753,,,OWNER OCCUPIED,,-84.5979288763965,39.1579624310068,,WESTWOOD,WESTWOOD,
ACCESS605,3571 LARKSPUR AV,03/08/2013 12:00:00 AM,REHAB,26327,10,33073,,,OWNER OCCUPIED,,-84.4559124889375,39.1431274644531,,HYDE PARK,HYDE PARK,
ACCESS606,1309 CEDAR AV,02/10/2014 12:00:00 AM,REHAB,25963,10,22080,,,OWNER OCCUPIED,,-84.5414157875283,39.1979421938545,,COLLEGE HILL,COLLEGE HILL,
ACCESS607,1621 KNOWLTON ST,07/05/2012 12:00:00 AM,REHAB,26250,10,13865,,,OWNER OCCUPIED,,-84.5403872770143,39.161510294046,,NORTHSIDE,NORTHSIDE,
ACCESS608,1206 MAIN ST,11/21/2012 12:00:00 AM,REHAB,25665.5,10,23870,,,OWNER OCCUPIED,,-84.5114451094617,39.1094790320017,,OVER-THE-RHINE,OTR,
ACCESS609,2532 FOXCOVE CT,10/22/2012 12:00:00 AM,NEW,26145,10,51053,,,OWNER OCCUPIED,,-84.5785508792163,39.1497950080421,,WESTWOOD,WESTWOOD,
ACCESS61,3815 ERIE AV,12/19/2014 12:00:00 AM,REHAB,208950,10,168484,CERTIFIED,12/01/2014 12:00:00 AM,OWNER OCCUPIED,,-84.4096160322185,39.1479003030214,,UNIDENTIFIED,N/A,
ACCESS610,923 HARRIS AV,09/27/2012 12:00:00 AM,REHAB,25515,10,44421,,,OWNER OCCUPIED,,-84.5808769950447,39.1090618577345,,WEST PRICE HILL,N/A,
ACCESS611,1307 CEDAR AV,02/01/2014 12:00:00 AM,REHAB,25333,10,13126,,,OWNER OCCUPIED,,-84.5412291678316,39.1979251629745,,COLLEGE HILL,COLLEGE HILL,
ACCESS612,442 DELTA AV,09/27/2012 12:00:00 AM,REHAB,25697,10,37535,,,RENTAL,,-84.4380675133378,39.1186473908501,,COLUMBIA TUSCULUM,COLUMBIA TUSCULUM,
ACCESS613,2337 GRANDIN RD,01/24/2014 12:00:00 AM,REHAB,25067,10,75163,,,OWNER OCCUPIED,,-84.4526972470819,39.1281807651964,,HYDE PARK,HYDE PARK,
ACCESS614,2324 PARK AV,07/09/2012 12:00:00 AM,REHAB,26022.5,10,19210,,,OWNER OCCUPIED,,-84.4858659049276,39.1237301895799,,UNIDENTIFIED,WALNUT HILLS,
ACCESS615,2285 LOTH ST,03/21/2013 12:00:00 AM,NEW,25543,15,28790,GOLD,03/01/2012 12:00:00 AM,RENTAL,,-84.5139734785099,39.1231417453883,,MT. AUBURN,MOUNT AUBURN,
ACCESS616,2283 LOTH ST,03/21/2013 12:00:00 AM,NEW,25543,15,30530,GOLD,03/01/2012 12:00:00 AM,RENTAL,,-84.5139949942347,39.1230753351294,,MT. AUBURN,MOUNT AUBURN,
ACCESS617,3732 BOUDINOT AV,01/22/2013 12:00:00 AM,NEW,24865.05,10,18936,,,OWNER OCCUPIED,,-84.6021129637473,39.1583410806009,,WESTWOOD,WESTWOOD,
ACCESS618,4575 INNES AV,03/28/2014 12:00:00 AM,REHAB,24857,10,14079,,,OWNER OCCUPIED,,-84.5452674556131,39.1725764569004,,NORTHSIDE,NORTHSIDE,
ACCESS619,6508 IRIS AV,06/18/2012 12:00:00 AM,REHAB,24622.5,10,23012,,,OWNER OCCUPIED,,-84.4172186933157,39.1889384454156,,KENNEDY HEIGHTS,KENNEDY HEIGHTS,
ACCESS62,1419 RACE ST,06/28/2013 12:00:00 AM,REHAB,202982.5,10,146195,CERTIFIED,04/01/2013 12:00:00 AM,OWNER OCCUPIED,,-84.51743487839352,39.1110216373551,,OVER-THE-RHINE,OTR,
ACCESS620,1262 HERSCHEL AV,06/05/2013 12:00:00 AM,REHAB,25140.5,10,26446,,,OWNER OCCUPIED,,-84.421195305149,39.132337771818,,MT. LOOKOUT,MOUNT LOOKOUT,
ACCESS621,3620 HEDGEROW LN,01/07/2014 12:00:00 AM,REHAB,27681.5,10,0,,,OWNER OCCUPIED,,-84.5230575971065,39.1487527497163,,CLIFTON,CLIFTON,
ACCESS622,1402 KENOVA AV,02/07/2014 12:00:00 AM,NEW,24335.5,10,18268,,,OWNER OCCUPIED,,-84.4665575563388,39.1931993221979,,ROSELAWN,ROSELAWN,
ACCESS623,1654 MARLOWE AV,02/04/2015 12:00:00 AM,REHAB,24311,10,60705,,,OWNER OCCUPIED,,-84.5497468721381,39.200381280753,,COLLEGE HILL,COLLEGE HILL,
ACCESS624,4117 THIRTY-FOURTH ST,01/08/2014 12:00:00 AM,REHAB,24276,10,0,,,OWNER OCCUPIED,,-84.4335000082459,39.1532588076779,,OAKLEY,OAKLEY,
ACCESS625,4169 MAD ANTHONY ST,11/28/2012 12:00:00 AM,REHAB,24111.5,10,30039,,,OWNER OCCUPIED,,-84.5356801356704,39.1623773485382,,NORTHSIDE,NORTHSIDE,
ACCESS626,1528 CHASE AV,07/06/2012 12:00:00 AM,REHAB,24986.5,10,23511,,,OWNER OCCUPIED,,-84.5377810407828,39.1634515939411,,NORTHSIDE,NORTHSIDE,
ACCESS627,3570 HAVEN ST,06/15/2012 12:00:00 AM,NEW,27527.5,10,0,,,OWNER OCCUPIED,,-84.5049864842021,39.147978324281,,AVONDALE,AVONDALE,
ACCESS628,1534 GLEN PARKER AV,12/31/2013 12:00:00 AM,REHAB,23782.5,10,21242,,,RENTAL,,-84.5380391817615,39.170855728549,,NORTHSIDE,NORTHSIDE,
ACCESS629,1230 BATES AV,01/14/2014 12:00:00 AM,REHAB,23800,10,20652,,,OWNER OCCUPIED,,-84.5367218114636,39.1412188047806,,CAMP WASHINGTON,CAMP WASHINGTON,
ACCESS63,3178 VICTORIA AV,12/17/2013 12:00:00 AM,NEW,202860,15,245361,CERTIFIED,11/01/2013 12:00:00 AM,OWNER OCCUPIED,,-84.425228389059,39.1420863439345,,HYDE PARK,HYDE PARK,
ACCESS630,4441 PLAINVILLE RD,03/25/2013 12:00:00 AM,REHAB,26103,10,39101,,,OWNER OCCUPIED,,-84.3807409326631,39.1536120564993,,MADISONVILLE,MADISONVILLE,
ACCESS631,1107 RUTLEDGE AV,07/05/2012 12:00:00 AM,REHAB,23100,10,12756,,,OWNER OCCUPIED,,-84.5879778567576,39.1121499904463,,WEST PRICE HILL,WEST PRICE HILL,
ACCESS632,3289 MONTANA AV,03/19/2013 12:00:00 AM,REHAB,23100,10,15008,,,OWNER OCCUPIED,,-84.6111837451111,39.1489704324828,,WESTWOOD,WESTWOOD,
ACCESS633,3595 RUSSELL AV,02/28/2012 12:00:00 AM,REHAB,23436,10,21166,,,OWNER OCCUPIED,,-84.4145814115629,39.1285604317819,,MT. LOOKOUT,LINWOOD,
ACCESS634,3073 SIDNEY AV,01/14/2014 12:00:00 AM,REHAB,22830.5,10,28295,,,OWNER OCCUPIED,,-84.5366659748014,39.1404420799273,,CAMP WASHINGTON,CAMP WASHINGTON,
ACCESS635,3004 BOUDINOT AV,02/07/2014 12:00:00 AM,REHAB,22785,10,6894,,,OWNER OCCUPIED,,-84.6041911197466,39.1384219093677,,WESTWOOD,WESTWOOD,
ACCESS636,3073 MASSACHUSETTS AV,12/30/2013 12:00:00 AM,REHAB,22767.5,10,19320,,,OWNER OCCUPIED,,-84.5357198107583,39.1400042546277,,CAMP WASHINGTON,CAMP WASHINGTON,
ACCESS637,18 FAR HILLS DR,01/09/2012 12:00:00 AM,REHAB,23107,10,51172,,,OWNER OCCUPIED,,-84.4420844223672,39.1323141661588,,HYDE PARK,HYDE PARK,
ACCESS638,1433 CHASE AV,08/06/2012 12:00:00 AM,REHAB,22900.5,10,14379,,,OWNER OCCUPIED,,-84.5362097678988,39.16284848603,,NORTHSIDE,NORTHSIDE,
ACCESS639,246 OAK ST,10/18/2013 12:00:00 AM,REHAB,21976.5,10,17508,,,RENTAL,,-84.5035574730183,39.1312668005819,,CORRYVILLE,CORRYVILLE,
ACCESS64,1925 RIVERSIDE DR,09/23/2013 12:00:00 AM,NEW,202860,15,235303,CERTIFIED,07/01/2013 12:00:00 AM,OWNER OCCUPIED,,-84.4777662768597,39.1200555307807,,EAST END,EAST END,
ACCESS640,3442 HALLWOOD PL,11/04/2014 12:00:00 AM,NEW,21969.5,10,21081,,,,,-84.4965606815687,39.1415086096687,,AVONDALE,AVONDALE,
ACCESS641,3446 HALLWOOD PL,04/11/2014 12:00:00 AM,NEW,21969.5,10,21081,,,OWNER OCCUPIED,,-84.4965463593928,39.141610965681,,AVONDALE,AVONDALE,
ACCESS642,3438 HALLWOOD PL,04/11/2014 12:00:00 AM,NEW,21969.5,10,21081,,,OWNER OCCUPIED,,-84.4965750037028,39.1414062536538,,AVONDALE,AVONDALE,
ACCESS643,3543 PAXTON AV,05/24/2012 12:00:00 AM,REHAB,21749,10,26534,,,OWNER OCCUPIED,,-84.4342821374901,39.1400216919964,,HYDE PARK,HYDE PARK,
ACCESS644,1003 FISK AV,04/07/2014 12:00:00 AM,REHAB,21000,10,23460,,,OWNER OCCUPIED,,-84.5869000772246,39.1104060641136,,WEST PRICE HILL,WEST PRICE HILL,
ACCESS645,2823 MCKINLEY AV,02/28/2012 12:00:00 AM,REHAB,21476,10,28998,,,OWNER OCCUPIED,,-84.5937413717974,39.1423779161713,,WESTWOOD,WESTWOOD,
ACCESS646,5121 BLAESI ST,02/10/2014 12:00:00 AM,REHAB,20706,10,15564,,,OWNER OCCUPIED,,-84.3825995408992,39.1615998262093,,MADISONVILLE,MADISONVILLE,
ACCESS647,3925 SPRING GROVE AV,09/21/2012 12:00:00 AM,REHAB,20496,10,16588,GOLD,07/11/2011 12:00:00 AM,OWNER OCCUPIED,,-84.540471329756,39.1575385830822,,NORTHSIDE,NORTHSIDE,
ACCESS648,837 YORK ST,03/06/2014 12:00:00 AM,REHAB,20496,10,13241,,,RENTAL,,-84.5283472480855,39.1170408276904,,WEST END,WEST END,
ACCESS649,3116 WALWORTH AV,07/18/2012 12:00:00 AM,REHAB,20650,10,22521,,,OWNER OCCUPIED,,-84.445164529297,39.1202311286534,,EAST END,COLUMBIA TUSCULUM - EAST END,
ACCESS65,1937 RIVERSIDE DR,12/19/2014 12:00:00 AM,NEW,202860,15,245361,SILVER,12/01/2014 12:00:00 AM,OWNER OCCUPIED,,-84.4773063057863,39.1202586009124,,EAST END,EAST END,
ACCESS650,2335 MCMICKEN AV,02/07/2014 12:00:00 AM,REHAB,19649,10,50455,,,OWNER OCCUPIED,,-84.5328396858782,39.1243709721554,,CLIFTON/UNIVERSITY HEIGHTS/FAIRVIEW,CUF,
ACCESS651,801 CONSIDINE AV,04/26/2012 12:00:00 AM,REHAB,20128.5,10,9719,,,OWNER OCCUPIED,,-84.5637436546539,39.1060083197054,,EAST PRICE HILL,EAST PRICE HILL,
ACCESS652,2825 ERIE AV,01/03/2012 12:00:00 AM,REHAB,19869.5,10,12067,,,OWNER OCCUPIED,,-84.43898786710152,39.1389149632821,,HYDE PARK,HYDE PARK,
ACCESS653,1192 CEDAR AV,07/19/2013 12:00:00 AM,REHAB,19442.5,10,8029,,,OWNER OCCUPIED,,-84.5398423228466,39.1983804897788,,COLLEGE HILL,COLLEGE HILL,
ACCESS654,990 BURTON AV,09/05/2012 12:00:00 AM,REHAB,19740,10,31724,,,OWNER OCCUPIED,,-84.4819583911676,39.1495985870203,,AVONDALE,AVONDALE - NORTH AVONDALE,
ACCESS655,1005 FISK AV,06/13/2012 12:00:00 AM,REHAB,18900,10,11325,,,OWNER OCCUPIED,,-84.5868818450622,39.1105193322999,,WEST PRICE HILL,WEST PRICE HILL,
ACCESS656,3922 ODIN AV,08/30/2012 12:00:00 AM,REHAB,19253.5,10,23229,,,OWNER OCCUPIED,,-84.4035019277187,39.1875568704207,,KENNEDY HEIGHTS,KENNEDY HEIGHTS,
ACCESS657,3059 SIDNEY AV,01/09/2012 12:00:00 AM,REHAB,19183.5,10,14850,,,OWNER OCCUPIED,,-84.5366608983616,39.1399225604085,,CAMP WASHINGTON,CAMP WASHINGTON,
ACCESS658,3034 URWILER AV,03/20/2013 12:00:00 AM,REHAB,18406.5,10,11991,,,RENTAL,,-84.601572839582,39.151001516168,,WESTWOOD,WESTWOOD,
ACCESS659,1260 GRACE AV,04/04/2012 12:00:00 AM,REHAB,18858,10,40755,,,OWNER OCCUPIED,,-84.43149695883,39.1339591708564,,HYDE PARK,MOUNT LOOKOUT,
ACCESS66,951 MONASTERY ST,12/29/2014 12:00:00 AM,NEW,206514,15,166939,CERTIFIED,03/01/2014 12:00:00 AM,OWNER OCCUPIED,,-84.5021455459569,39.107156051762,,MT. ADAMS,MOUNT ADAMS,
ACCESS660,1901 GREGORY LN,09/04/2013 12:00:00 AM,REHAB,18147.5,10,7295,,,OWNER OCCUPIED,,-84.4672987413508,39.1314994017287,,EAST WALNUT HILLS,EAST WALNUT HILLS,
ACCESS661,4320 BEECH HILL AV,08/31/2012 12:00:00 AM,REHAB,18049.5,10,24239,,,OWNER OCCUPIED,,-84.53620072967651,39.1666210325864,,NORTHSIDE,NORTHSIDE,
ACCESS662,1543 SPRINGLAWN AV,02/19/2013 12:00:00 AM,REHAB,18000.5,10,20300,,,OWNER OCCUPIED,,-84.5400738070247,39.1754462057986,,NORTHSIDE,NORTHSIDE,
ACCESS663,3601 MADISON RD,12/17/2013 12:00:00 AM,REHAB,17969,10,18550,,,OWNER OCCUPIED,,-84.4201082591098,39.1588079468306,,OAKLEY,OAKLEY,
ACCESS664,6215 MANUEL ST,01/06/2012 12:00:00 AM,REHAB,18165,10,15849,,,OWNER OCCUPIED,,-84.3887859185655,39.1640888789513,,MADISONVILLE,MADISONVILLE,
ACCESS665,5814 DESMOND ST,12/03/2012 12:00:00 AM,REHAB,17682,10,17683,,,OWNER OCCUPIED,,-84.3933305806867,39.1626482828447,,MADISONVILLE,MADISONVILLE,
ACCESS666,1135 CATAWBA VALLEY RD,07/29/2013 12:00:00 AM,REHAB,17563,10,28608,,,OWNER OCCUPIED,,-84.42323073089462,39.1193176853011,,MT. LOOKOUT,MOUNT LOOKOUT,
ACCESS667,4067 EIGHTH ST,09/27/2012 12:00:00 AM,REHAB,17500,10,27572,,,OWNER OCCUPIED,,-84.5854291884552,39.1068123736432,,WEST PRICE HILL,WEST PRICE HILL,
ACCESS668,3040 FAIRFIELD AV,05/09/2012 12:00:00 AM,REHAB,17801,10,26474,,,OWNER OCCUPIED,,-84.4718427053545,39.1331550723646,,EVANSTON - EAST WALNUT HILLS,EAST WALNUT HILLS,
ACCESS669,3778 BROADVIEW DR,12/26/2013 12:00:00 AM,REHAB,17209.5,10,17212,,,OWNER OCCUPIED,,-84.41067706570081,39.1517566744634,,HYDE PARK,HYDE PARK,
ACCESS67,1927 RIVERSIDE DR,05/14/2013 12:00:00 AM,NEW,202860,15,245361,SILVER,09/01/2013 12:00:00 AM,OWNER OCCUPIED,,-84.4776896149033,39.1200893757094,,EAST END,EAST END,
ACCESS670,2281 LOTH ST,12/30/2013 12:00:00 AM,REHAB,19092.5,10,0,,,OWNER OCCUPIED,,-84.5140161803513,39.1230086053217,,MT. AUBURN,MOUNT AUBURN,
ACCESS671,4232 COLERAIN AV,01/06/2014 12:00:00 AM,REHAB,16800,10,11864,,,OWNER OCCUPIED,,-84.5497493148475,39.1630293852965,,NORTHSIDE,NORTHSIDE,
ACCESS672,5324 COLERAIN AV,07/31/2013 12:00:00 AM,REHAB,16716,10,12457,,,OWNER OCCUPIED,,-84.5688356589043,39.1870770346244,,MT. AIRY,MOUNT AIRY,
ACCESS673,3925 SPRING GROVE AV,09/21/2012 12:00:00 AM,REHAB,16670.5,10,26175,GOLD,07/11/2011 12:00:00 AM,OWNER OCCUPIED,,-84.540471329756,39.1575385830822,,NORTHSIDE,NORTHSIDE,
ACCESS674,2413 BLUFFCREST LN,11/10/2014 12:00:00 AM,NEW,17006.5,10,28972,,,OWNER OCCUPIED,,-84.582050486245,39.1294987866932,,WEST PRICE HILL,WESTWOOD,
ACCESS675,334 DONHAM AV,10/24/2012 12:00:00 AM,REHAB,15886.5,10,26356,,,OWNER OCCUPIED,,-84.4344832162666,39.1122224243896,,EAST END,COLUMBIA TUSCULUM,
ACCESS676,5738 ADELPHI ST,12/27/2012 12:00:00 AM,REHAB,15795.5,10,12242,,,OWNER OCCUPIED,,-84.3961040355482,39.1533771377644,,MADISONVILLE,MADISONVILLE,
ACCESS677,838 LINCOLN AV,06/20/2013 12:00:00 AM,REHAB,20475,10,0,,,OWNER OCCUPIED,,-84.4897348321343,39.132489490335,,WALNUT HILLS,WALNUT HILLS,
ACCESS678,4143 WITLER ST,06/07/2013 12:00:00 AM,REHAB,15249.5,10,21172,,,RENTAL,,-84.545264565053,39.162521489123,,NORTHSIDE,NORTHSIDE,
ACCESS679,433 MCDOWELL ST,01/09/2012 12:00:00 AM,REHAB,15708,10,20895,,,OWNER OCCUPIED,,-84.436260077252,39.1171477382937,,COLUMBIA TUSCULUM,COLUMBIA TUSCULUM,
ACCESS68,1012 HATCH ST,07/23/2014 12:00:00 AM,NEW,202860,15,245361,CERTIFIED,06/01/2014 12:00:00 AM,OWNER OCCUPIED,,-84.4941615808622,39.1092559214076,,MT. ADAMS,MOUNT ADAMS,
ACCESS680,3707 ZINSLE AV,02/22/2012 12:00:00 AM,REHAB,15116.5,10,8539,,,OWNER OCCUPIED,,-84.4101740139669,39.1856467997223,,KENNEDY HEIGHTS,KENNEDY HEIGHTS,
ACCESS681,3732 SACHEM AV,03/10/2014 12:00:00 AM,REHAB,15099,10,22840,,,OWNER OCCUPIED,,-84.4324241788959,39.1140613574956,,COLUMBIA TUSCULUM,COLUMBIA TUSCULUM,
ACCESS682,3712 BORDEN ST,02/01/2014 12:00:00 AM,REHAB,15050,10,15922,,,OWNER OCCUPIED,,-84.548356296054,39.1538307486626,,SOUTH CUMMINSVILLE,SOUTH CUMMINSVILLE,
ACCESS683,2405 BLUFFCREST LN,10/06/2014 12:00:00 AM,NEW,15347.5,10,35170,,,OWNER OCCUPIED,,-84.5818251386538,39.1293523594333,,WEST PRICE HILL,WESTWOOD,
ACCESS684,2549 FLEETWOOD AV,03/16/2012 12:00:00 AM,REHAB,15050,10,15649,,,OWNER OCCUPIED,,-84.5844664536483,39.1375725171461,,WESTWOOD,WESTWOOD,
ACCESS685,2642 MELROSE AV,05/09/2012 12:00:00 AM,REHAB,17034.5,10,0,,,OWNER OCCUPIED,,-84.4899865449418,39.1291906846237,,WALNUT HILLS,WALNUT HILLS,
ACCESS686,3061 SIDNEY AV,02/07/2012 12:00:00 AM,REHAB,15109.5,10,16930,,,OWNER OCCUPIED,,-84.5366623012047,39.1400237708075,,CAMP WASHINGTON,CAMP WASHINGTON,
ACCESS687,3544 MCGUFFEY AV,12/31/2013 12:00:00 AM,REHAB,14283.5,10,56678,,,OWNER OCCUPIED,,-84.4333036046808,39.122411527138,,MT. LOOKOUT,COLUMBIA TUSCULUM - MT LOOKOUT,
ACCESS688,3 HANDASYDE LN,03/20/2013 12:00:00 AM,REHAB,18907,10,0,,,OWNER OCCUPIED,,-84.4496868251849,39.1344762341594,,HYDE PARK,N/A,
ACCESS689,5051 RALPH AV,07/11/2012 12:00:00 AM,REHAB,15624,10,13628,,,OWNER OCCUPIED,,-84.6063348195504,39.1201852901397,,WEST PRICE HILL,WEST PRICE HILL,
ACCESS69,390 BAUM ST,10/09/2012 12:00:00 AM,NEW,196980,15,238249,CERTIFIED,07/01/2012 12:00:00 AM,OWNER OCCUPIED,,-84.5005172723051,39.1055790869119,,MT. ADAMS,MOUNT ADAMS,
ACCESS690,616 STRAIGHT ST,04/21/2014 12:00:00 AM,REHAB,14063,10,46394,,,RENTAL,,-84.5267795817654,39.1302931658798,,CLIFTON/UNIVERSITY HEIGHTS/FAIRVIEW,CUF - HEIGHTS,
ACCESS691,6843 BRITTON AV,04/23/2012 12:00:00 AM,REHAB,14063,10,19492,,,RENTAL,,-84.3782012567354,39.1519372325812,,MADISONVILLE,MADISONVILLE,
ACCESS692,2962 HENSHAW AV,02/13/2012 12:00:00 AM,REHAB,14045.5,10,14867,,,OWNER OCCUPIED,,-84.53603380192631,39.1367506653276,,CAMP WASHINGTON,CAMP WASHINGTON,
ACCESS693,3721 AYLESBORO AV,12/24/2012 12:00:00 AM,REHAB,13937,10,13622,,,OWNER OCCUPIED,,-84.4127660652298,39.1408494663562,,HYDE PARK,HYDE PARK,
ACCESS694,2324 PARK AV,09/06/2012 12:00:00 AM,REHAB,13202,10,12056,,,RENTAL,,-84.4858659049276,39.1237301895799,,WALNUT HILLS,WALNUT HILLS,
ACCESS695,1301 CEDAR AV,04/28/2014 12:00:00 AM,REHAB,13100.5,10,12722,,,OWNER OCCUPIED,,-84.54105218556991,39.1979090110616,,COLLEGE HILL,COLLEGE HILL,
ACCESS696,3611 MICHIGAN AV,01/27/2012 12:00:00 AM,REHAB,12859,10,36931,,,OWNER OCCUPIED,,-84.4417798926958,39.1428069582869,,HYDE PARK,HYDE PARK,
ACCESS697,5281 CHARLOE ST,05/08/2012 12:00:00 AM,REHAB,12813.5,10,10255,,,OWNER OCCUPIED,,-84.418549420777,39.1670918785097,,MADISONVILLE,MADISONVILLE,
ACCESS698,426 TUSCULUM AV,12/27/2012 12:00:00 AM,REHAB,12432,10,29297,,,OWNER OCCUPIED,,-84.4341465589636,39.1139687022497,,COLUMBIA TUSCULUM,COLUMBIA TUSCULUM,
ACCESS699,3910 EILEEN DR,11/27/2013 12:00:00 AM,REHAB,12117,10,17582,,,OWNER OCCUPIED,,-84.4373396224427,39.1511284193018,,OAKLEY,OAKLEY,
ACCESS7,1025 UNDERWOOD PL,05/01/2012 12:00:00 AM,REHAB,,,,,,OWNER OCCUPIED,,-84.5589354570589,39.1109027884195,,EAST PRICE HILL,EAST PRICE HILL,
ACCESS70,392 BAUM ST,12/11/2012 12:00:00 AM,NEW,196980,15,238249,CERTIFIED,10/01/2012 12:00:00 AM,OWNER OCCUPIED,,-84.5006233340073,39.1055957547766,,MT. ADAMS,MOUNT ADAMS,
ACCESS700,1137 BELVEDERE ST,02/29/2012 12:00:00 AM,REHAB,12190.5,10,9505,,,RENTAL,,-84.4970359396268,39.1088630926533,,MT. ADAMS,MOUNT ADAMS,
ACCESS701,3525 HOLLY AV,10/22/2012 12:00:00 AM,REHAB,11900,10,11799,,,OWNER OCCUPIED,,-84.4589191062292,39.1413840408061,,EVANSTON,HYDE PARK,
ACCESS702,2528 SOUTH ROOKWOOD DR,01/02/2015 12:00:00 AM,REHAB,11375,10,89762,,,OWNER OCCUPIED,,-84.44661691248142,39.1292685247754,,HYDE PARK,HYDE PARK,
ACCESS703,3150 WILLIS AV,11/27/2013 12:00:00 AM,REHAB,10727.5,10,20723,,,OWNER OCCUPIED,,-84.4289028971414,39.1320722623559,,MT. LOOKOUT,MOUNT LOOKOUT,
ACCESS704,3235 NASH AV,04/16/2012 12:00:00 AM,REHAB,10472,10,9064,,,OWNER OCCUPIED,,-84.4320665315052,39.1249457625704,,COLUMBIA TUSCULUM,MOUNT LOOKOUT,
ACCESS705,3452 URIGHT PL,12/17/2014 12:00:00 AM,REHAB,10409,10,9056,,,OWNER OCCUPIED,,-84.4190079081007,39.1344136786761,,MT. LOOKOUT,MOUNT LOOKOUT,
ACCESS706,2747 LOWER GRANDIN RD,11/09/2012 12:00:00 AM,REHAB,9912,10,41537,,,OWNER OCCUPIED,,-84.4426595328101,39.1271818184275,,HYDE PARK,HYDE PARK,
ACCESS707,4142 JEROME AV,01/06/2012 12:00:00 AM,REHAB,10104.5,10,5102,,,OWNER OCCUPIED,,-84.5501493401423,39.164417912972,,NORTHSIDE,NORTHSIDE,
ACCESS708,2918 MIGNON AV,05/16/2013 12:00:00 AM,REHAB,9667,10,4989,,,OWNER OCCUPIED,,-84.5943817434356,39.1466273164766,,WESTWOOD,WESTWOOD,
ACCESS709,6266 ORCHARD LN,04/24/2014 12:00:00 AM,REHAB,9135,10,9852,,,OWNER OCCUPIED,,-84.4196654344857,39.1898144075396,,PLEASANT RIDGE,KENNEDY HEIGHTS,
ACCESS71,3468 ARNOLD ST,05/16/2014 12:00:00 AM,NEW,196276.5,15,226091,SILVER,04/01/2014 12:00:00 AM,OWNER OCCUPIED,,-84.4185264713213,39.1283762283185,,MT. LOOKOUT,MOUNT LOOKOUT,
ACCESS710,3302 MANNINGTON AV,07/23/2012 12:00:00 AM,REHAB,9009,10,12558,,,OWNER OCCUPIED,,-84.42737214206511,39.1248202162287,,COLUMBIA TUSCULUM,MOUNT LOOKOUT,
ACCESS711,3441 STETTINIUS AV,01/23/2014 12:00:00 AM,REHAB,8750,10,488,,,OWNER OCCUPIED,,-84.4488319063525,39.1393440366415,,HYDE PARK,HYDE PARK,
ACCESS712,3453 PRINCIPIO AV,01/16/2013 12:00:00 AM,REHAB,8750,10,23864,,,OWNER OCCUPIED,,-84.41923877901121,39.1312313212072,,MT. LOOKOUT,N/A,
ACCESS713,308 AMAZON AV,01/18/2013 12:00:00 AM,REHAB,9345,10,62991,,,OWNER OCCUPIED,,-84.5152609780406,39.1582518041198,,CLIFTON,CLIFTON,
ACCESS714,3331 MONTEITH AV,02/27/2014 12:00:00 AM,REHAB,8102.5,10,16701,,,OWNER OCCUPIED,,-84.4378376142693,39.1365522207038,,HYDE PARK,HYDE PARK,
ACCESS715,4515 ERIE AV,01/03/2012 12:00:00 AM,REHAB,8092,10,6476,,,RENTAL,,-84.3977083031672,39.1553831173737,,UNIDENTIFIED,MADISONVILLE,
ACCESS716,4465 ERIE AV,01/03/2012 12:00:00 AM,REHAB,8092,10,6476,,,RENTAL,,-84.3977083031672,39.1553831173737,,MADISONVILLE,MADISONVILLE,
ACCESS717,4463 ERIE AV,01/03/2012 12:00:00 AM,REHAB,8092,10,6476,,,RENTAL,,-84.3977083031672,39.1553831173737,,UNIDENTIFIED,MADISONVILLE,
ACCESS719,4513 ERIE AV,01/03/2012 12:00:00 AM,REHAB,8092,10,6476,,,RENTAL,,-84.3977083031672,39.1553831173737,,UNIDENTIFIED,MADISONVILLE,
ACCESS72,1037 MONASTERY ST,04/12/2012 12:00:00 AM,NEW,196980,15,238249,CERTIFIED,03/01/2013 12:00:00 AM,OWNER OCCUPIED,,-84.4983745955097,39.1087156971006,,MT. ADAMS,MOUNT ADAMS,
ACCESS720,,01/03/2012 12:00:00 AM,REHAB,8092,10,0,,,OWNER OCCUPIED,,,,,MADISONVILLE,MADISONVILLE,
ACCESS721,1514 MCMILLAN ST,07/22/2014 12:00:00 AM,REHAB,7889,10,35458,,,OWNER OCCUPIED,,-84.476999741832,39.1252111585075,,EAST WALNUT HILLS,EAST WALNUT HILLS,
ACCESS722,3432 MILLRICH AV,01/13/2014 12:00:00 AM,REHAB,7840,10,7117,,,OWNER OCCUPIED,,-84.5858425574608,39.1502704209408,,WESTWOOD,WESTWOOD,
ACCESS723,945 FINDLAY ST,06/13/2013 12:00:00 AM,REHAB,7777,10,7010,,,RENTAL,,-84.5309921376495,39.1161357676149,,WEST END,WEST END,
ACCESS724,1211 EDWARDS RD,07/18/2012 12:00:00 AM,REHAB,8732.5,10,41082,,,OWNER OCCUPIED,,-84.4443431667041,39.1334406216868,,HYDE PARK,HYDE PARK,
ACCESS725,4461 ERIE AV,01/03/2012 12:00:00 AM,REHAB,7871.5,10,6285,,,RENTAL,,-84.3977083031672,39.1553831173737,,UNIDENTIFIED,MADISONVILLE,
ACCESS726,4459 ERIE AV,01/03/2012 12:00:00 AM,REHAB,7756,10,6287,,,RENTAL,,-84.3977083031672,39.1553831173737,,UNIDENTIFIED,MADISONVILLE,
ACCESS727,3320 ASHWOOD DR,08/09/2012 12:00:00 AM,REHAB,7045.5,10,8384,,,OWNER OCCUPIED,,-84.42467562006361,39.1748013731373,,PLEASANT RIDGE,PLEASANT RIDGE,
ACCESS728,1219 LINCOLN AV,07/17/2012 12:00:00 AM,REHAB,6877.5,10,8556,,,OWNER OCCUPIED,,-84.4830725066221,39.1319194836174,,WALNUT HILLS,WALNUT HILLS,
ACCESS729,1734 HOLLOWAY AV,01/22/2013 12:00:00 AM,REHAB,6384,10,0,,,OWNER OCCUPIED,,-84.4726937893796,39.1389535103861,,EVANSTON,EVANSTON,
ACCESS73,3737 RAWSON FARM LN,10/08/2013 12:00:00 AM,NEW,188776,15,245361,CERTIFIED,11/01/2013 12:00:00 AM,OWNER OCCUPIED,,-84.5199380567151,39.1508650575568,,CLIFTON,CLIFTON,
ACCESS730,3194 PORTSMOUTH AV,03/17/2014 12:00:00 AM,REHAB,6097,10,9276,,,OWNER OCCUPIED,,-84.4249156529635,39.1433786946461,,HYDE PARK,HYDE PARK,
ACCESS731,3115 BELLEWOOD AV,03/29/2012 12:00:00 AM,REHAB,6027,10,6400,,,RENTAL,,-84.430893322846,39.1779724076542,,PLEASANT RIDGE,PLEASANT RIDGE,
ACCESS732,3647 TRASKWOOD CR,04/06/2012 12:00:00 AM,REHAB,5950,10,804,,,RENTAL,,-84.4084377104932,39.1409603789596,,UNIDENTIFIED,HYDE PARK,
ACCESS733,3301 WILEY LN,01/12/2015 12:00:00 AM,REHAB,5901,10,23740,,,OWNER OCCUPIED,,-84.4251696402655,39.1300319677844,,MT. LOOKOUT,MOUNT LOOKOUT,
ACCESS734,3301 WILEY LN,01/12/2015 12:00:00 AM,REHAB,0,0,0,,,OWNER OCCUPIED,,-84.4251696402655,39.1300319677844,,MT. LOOKOUT,MOUNT LOOKOUT,
ACCESS735,906 HARRIS AV,03/16/2012 12:00:00 AM,REHAB,5834.5,10,0,,,OWNER OCCUPIED,,-84.58003741221331,39.1084614923112,,WEST PRICE HILL,WEST PRICE HILL,
ACCESS736,2870 MARKBREIT AV,04/24/2013 12:00:00 AM,REHAB,5096,10,64997,,,OWNER OCCUPIED,,-84.436074561902,39.1520984401407,,OAKLEY,OAKLEY,
ACCESS737,3780 SONOMA CT,11/13/2012 12:00:00 AM,REHAB,5278,10,62012,,,OWNER OCCUPIED,,-84.4151393957139,39.1684177157876,,MADISONVILLE,MADISONVILLE,
ACCESS738,2570 VILLA LN,09/07/2012 12:00:00 AM,REHAB,4487,10,9016,,,OWNER OCCUPIED,,-84.4494849611402,39.143175112325,,HYDE PARK,HYDE PARK,
ACCESS739,1033 MONASTERY ST,01/16/2014 12:00:00 AM,REHAB,4364.5,10,67309,,,OWNER OCCUPIED,,-84.4986309938992,39.108613655311,,MT. ADAMS,MOUNT ADAMS,
ACCESS74,34 HAMPTON CT,09/18/2012 12:00:00 AM,NEW,191240,15,231306,CERTIFIED,07/01/2012 12:00:00 AM,OWNER OCCUPIED,,-84.4108327615081,39.144380065384,,HYDE PARK,HYDE PARK,
ACCESS740,1326 EDWARDS RD,03/24/2014 12:00:00 AM,REHAB,4357.5,10,3064,,,OWNER OCCUPIED,,-84.4431812711124,39.1361544806891,,HYDE PARK,HYDE PARK,
ACCESS741,1959 HONEYSUCKLE LN,11/20/2013 12:00:00 AM,REHAB,4000.5,10,1617,,,OWNER OCCUPIED,,-84.3817939080598,39.0897224324105,,MT. WASHINGTON,MOUNT WASHINGTON,
ACCESS742,265 EMMING ST,12/05/2013 12:00:00 AM,REHAB,3640,10,5099,,,OWNER OCCUPIED,,-84.5231689054328,39.1227262510729,,CLIFTON/UNIVERSITY HEIGHTS/FAIRVIEW,CUF,
ACCESS743,849 YORK ST,06/13/2013 12:00:00 AM,REHAB,3426.5,10,6403,,,RENTAL,,-84.5287499386678,39.1170664299618,,WEST END,WEST END,
ACCESS744,3621 ARCHER AV,08/13/2014 12:00:00 AM,REHAB,3297,10,0,,,OWNER OCCUPIED,,-84.4136188313409,39.1279097422369,,LINWOOD,LINWOOD,
ACCESS745,6707 KENNEDY AV,01/27/2012 12:00:00 AM,REHAB,3146.5,10,5218,,,OWNER OCCUPIED,,-84.4151923679277,39.1920389950761,,KENNEDY HEIGHTS,KENNEDY HEIGHTS,
ACCESS746,25 HARTWELL CT,01/21/2014 12:00:00 AM,REHAB,2625,10,0,,,OWNER OCCUPIED,,-84.4732477805176,39.2092262274483,,HARTWELL,HARTWELL,
ACCESS747,2043 BLUEBELL DR,02/21/2012 12:00:00 AM,REHAB,2467.5,10,0,,,OWNER OCCUPIED,,-84.5613444531644,39.1965294752247,,COLLEGE HILL,COLLEGE HILL,
ACCESS748,3759 EARLS COURT VIEW,10/04/2012 12:00:00 AM,REHAB,1897,10,15824,,,OWNER OCCUPIED,,-84.4246941787248,39.1213109946549,,MT. LOOKOUT,MOUNT LOOKOUT,
ACCESS749,925 GLENWOOD AV,06/25/2012 12:00:00 AM,REHAB,1644.03,10,43188,,,RENTAL,,-84.4834617842215,39.146999703686,,AVONDALE,AVONDALE,
ACCESS75,388 BAUM ST,02/23/2012 12:00:00 AM,NEW,191240,15,231306,CERTIFIED,01/01/2012 12:00:00 AM,OWNER OCCUPIED,,-84.5004646894498,39.1055730351401,,MT. ADAMS,MOUNT ADAMS,
ACCESS750,3747 ISABELLA AV,05/09/2013 12:00:00 AM,REHAB,973,10,46718,,,OWNER OCCUPIED,,-84.4330570341232,39.1459830043108,,OAKLEY,OAKLEY,
ACCESS751,810 DELTA AV,05/12/2012 12:00:00 AM,REHAB,584.5,10,6062,,,OWNER OCCUPIED,,-84.4315480909407,39.1274854503051,,COLUMBIA TUSCULUM,MOUNT LOOKOUT,
ACCESS752,4998 HIGHHOLLOW LN,03/20/2013 12:00:00 AM,NEW,534.5,10,53096,,,OWNER OCCUPIED,,-84.5392853322397,39.1793081293868,,NORTHSIDE,NORTHSIDE,
ACCESS753,1215 REPUBLIC ST,04/29/2014 12:00:00 AM,REHAB,463.05,10,46811,,,OWNER OCCUPIED,,-84.5159019604286,39.1086733627781,,OVER-THE-RHINE,OTR,
ACCESS754,4129 GEORGIA AV,08/05/2013 12:00:00 AM,REHAB,360.5,10,2966,,,OWNER OCCUPIED,,-84.5499655012418,39.1639571680063,,NORTHSIDE,NORTHSIDE,
ACCESS755,4272 WILLIAMSON PL,04/29/2014 12:00:00 AM,REHAB,374.5,10,23909,,,RENTAL,,-84.5367125726415,39.165610624993,,NORTHSIDE,NORTHSIDE,
ACCESS756,2123 SINTON AV,12/19/2014 12:00:00 AM,REHAB,,,,,,RENTAL,,-84.4936432830242,39.1191264871987,,UNIDENTIFIED,WALNUT HILLS,
ACCESS757,3577 MICHIGAN AV,10/15/2014 12:00:00 AM,REHAB,0,0,0,,,OWNER OCCUPIED,,-84.4418454778467,39.1422188820408,,HYDE PARK,HYDE PARK,
ACCESS758,850 LINCOLN AV,02/05/2014 12:00:00 AM,REHAB,0,0,0,,,RENTAL,,-84.4889398111781,39.1324384656155,,WALNUT HILLS,WALNUT HILLS,
ACCESS759,432 EVANSWOOD PL,11/06/2014 12:00:00 AM,REHAB,0,0,0,,,OWNER OCCUPIED,,-84.5236650437522,39.1475814599022,,CLIFTON,CLIFTON,
ACCESS76,492 MISSOURI AV,01/05/2015 12:00:00 AM,NEW,185822,15,208481,CERTIFIED,12/01/2014 12:00:00 AM,OWNER OCCUPIED,,-84.4339744714492,39.1185073611889,,UNIDENTIFIED,COLUMBIA TUSCULUM,
ACCESS760,1379 MYRTLE AV,11/25/2014 12:00:00 AM,REHAB,0,0,0,,,RENTAL,,-84.4790894667823,39.1286963401362,,WALNUT HILLS,EAST WALNUT HILLS,
ACCESS761,5754 DAVEY AV,02/10/2014 12:00:00 AM,REHAB,,,,,,OWNER OCCUPIED,,-84.5474964584655,39.1963734569167,,COLLEGE HILL,COLLEGE HILL,
ACCESS762,304 WARNER ST,02/05/2014 12:00:00 AM,REHAB,,,,,,OWNER OCCUPIED,,-84.5233561555577,39.1251492465374,,CLIFTON/UNIVERSITY HEIGHTS/FAIRVIEW,CUF,
ACCESS763,255 WARNER ST,07/03/2014 12:00:00 AM,REHAB,,,,,,RENTAL,,-84.5227497811734,39.1245416042354,,CLIFTON/UNIVERSITY HEIGHTS/FAIRVIEW,CUF,
ACCESS764,6601 RIPPLEWOOD LN,11/17/2014 12:00:00 AM,REHAB,0,0,0,,,OWNER OCCUPIED,,-84.3737814592994,39.0934805816455,,MT. WASHINGTON,MOUNT WASHINGTON,
ACCESS765,3141 LINWOOD AV,07/12/2014 12:00:00 AM,REHAB,0,0,0,,,RENTAL,,-84.4309073604465,39.1307230450795,,HYDE PARK,MOUNT LOOKOUT,
ACCESS766,3181 PORTSMOUTH AV,09/23/2014 12:00:00 AM,REHAB,0,0,0,,,OWNER OCCUPIED,,-84.4257089863193,39.1428279229249,,HYDE PARK,HYDE PARK,
ACCESS767,3819 AIKENSIDE AV,10/16/2014 12:00:00 AM,REHAB,0,0,0,,,OWNER OCCUPIED,,-84.4092831739605,39.1763253062506,,KENNEDY HEIGHTS,KENNEDY HEIGHTS,
ACCESS768,3819 AIKENSIDE AV,10/16/2014 12:00:00 AM,REHAB,0,0,0,,,OWNER OCCUPIED,,-84.4092831739605,39.1763253062506,,KENNEDY HEIGHTS,KENNEDY HEIGHTS,
ACCESS769,2415 GRANDIN GATE LN,07/25/2014 12:00:00 AM,REHAB,0,0,0,,,OWNER OCCUPIED,,-84.4498054147475,39.1274172620416,,HYDE PARK,HYDE PARK,
ACCESS77,459 STRAFER ST,01/21/2014 12:00:00 AM,NEW,185500,15,238249,CERTIFIED,02/01/2013 12:00:00 AM,OWNER OCCUPIED,,-84.4346995287192,39.1170069627521,,COLUMBIA TUSCULUM,COLUMBIA TUSCULUM,
ACCESS770,229 THIRTEENTH ST,12/16/2014 12:00:00 AM,REHAB,0,0,0,,,RENTAL,,-84.5104122645956,39.1099458608781,,OVER-THE-RHINE,OTR,
ACCESS771,1223 JACKSON ST,08/08/2014 12:00:00 AM,REHAB,0,0,0,,,OWNER OCCUPIED,,-84.5143746495263,39.1091400227163,,OVER-THE-RHINE,OTR,
ACCESS772,5840 RHODE ISLAND AV,04/14/2014 12:00:00 AM,NEW,0,0,0,,,OWNER OCCUPIED,,-84.4582841985497,39.1794174133375,,BOND HILL,BOND HILL,
ACCESS773,1432 RACE ST,07/25/2014 12:00:00 AM,REHAB,,,,,,OWNER OCCUPIED,,-84.5169218935175,39.1112767034736,,OVER-THE-RHINE,OTR,
ACCESS774,3561 BOGART AV,11/03/2014 12:00:00 AM,REHAB,0,0,0,,,OWNER OCCUPIED,,-84.4923444202554,39.1468515707862,,AVONDALE,AVONDALE,
ACCESS775,1204 HERSCHEL WOODS LN,11/04/2014 12:00:00 AM,REHAB,0,0,0,,,OWNER OCCUPIED,,-84.4209754151647,39.129744800409,,MT. LOOKOUT,MOUNT LOOKOUT,
ACCESS776,3711 MARBURG AV,10/01/2014 12:00:00 AM,NEW,0,0,0,,,OWNER OCCUPIED,,-84.4222343912238,39.144244179034,,OAKLEY,OAKLEY,
ACCESS777,1432 RACE ST,06/06/2014 12:00:00 AM,REHAB,,,,,,OWNER OCCUPIED,,-84.5169218935175,39.1112767034736,,OVER-THE-RHINE,OTR,
ACCESS778,1432 RACE ST,12/23/2014 12:00:00 AM,REHAB,0,0,0,,,OWNER OCCUPIED,,-84.5169218935175,39.1112767034736,,OVER-THE-RHINE,OTR,
ACCESS779,3328 MARBURG SQUARE LN,04/04/2014 12:00:00 AM,NEW,0,0,0,,,OWNER OCCUPIED,,-84.42300273145142,39.1442721355071,,OAKLEY,OAKLEY,
ACCESS78,476 STRAFER ST,06/10/2014 12:00:00 AM,NEW,179392.5,15,233254,GOLD,05/01/2014 12:00:00 AM,OWNER OCCUPIED,,-84.4334648398888,39.1170598117725,,COLUMBIA TUSCULUM,COLUMBIA TUSCULUM,
ACCESS780,4136 KIRBY AV,11/05/2014 12:00:00 AM,REHAB,0,0,0,,,OWNER OCCUPIED,,-84.5474291031068,39.1637272212955,,NORTHSIDE,NORTHSIDE,
ACCESS781,1432 RACE ST,11/12/2014 12:00:00 AM,REHAB,,,,,,OWNER OCCUPIED,,-84.5169218935175,39.1112767034736,,OVER-THE-RHINE,OTR,
ACCESS782,4537 LUCERNE AV,03/04/2014 12:00:00 AM,REHAB,,,,,,OWNER OCCUPIED,,-84.3952902610484,39.1556513924471,,MADISONVILLE,MADISONVILLE,
ACCESS783,1432 RACE ST,06/01/2014 12:00:00 AM,REHAB,0,0,0,,,OWNER OCCUPIED,,-84.5169218935175,39.1112767034736,,OVER-THE-RHINE,OTR,
ACCESS784,2229 BEDFORD TE,11/12/2014 12:00:00 AM,REHAB,0,0,0,,,OWNER OCCUPIED,,-84.4588857051923,39.1346852656311,,EVANSTON - EAST WALNUT HILLS,HYDE PARK,
ACCESS785,1432 RACE ST,11/07/2014 12:00:00 AM,REHAB,0,0,0,,,OWNER OCCUPIED,,-84.5169218935175,39.1112767034736,,OVER-THE-RHINE,OTR,
ACCESS786,3326 MARBURG SQUARE LN,04/11/2014 12:00:00 AM,NEW,0,0,0,,,OWNER OCCUPIED,,-84.42300273145142,39.1442721355071,,OAKLEY,OAKLEY,
ACCESS787,4241 KIRBY AV,12/12/2014 12:00:00 AM,REHAB,0,0,0,,,RENTAL,,-84.5472350708191,39.1659096991678,,NORTHSIDE,NORTHSIDE,
ACCESS788,2708 MINOT AV,09/19/2014 12:00:00 AM,REHAB,,,,,,OWNER OCCUPIED,,-84.4383388131771,39.1525974841902,,OAKLEY,N/A,
ACCESS789,1432 RACE ST,11/18/2014 12:00:00 AM,REHAB,0,0,0,,,OWNER OCCUPIED,,-84.5169218935175,39.1112767034736,,OVER-THE-RHINE,OTR,
ACCESS79,461 STRAFER ST,08/15/2012 12:00:00 AM,NEW,180974.5,15,226785,CERTIFIED,02/28/2012 12:00:00 AM,OWNER OCCUPIED,,-84.4346378304473,39.1170291948496,,COLUMBIA TUSCULUM,COLUMBIA TUSCULUM,
ACCESS790,820 SUIRE AV,04/21/2014 12:00:00 AM,REHAB,0,0,0,,,OWNER OCCUPIED,,-84.5815530359427,39.1075326477626,,WEST PRICE HILL,WEST PRICE HILL,
ACCESS791,3727 DRAKE AV,08/20/2014 12:00:00 AM,REHAB,0,0,0,,,OWNER OCCUPIED,,-84.4359956919736,39.1453971810794,,OAKLEY,OAKLEY,
ACCESS792,1109 FULLER ST,06/19/2014 12:00:00 AM,REHAB,0,0,0,,,OWNER OCCUPIED,,-84.4963640081129,39.1079453723597,,MT. ADAMS,MOUNT ADAMS,
ACCESS793,1 MERCER ST,06/06/2014 12:00:00 AM,NEW,,,,,,OWNER OCCUPIED,,-84.5150347384731,39.1100811826607,,OVER-THE-RHINE,OTR,
ACCESS794,398 BAUM ST,10/10/2014 12:00:00 AM,NEW,0,0,0,SILVER,09/01/2014 12:00:00 AM,OWNER OCCUPIED,,-84.50091158783552,39.1056739181569,,MT. ADAMS,MOUNT ADAMS,
ACCESS795,2914 MINOT AV,08/27/2014 12:00:00 AM,REHAB,0,0,0,,,OWNER OCCUPIED,,-84.4348111426453,39.1528756334021,,OAKLEY,OAKLEY,
ACCESS796,1403 RACE ST,06/16/2014 12:00:00 AM,REHAB,0,0,0,,,OWNER OCCUPIED,,-84.5172859725536,39.110449683391,,OVER-THE-RHINE,OTR,
ACCESS797,1432 RACE ST,06/01/2014 12:00:00 AM,REHAB,0,0,0,,,OWNER OCCUPIED,,-84.5169218935175,39.1112767034736,,OVER-THE-RHINE,OTR,
ACCESS798,1637 RAGLAN ST,05/13/2014 12:00:00 AM,REHAB,0,0,0,,,OWNER OCCUPIED,,-84.3936501280694,39.0845073327745,,MT. WASHINGTON,MOUNT WASHINGTON,
ACCESS799,2866 MINTO AV,09/29/2014 12:00:00 AM,REHAB,0,0,0,,,OWNER OCCUPIED,,-84.436781241011,39.1432840521126,,HYDE PARK,HYDE PARK,
ACCESS8,3558 PURDUE ST,02/10/2012 12:00:00 AM,REHAB,,,,,,OWNER OCCUPIED,,-84.5067609134534,39.1477869315447,,AVONDALE,AVONDALE,
ACCESS80,3216 GOLDEN AV,12/13/2013 12:00:00 AM,NEW,176533,15,217104,CERTIFIED,07/01/2013 12:00:00 AM,OWNER OCCUPIED,,-84.4418590880139,39.1215451145683,,COLUMBIA TUSCULUM,COLUMBIA TUSCULUM,
ACCESS800,2917 UTOPIA PL,04/02/2014 12:00:00 AM,REHAB,0,0,0,,,OWNER OCCUPIED,,-84.43328640989571,39.1335203326926,,MT. LOOKOUT,MOUNT LOOKOUT,
ACCESS801,4210 BADGELEY ST,12/15/2014 12:00:00 AM,NEW,0,0,0,,,OWNER OCCUPIED,,-84.5508148325084,39.1662443914078,,NORTHSIDE,NORTHSIDE,
ACCESS802,3723 MARBURG AV,12/11/2014 12:00:00 AM,NEW,0,0,0,,,OWNER OCCUPIED,,-84.4222003486517,39.1445913017903,,OAKLEY,OAKLEY,
ACCESS803,1432 RACE ST,08/12/2014 12:00:00 AM,REHAB,,,,,,OWNER OCCUPIED,,-84.5169218935175,39.1112767034736,,OVER-THE-RHINE,OTR,
ACCESS804,2994 ALPINE TE,08/07/2014 12:00:00 AM,REHAB,0,0,0,,,RENTAL,,-84.4351904333526,39.1296479934202,,MT. LOOKOUT,MOUNT LOOKOUT,
ACCESS805,1432 RACE ST,09/03/2014 12:00:00 AM,REHAB,0,0,0,,,OWNER OCCUPIED,,-84.5169218935175,39.1112767034736,,OVER-THE-RHINE,OTR,
ACCESS806,1432 RACE ST,10/01/2014 12:00:00 AM,REHAB,0,0,0,,,OWNER OCCUPIED,,-84.5169218935175,39.1112767034736,,OVER-THE-RHINE,OTR,
ACCESS807,3459 OBSERVATORY AV,07/21/2014 12:00:00 AM,REHAB,0,0,0,,,OWNER OCCUPIED,,-84.418283360781,39.1382670774738,,MT. LOOKOUT,MOUNT LOOKOUT,
ACCESS808,4238 KIRBY AV,10/13/2014 12:00:00 AM,REHAB,0,0,0,,,OWNER OCCUPIED,,-84.5466039431907,39.1658014704588,,NORTHSIDE,NORTHSIDE,
ACCESS809,3630 MICHIGAN AV,11/03/2014 12:00:00 AM,REHAB,0,0,0,,,OWNER OCCUPIED,,-84.4409188092381,39.1434691946962,,HYDE PARK,HYDE PARK,
ACCESS81,1134 FORT VIEW PL,01/13/2014 12:00:00 AM,NEW,175000,15,245361,CERTIFIED,11/01/2013 12:00:00 AM,OWNER OCCUPIED,,-84.4942055080668,39.1087016285476,,MT. ADAMS,MOUNT ADAMS,
ACCESS810,1 MERCER ST,06/03/2014 12:00:00 AM,NEW,,,,,,OWNER OCCUPIED,,-84.5150347384731,39.1100811826607,,OVER-THE-RHINE,OTR,
ACCESS811,3732 DRAKE AV,10/10/2014 12:00:00 AM,NEW,0,0,0,,,OWNER OCCUPIED,,-84.435076743877,39.1456336309103,,OAKLEY,OAKLEY,
ACCESS812,1432 RACE ST,10/10/2014 12:00:00 AM,REHAB,0,0,0,,,OWNER OCCUPIED,,-84.5169218935175,39.1112767034736,,OVER-THE-RHINE,OTR,
ACCESS813,3439 LINWOOD AV,10/15/2014 12:00:00 AM,REHAB,0,0,0,,,OWNER OCCUPIED,,-84.4241376195276,39.1260586580297,,COLUMBIA TUSCULUM,MOUNT LOOKOUT,
ACCESS814,1223 JACKSON ST,07/08/2014 12:00:00 AM,REHAB,,,,,,OWNER OCCUPIED,,-84.5143746495263,39.1091400227163,,OVER-THE-RHINE,OTR,
ACCESS815,1432 RACE ST,06/05/2014 12:00:00 AM,REHAB,0,0,0,,,OWNER OCCUPIED,,-84.5169218935175,39.1112767034736,,OVER-THE-RHINE,OTR,
ACCESS816,5647 RIDGE AV,09/25/2014 12:00:00 AM,REHAB,,,,,,OWNER OCCUPIED,,-84.4276494881415,39.1758026253632,,PLEASANT RIDGE,PLEASANT RIDGE,
ACCESS817,1432 RACE ST,07/30/2014 12:00:00 AM,REHAB,0,0,0,,,OWNER OCCUPIED,,-84.5169218935175,39.1112767034736,,OVER-THE-RHINE,OTR,
ACCESS818,2469 GRANDIN RD,10/21/2014 12:00:00 AM,REHAB,0,0,0,,,OWNER OCCUPIED,,-84.446395771385,39.1270450088653,,HYDE PARK,N/A,
ACCESS819,4231 CHAMBERS ST,08/11/2014 12:00:00 AM,REHAB,0,0,0,,,OWNER OCCUPIED,,-84.5345284833792,39.1643531457316,,NORTHSIDE,NORTHSIDE,
ACCESS82,465 STRAFER ST,02/01/2012 12:00:00 AM,NEW,175588,15,238249,SILVER,02/01/2012 12:00:00 AM,OWNER OCCUPIED,,-84.43442367077222,39.1170736250634,,COLUMBIA TUSCULUM,COLUMBIA TUSCULUM,
ACCESS820,3390 WASSON RD,10/03/2014 12:00:00 AM,NEW,0,0,0,,,OWNER OCCUPIED,,-84.4223022788648,39.1439353885254,,OAKLEY,OAKLEY,
ACCESS821,3819 AIKENSIDE AV,10/16/2014 12:00:00 AM,REHAB,0,0,0,,,OWNER OCCUPIED,,-84.4092831739605,39.1763253062506,,KENNEDY HEIGHTS,KENNEDY HEIGHTS,
ACCESS822,3819 AIKENSIDE AV,10/16/2014 12:00:00 AM,REHAB,0,0,0,,,OWNER OCCUPIED,,-84.4092831739605,39.1763253062506,,KENNEDY HEIGHTS,KENNEDY HEIGHTS,
ACCESS823,4231 FERGUS ST,04/10/2014 12:00:00 AM,REHAB,0,0,0,,,OWNER OCCUPIED,,-84.5364618519695,39.1641763584969,,NORTHSIDE,NORTHSIDE,
ACCESS824,1077 RICHWOOD AV,12/29/2014 12:00:00 AM,NEW,0,0,0,SILVER,11/01/2014 12:00:00 AM,OWNER OCCUPIED,,-84.4179262081681,39.1264685884329,,MT. LOOKOUT,MOUNT LOOKOUT,
ACCESS825,2029 FAITH ST,09/12/2014 12:00:00 AM,NEW,0,0,0,,,OWNER OCCUPIED,,-84.4564894858382,39.1782608748778,,BOND HILL,BOND HILL,
ACCESS826,4160 MAD ANTHONY ST,06/30/2014 12:00:00 AM,REHAB,,,,,,OWNER OCCUPIED,,-84.5351302734839,39.1621196095928,,NORTHSIDE,NORTHSIDE,
ACCESS827,1 MERCER ST,06/26/2014 12:00:00 AM,NEW,,,,,,OWNER OCCUPIED,,-84.5150347384731,39.1100811826607,,OVER-THE-RHINE,OTR,
ACCESS828,2356 PARK AV,01/23/2014 12:00:00 AM,REHAB,,,,,,OWNER OCCUPIED,,-84.4858077580877,39.1242841788889,,WALNUT HILLS,WALNUT HILLS,
ACCESS829,825 DAYTON ST,03/06/2014 12:00:00 AM,REHAB,,,,,,RENTAL,,-84.5281096020442,39.1179514936999,,WEST END,WEST END,
ACCESS83,26 SIXTH ST,01/06/2012 12:00:00 AM,REHAB,173810,10,84806,,,OWNER OCCUPIED,,-84.5124599353557,39.1029119841777,,CBD - RIVERFRONT,DOWNTOWN,
ACCESS830,LARONA AV,12/02/2014 12:00:00 AM,NEW,0,0,0,,,OWNER OCCUPIED,,-84.5038251191289,39.1450657787175,,AVONDALE,AVONDALE,
ACCESS831,3390 WASSON RD,09/16/2014 12:00:00 AM,NEW,0,0,0,,,OWNER OCCUPIED,,-84.4223022788648,39.1439353885254,,OAKLEY,OAKLEY,
ACCESS832,1 MERCER ST,07/15/2014 12:00:00 AM,NEW,0,0,0,,,OWNER OCCUPIED,,-84.5150347384731,39.1100811826607,,OVER-THE-RHINE,OTR,
ACCESS833,3390 WASSON RD,09/24/2014 12:00:00 AM,NEW,0,0,0,,,OWNER OCCUPIED,,-84.4223022788648,39.1439353885254,,OAKLEY,OAKLEY,
ACCESS834,3390 WASSON RD,09/24/2014 12:00:00 AM,NEW,0,0,0,,,RENTAL,,-84.4223022788648,39.1439353885254,,OAKLEY,OAKLEY,
ACCESS835,3716 EASTERN HILLS LN,04/08/2014 12:00:00 AM,NEW,0,0,0,,,OWNER OCCUPIED,,-84.4238515435277,39.144316192941,,OAKLEY,OAKLEY,
ACCESS836,1432 RACE ST,09/30/2014 12:00:00 AM,REHAB,0,0,0,,,OWNER OCCUPIED,,-84.5169218935175,39.1112767034736,,OVER-THE-RHINE,OTR,
ACCESS837,1403 RACE ST,06/12/2014 12:00:00 AM,REHAB,0,0,0,,,OWNER OCCUPIED,,-84.5172859725536,39.110449683391,,OVER-THE-RHINE,OTR,
ACCESS838,27 MERCER ST,01/21/2014 12:00:00 AM,REHAB,0,0,0,,,OWNER OCCUPIED,,-84.5142209152278,39.1103560006822,,OVER-THE-RHINE,OTR,
ACCESS839,3718 EASTERN HILLS LN,08/06/2014 12:00:00 AM,NEW,0,0,0,,,OWNER OCCUPIED,,-84.4238515435277,39.144316192941,,OAKLEY,OAKLEY,
ACCESS84,394 BAUM ST,05/13/2013 12:00:00 AM,NEW,165609.5,10,163574,CERTIFIED,04/01/2013 12:00:00 AM,OWNER OCCUPIED,,-84.5007194183742,39.1056218100703,,MT. ADAMS,MOUNT ADAMS,
ACCESS840,2129 EAST HILL AV,11/14/2014 12:00:00 AM,REHAB,0,0,0,,,OWNER OCCUPIED,,-84.4591137929073,39.1374495492169,,EVANSTON,HYDE PARK,
ACCESS841,1 MERCER ST,05/30/2014 12:00:00 AM,NEW,0,0,0,,,OWNER OCCUPIED,,-84.5150347384731,39.1100811826607,,OVER-THE-RHINE,OTR,
ACCESS842,4256 LANGLAND ST,05/30/2014 12:00:00 AM,REHAB,0,0,0,,,OWNER OCCUPIED,,-84.5376838799835,39.1652008022822,,NORTHSIDE,NORTHSIDE,
ACCESS843,315 TUSCULUM AV,06/06/2014 12:00:00 AM,REHAB,0,0,0,,,RENTAL,,-84.4367869962395,39.1132923266327,,COLUMBIA TUSCULUM,COLUMBIA TUSCULUM,
ACCESS844,3901 LEDGEWOOD DR,12/05/2014 12:00:00 AM,REHAB,0,0,0,,,OWNER OCCUPIED,,-84.4741728766886,39.1531284612152,,NORTH AVONDALE,NORTH AVONDALE,
ACCESS845,542 MILTON ST,09/22/2014 12:00:00 AM,REHAB,0,0,0,,,OWNER OCCUPIED,,-84.50498034410131,39.1133779880658,,MT. AUBURN,MOUNT AUBURN,
ACCESS846,3436 LARONA AV,12/02/2014 12:00:00 AM,NEW,0,0,0,,,OWNER OCCUPIED,,-84.5038170751253,39.1451644321675,,AVONDALE,AVONDALE,
ACCESS847,3803 SPRINGHOUSE LN,10/21/2014 12:00:00 AM,REHAB,0,0,0,,,OWNER OCCUPIED,,-84.5018856465565,39.1559594362143,,AVONDALE,AVONDALE - NORTH AVONDALE,
ACCESS848,3742 WOODLAND AV,12/08/2014 12:00:00 AM,REHAB,0,0,0,,,OWNER OCCUPIED,,-84.4393651872826,39.1462595983942,,OAKLEY,HYDE PARK - OAKLEY,
ACCESS849,1 MERCER ST,06/01/2014 12:00:00 AM,NEW,0,0,0,,,OWNER OCCUPIED,,-84.5150347384731,39.1100811826607,,OVER-THE-RHINE,OTR,
ACCESS85,3255 NASH AV,06/20/2014 12:00:00 AM,NEW,162974,10,159727,,,OWNER OCCUPIED,,-84.4313674145279,39.1249689328252,,MT. LOOKOUT,MOUNT LOOKOUT,
ACCESS850,843 CLIFTON HILLS TE,12/09/2014 12:00:00 AM,REHAB,0,0,0,,,OWNER OCCUPIED,,-84.5339015022412,39.1468605632059,,CLIFTON,CLIFTON,
ACCESS851,1413 RACE ST,06/12/2014 12:00:00 AM,REHAB,,,,,,RENTAL,,-84.5174796271287,39.1108744386024,,OVER-THE-RHINE,OTR,
ACCESS852,3432 LARONA AV,12/02/2014 12:00:00 AM,NEW,0,0,0,,,OWNER OCCUPIED,,-84.5038312701909,39.1449890501764,,AVONDALE,AVONDALE,
ACCESS853,1 MERCER ST,07/02/2014 12:00:00 AM,NEW,,,,,,OWNER OCCUPIED,,-84.5150347384731,39.1100811826607,,OVER-THE-RHINE,OTR,
ACCESS854,426 TWELFTH ST,07/21/2014 12:00:00 AM,REHAB,0,0,0,,,OWNER OCCUPIED,,-84.5072635727203,39.1100204791673,,PENDLETON,PENDLETON,
ACCESS855,1432 RACE ST,06/01/2014 12:00:00 AM,REHAB,0,0,0,,,OWNER OCCUPIED,,-84.5169218935175,39.1112767034736,,OVER-THE-RHINE,OTR,
ACCESS856,3428 LARONA AV,12/02/2014 12:00:00 AM,REHAB,0,0,0,,,OWNER OCCUPIED,,-84.503839725103,39.1448797872644,,AVONDALE,AVONDALE,
ACCESS857,1629 PULLAN AV,07/29/2014 12:00:00 AM,REHAB,0,0,0,,,RENTAL,,-84.5423242724327,39.1651039884881,,NORTHSIDE,NORTHSIDE,
ACCESS858,4557 ANTHONY AV,11/05/2014 12:00:00 AM,REHAB,0,0,0,,,OWNER OCCUPIED,,-84.546605658804,39.1721142295619,,NORTHSIDE,NORTHSIDE,
ACCESS859,1432 RACE ST,08/29/2014 12:00:00 AM,REHAB,0,0,0,,,OWNER OCCUPIED,,-84.5169218935175,39.1112767034736,,OVER-THE-RHINE,OTR,
ACCESS86,464 STRAFER ST,08/26/2013 12:00:00 AM,NEW,160860,15,204679,SILVER,09/01/2013 12:00:00 AM,OWNER OCCUPIED,,-84.4339879861919,39.11682493004,,COLUMBIA TUSCULUM,COLUMBIA TUSCULUM,
ACCESS860,219 NINTH ST,04/04/2014 12:00:00 AM,REHAB,0,0,0,,,OWNER OCCUPIED,,-84.5180549436145,39.1045421012427,,CBD - RIVERFRONT,WEST END,
ACCESS861,1432 RACE ST,07/03/2014 12:00:00 AM,REHAB,0,0,0,,,OWNER OCCUPIED,,-84.5169218935175,39.1112767034736,,OVER-THE-RHINE,OTR,
ACCESS862,3525 MICHIGAN AV,07/25/2014 12:00:00 AM,REHAB,0,0,0,,,OWNER OCCUPIED,,-84.44196560470301,39.1405191409604,,HYDE PARK,HYDE PARK,
ACCESS863,3714 EASTERN HILLS LN,06/04/2014 12:00:00 AM,NEW,0,0,0,,,OWNER OCCUPIED,,-84.4238515435277,39.144316192941,,OAKLEY,OAKLEY,
ACCESS864,1302 MAIN ST,12/23/2014 12:00:00 AM,REHAB,0,0,0,,,OWNER OCCUPIED,,-84.5115768199909,39.1099919407966,,OVER-THE-RHINE,OTR,
ACCESS865,3436 CORNELL PL,11/25/2014 12:00:00 AM,REHAB,0,0,0,,,OWNER OCCUPIED,,-84.524291957884,39.1455991810303,,CLIFTON,CLIFTON,
ACCESS866,1352 CRYER AV,11/18/2014 12:00:00 AM,REHAB,0,0,0,,,OWNER OCCUPIED,,-84.4360654761608,39.1364162159267,,HYDE PARK,HYDE PARK,
ACCESS867,5925 RHODE ISLAND AV,11/06/2014 12:00:00 AM,NEW,0,0,0,,,OWNER OCCUPIED,,-84.459284467016,39.1827581084684,,BOND HILL,BOND HILL,
ACCESS868,1 MERCER ST,06/10/2014 12:00:00 AM,NEW,0,0,0,,,OWNER OCCUPIED,,-84.5150347384731,39.1100811826607,,OVER-THE-RHINE,OTR,
ACCESS869,2321 MAY ST,08/08/2014 12:00:00 AM,NEW,0,0,0,,,OWNER OCCUPIED,,-84.4956733155779,39.1234024665928,,WALNUT HILLS,WALNUT HILLS,
ACCESS87,3554 MCGUFFEY AV,07/30/2012 12:00:00 AM,NEW,162991.5,15,167087,CERTIFIED,05/01/2012 12:00:00 AM,OWNER OCCUPIED,,-84.4326080582307,39.1222777941377,,UNIDENTIFIED,COLUMBIA TUSCULUM - MT LOOKOUT,
ACCESS870,4314 THIRTY-THIRD AV,07/03/2014 12:00:00 AM,REHAB,0,0,0,,,OWNER OCCUPIED,,-84.4338241331806,39.1550440814546,,OAKLEY,OAKLEY,
ACCESS871,255 WARNER ST,07/03/2014 12:00:00 AM,REHAB,0,0,0,,,RENTAL,,-84.5227497811734,39.1245416042354,,CLIFTON/UNIVERSITY HEIGHTS/FAIRVIEW,CUF,
ACCESS872,255 WARNER ST,07/03/2014 12:00:00 AM,REHAB,0,0,0,,,RENTAL,,-84.5227497811734,39.1245416042354,,CLIFTON/UNIVERSITY HEIGHTS/FAIRVIEW,CUF,
ACCESS873,255 WARNER ST,07/03/2014 12:00:00 AM,REHAB,0,0,0,,,RENTAL,,-84.5227497811734,39.1245416042354,,CLIFTON/UNIVERSITY HEIGHTS/FAIRVIEW,CUF,
ACCESS874,255 WARNER ST,07/03/2014 12:00:00 AM,REHAB,,,,,,RENTAL,,-84.5227497811734,39.1245416042354,,CLIFTON/UNIVERSITY HEIGHTS/FAIRVIEW,CUF,
ACCESS875,255 WARNER ST,07/03/2014 12:00:00 AM,REHAB,0,0,0,,,RENTAL,,-84.5227497811734,39.1245416042354,,CLIFTON/UNIVERSITY HEIGHTS/FAIRVIEW,CUF,
ACCESS876,255 WARNER ST,07/03/2014 12:00:00 AM,REHAB,,,,,,RENTAL,,-84.5227497811734,39.1245416042354,,CLIFTON/UNIVERSITY HEIGHTS/FAIRVIEW,CUF,
ACCESS877,255 WARNER ST,07/03/2014 12:00:00 AM,REHAB,0,0,0,,,RENTAL,,-84.5227497811734,39.1245416042354,,CLIFTON/UNIVERSITY HEIGHTS/FAIRVIEW,CUF,
ACCESS878,255 WARNER ST,07/03/2014 12:00:00 AM,REHAB,0,0,0,,,RENTAL,,-84.5227497811734,39.1245416042354,,CLIFTON/UNIVERSITY HEIGHTS/FAIRVIEW,CUF,
ACCESS879,255 WARNER ST,07/03/2014 12:00:00 AM,REHAB,0,0,0,,,RENTAL,,-84.5227497811734,39.1245416042354,,CLIFTON/UNIVERSITY HEIGHTS/FAIRVIEW,CUF,
ACCESS88,466 STRAFER ST,10/28/2013 12:00:00 AM,NEW,157360,15,175825,SILVER,09/01/2013 12:00:00 AM,OWNER OCCUPIED,,-84.4339128217318,39.1168657657531,,COLUMBIA TUSCULUM,COLUMBIA TUSCULUM,
ACCESS880,255 WARNER ST,07/03/2014 12:00:00 AM,REHAB,0,0,0,,,RENTAL,,-84.5227497811734,39.1245416042354,,CLIFTON/UNIVERSITY HEIGHTS/FAIRVIEW,CUF,
ACCESS881,255 WARNER ST,07/03/2014 12:00:00 AM,REHAB,0,0,0,,,RENTAL,,-84.5227497811734,39.1245416042354,,CLIFTON/UNIVERSITY HEIGHTS/FAIRVIEW,CUF,
ACCESS882,255 WARNER ST,07/03/2014 12:00:00 AM,REHAB,,,,,,RENTAL,,-84.5227497811734,39.1245416042354,,CLIFTON/UNIVERSITY HEIGHTS/FAIRVIEW,CUF,
ACCESS883,255 WARNER ST,07/03/2014 12:00:00 AM,REHAB,0,0,0,,,RENTAL,,-84.5227497811734,39.1245416042354,,CLIFTON/UNIVERSITY HEIGHTS/FAIRVIEW,CUF,
ACCESS884,255 WARNER ST,07/03/2014 12:00:00 AM,REHAB,,,,,,RENTAL,,-84.5227497811734,39.1245416042354,,CLIFTON/UNIVERSITY HEIGHTS/FAIRVIEW,CUF,
ACCESS885,255 WARNER ST,07/03/2014 12:00:00 AM,REHAB,0,0,0,,,RENTAL,,-84.5227497811734,39.1245416042354,,CLIFTON/UNIVERSITY HEIGHTS/FAIRVIEW,CUF,
ACCESS886,255 WARNER ST,07/03/2014 12:00:00 AM,REHAB,0,0,0,,,RENTAL,,-84.5227497811734,39.1245416042354,,CLIFTON/UNIVERSITY HEIGHTS/FAIRVIEW,CUF,
ACCESS887,255 WARNER ST,07/03/2014 12:00:00 AM,REHAB,0,0,0,,,RENTAL,,-84.5227497811734,39.1245416042354,,CLIFTON/UNIVERSITY HEIGHTS/FAIRVIEW,CUF,
ACCESS888,255 WARNER ST,07/03/2014 12:00:00 AM,REHAB,0,0,0,,,RENTAL,,-84.5227497811734,39.1245416042354,,CLIFTON/UNIVERSITY HEIGHTS/FAIRVIEW,CUF,
ACCESS889,255 WARNER ST,07/03/2014 12:00:00 AM,REHAB,0,0,0,,,RENTAL,,-84.5227497811734,39.1245416042354,,CLIFTON/UNIVERSITY HEIGHTS/FAIRVIEW,CUF,
ACCESS89,1420 RACE ST,09/20/2012 12:00:00 AM,REHAB,159211.5,10,142517,SILVER,07/01/2012 12:00:00 AM,OWNER OCCUPIED,,-84.5168417311961,39.1109553459393,,OVER-THE-RHINE,OTR,
ACCESS890,255 WARNER ST,07/03/2014 12:00:00 AM,REHAB,0,0,0,,,RENTAL,,-84.5227497811734,39.1245416042354,,CLIFTON/UNIVERSITY HEIGHTS/FAIRVIEW,CUF,
ACCESS891,255 WARNER ST,07/03/2014 12:00:00 AM,REHAB,,,,,,RENTAL,,-84.5227497811734,39.1245416042354,,CLIFTON/UNIVERSITY HEIGHTS/FAIRVIEW,CUF,
ACCESS892,255 WARNER ST,07/03/2014 12:00:00 AM,REHAB,,,,,,RENTAL,,-84.5227497811734,39.1245416042354,,CLIFTON/UNIVERSITY HEIGHTS/FAIRVIEW,CUF,
ACCESS893,255 WARNER ST,07/03/2014 12:00:00 AM,REHAB,,,,,,RENTAL,,-84.5227497811734,39.1245416042354,,CLIFTON/UNIVERSITY HEIGHTS/FAIRVIEW,CUF,
ACCESS894,255 WARNER ST,07/03/2014 12:00:00 AM,REHAB,0,0,0,,,RENTAL,,-84.5227497811734,39.1245416042354,,CLIFTON/UNIVERSITY HEIGHTS/FAIRVIEW,CUF,
ACCESS895,255 WARNER ST,07/03/2014 12:00:00 AM,REHAB,0,0,0,,,RENTAL,,-84.5227497811734,39.1245416042354,,CLIFTON/UNIVERSITY HEIGHTS/FAIRVIEW,CUF,
ACCESS896,255 WARNER ST,07/03/2014 12:00:00 AM,REHAB,0,0,0,,,RENTAL,,-84.5227497811734,39.1245416042354,,CLIFTON/UNIVERSITY HEIGHTS/FAIRVIEW,CUF,
ACCESS897,255 WARNER ST,07/03/2014 12:00:00 AM,REHAB,0,0,0,,,RENTAL,,-84.5227497811734,39.1245416042354,,CLIFTON/UNIVERSITY HEIGHTS/FAIRVIEW,CUF,
ACCESS898,255 WARNER ST,07/03/2014 12:00:00 AM,REHAB,0,0,0,,,RENTAL,,-84.5227497811734,39.1245416042354,,CLIFTON/UNIVERSITY HEIGHTS/FAIRVIEW,CUF,
ACCESS899,255 WARNER ST,07/03/2014 12:00:00 AM,REHAB,0,0,0,,,RENTAL,,-84.5227497811734,39.1245416042354,,CLIFTON/UNIVERSITY HEIGHTS/FAIRVIEW,CUF,
ACCESS9,746 WHITTIER ST,02/21/2012 12:00:00 AM,REHAB,,,,,,OWNER OCCUPIED,,-84.4941860611778,39.1373240009099,,AVONDALE,AVONDALE,
ACCESS90,616 RUSHTON RD,01/27/2012 12:00:00 AM,NEW,161525,15,224533,SILVER,11/01/2010 12:00:00 AM,OWNER OCCUPIED,,-84.4341888606115,39.1196772724214,,COLUMBIA TUSCULUM,COLUMBIA TUSCULUM,
ACCESS900,255 WARNER ST,07/03/2014 12:00:00 AM,REHAB,,,,,,RENTAL,,-84.5227497811734,39.1245416042354,,CLIFTON/UNIVERSITY HEIGHTS/FAIRVIEW,CUF,
ACCESS901,3712 EASTERN HILLS LN,04/23/2014 12:00:00 AM,NEW,0,0,0,,,OWNER OCCUPIED,,-84.4238515435277,39.144316192941,,OAKLEY,OAKLEY,
ACCESS902,2742 MARKBREIT AV,04/24/2014 12:00:00 AM,REHAB,0,0,0,,,OWNER OCCUPIED,,-84.4404072643525,39.1523788887919,,OAKLEY,OAKLEY,
ACCESS903,525 HAWTHORNE AV,02/17/2015 12:00:00 AM,REHAB,0,0,0,,,OWNER OCCUPIED,,-84.563260327209,39.0999046527224,,EAST PRICE HILL,EAST PRICE HILL,
ACCESS904,525 HAWTHORNE AV,12/23/2014 12:00:00 AM,REHAB,0,0,0,,,OWNER OCCUPIED,,-84.563260327209,39.0999046527224,,EAST PRICE HILL,EAST PRICE HILL,
ACCESS905,1432 RACE ST,09/17/2014 12:00:00 AM,REHAB,0,0,0,,,OWNER OCCUPIED,,-84.5169218935175,39.1112767034736,,OVER-THE-RHINE,OTR,
ACCESS906,3816 BORDEN ST,08/13/2014 12:00:00 AM,NEW,0,0,0,,,OWNER OCCUPIED,,-84.54805577483941,39.1562718540064,,SOUTH CUMMINSVILLE,SOUTH CUMMINSVILLE,
ACCESS907,5080 SHATTUC AV,12/23/2014 12:00:00 AM,NEW,0,0,0,CERTIFIED,11/01/2014 12:00:00 AM,OWNER OCCUPIED,,-84.41260086934712,39.1295642918956,,MT. LOOKOUT,MOUNT LOOKOUT,
ACCESS908,1206 MAIN ST,06/18/2014 12:00:00 AM,REHAB,,,,,,OWNER OCCUPIED,,-84.5114451094617,39.1094790320017,,OVER-THE-RHINE,OTR,
ACCESS909,1 MERCER ST,06/01/2014 12:00:00 AM,NEW,0,0,0,,,OWNER OCCUPIED,,-84.5150347384731,39.1100811826607,,OVER-THE-RHINE,OTR,
ACCESS91,841 TWEED AV,12/09/2013 12:00:00 AM,NEW,154311.5,15,154320,GOLD,08/01/2014 12:00:00 AM,OWNER OCCUPIED,,-84.4260216278999,39.1253172348283,,MT. LOOKOUT,MOUNT LOOKOUT,
ACCESS910,1432 RACE ST,08/21/2014 12:00:00 AM,REHAB,0,0,0,,,OWNER OCCUPIED,,-84.5169218935175,39.1112767034736,,OVER-THE-RHINE,OTR,
ACCESS911,2200 VICTORY PK,10/03/2014 12:00:00 AM,REHAB,0,0,0,,,OWNER OCCUPIED,,-84.4853062285104,39.1198809046155,,EAST WALNUT HILLS,EAST WALNUT HILLS,
ACCESS912,450 STRAFER ST,01/15/2014 12:00:00 AM,NEW,0,0,0,CERTIFIED,08/01/2012 12:00:00 AM,OWNER OCCUPIED,,-84.4345141348941,39.1165390759772,,COLUMBIA TUSCULUM,COLUMBIA TUSCULUM,
ACCESS913,1260 CRESTWOOD AV,08/22/2014 12:00:00 AM,REHAB,0,0,0,,,OWNER OCCUPIED,,-84.4189216179304,39.1319223038362,,MT. LOOKOUT,MOUNT LOOKOUT,
ACCESS914,4219 MAD ANTHONY ST,10/22/2014 12:00:00 AM,REHAB,0,0,0,,,OWNER OCCUPIED,,-84.5357383550431,39.1638405594408,,NORTHSIDE,NORTHSIDE,
ACCESS915,1117 CARNEY ST,11/03/2014 12:00:00 AM,REHAB,0,0,0,,,OWNER OCCUPIED,,-84.4955686597047,39.1081636672525,,MT. ADAMS,MOUNT ADAMS,
ACCESS916,396 BAUM ST,12/09/2014 12:00:00 AM,NEW,0,0,0,SILVER,11/01/2014 12:00:00 AM,OWNER OCCUPIED,,-84.5008155033646,39.1056478643736,,MT. ADAMS,MOUNT ADAMS,
ACCESS917,3390 WASSON RD,10/21/2014 12:00:00 AM,NEW,0,0,0,,,,,-84.4223022788648,39.1439353885254,,OAKLEY,OAKLEY,
ACCESS918,1 MERCER ST,07/29/2014 12:00:00 AM,NEW,0,0,0,,,OWNER OCCUPIED,,-84.5150347384731,39.1100811826607,,OVER-THE-RHINE,OTR,
ACCESS919,211 ROCHELLE ST,04/10/2015 12:00:00 AM,NEW,0,0,0,SILVER,02/01/2015 12:00:00 AM,OWNER OCCUPIED,,-84.5051749189434,39.1337443323543,,UNIDENTIFIED,CORRYVILLE,
ACCESS92,,08/29/2013 12:00:00 AM,NEW,154000,15,0,SILVER,04/01/2013 12:00:00 AM,OWNER OCCUPIED,,,,,COLUMBIA TUSCULUM,COLUMBIA TUSCULUM,
ACCESS920,1549 AMBROSE AV,03/18/2015 12:00:00 AM,REHAB,0,0,0,,,OWNER OCCUPIED,,-84.5463285623707,39.2007727531417,,COLLEGE HILL,COLLEGE HILL,
ACCESS921,420 MCDOWELL ST,01/09/2015 12:00:00 AM,NEW,0,0,0,SILVER,11/01/2014 12:00:00 AM,OWNER OCCUPIED,,-84.4364148610954,39.1165182269543,,COLUMBIA TUSCULUM,COLUMBIA TUSCULUM,
ACCESS922,2727 MARKBREIT AV,01/23/2015 12:00:00 AM,REHAB,0,0,0,,,OWNER OCCUPIED,,-84.4410452952753,39.1518948864613,,OAKLEY,OAKLEY,
ACCESS923,1921 RIVERSIDE DR,03/16/2015 12:00:00 AM,NEW,0,0,0,SILVER,02/01/2015 12:00:00 AM,OWNER OCCUPIED,,-84.477919599948,39.1199878398799,,UNIDENTIFIED,EAST END,
ACCESS924,4267 FERGUS ST,03/18/2015 12:00:00 AM,REHAB,0,0,0,,,OWNER OCCUPIED,,-84.5363256293965,39.1655175396271,,NORTHSIDE,NORTHSIDE,
ACCESS925,1407 CHASE AV,02/17/2015 12:00:00 AM,REHAB,0,0,0,,,OWNER OCCUPIED,,-84.5346105624824,39.1628916465179,,NORTHSIDE,NORTHSIDE,
ACCESS926,3847 MIDDLETON AV,01/12/2015 12:00:00 AM,REHAB,0,0,0,,,OWNER OCCUPIED,,-84.5219924777281,39.1545498233391,,CLIFTON,CLIFTON,
ACCESS927,1322 OBSERVATORY DR,01/20/2015 12:00:00 AM,REHAB,0,0,0,,,OWNER OCCUPIED,,-84.4250652169322,39.1350933671789,,MT. LOOKOUT,HYDE PARK,
ACCESS928,2867 OBSERVATORY AV,01/20/2015 12:00:00 AM,REHAB,0,0,0,,,OWNER OCCUPIED,,-84.4359413369993,39.1368198347703,,HYDE PARK,HYDE PARK,
ACCESS929,3386 AULT VIEW AV,04/13/2015 12:00:00 AM,REHAB,0,0,0,,,OWNER OCCUPIED,,-84.419336351976,39.1354631336701,,MT. LOOKOUT,MOUNT LOOKOUT,
ACCESS93,813 ELLISON AV,07/11/2013 12:00:00 AM,NEW,152404,10,108902,CERTIFIED,05/01/2013 12:00:00 AM,OWNER OCCUPIED,,-84.4311994126041,39.1246139407689,,MT. LOOKOUT,MOUNT LOOKOUT,
ACCESS930,18 THIRTEENTH ST,03/02/2015 12:00:00 AM,REHAB,0,0,0,,,OWNER OCCUPIED,,-84.5161400845225,39.1095166909471,,UNIDENTIFIED,OTR,
ACCESS931,2552 HOMESTEAD PL,01/13/2015 12:00:00 AM,REHAB,0,0,0,,,OWNER OCCUPIED,,-84.5721734550038,39.1328012010478,,SOUTH FAIRMOUNT,N/A,
ACCESS932,4870 OAKLAWN DR,01/13/2015 12:00:00 AM,REHAB,0,0,0,,,OWNER OCCUPIED,,-84.4125996710172,39.1588039173861,,MADISONVILLE,MADISONVILLE,
ACCESS933,1009 SPRINGBROOK DR,02/19/2015 12:00:00 AM,REHAB,0,0,0,,,OWNER OCCUPIED,,-84.5283672233752,39.2058244269424,,COLLEGE HILL,N/A,
ACCESS934,2482 ROOKWOOD CT,02/19/2015 12:00:00 AM,REHAB,0,0,0,,,OWNER OCCUPIED,,-84.44883610226431,39.1325196689841,,HYDE PARK,HYDE PARK,
ACCESS935,3717 RAWSON FARM LN,03/05/2015 12:00:00 AM,NEW,0,0,0,SILVER,01/01/2015 12:00:00 AM,OWNER OCCUPIED,,-84.5208736691991,39.1508577461875,,UNIDENTIFIED,CLIFTON,
ACCESS936,5353 GRAND VISTA CT,02/05/2015 12:00:00 AM,NEW,0,0,0,GOLD,08/01/2014 12:00:00 AM,OWNER OCCUPIED,,-84.3863626307185,39.1652218421995,,UNIDENTIFIED,MADISONVILLE,
ACCESS937,1432 RACE ST,02/25/2015 12:00:00 AM,REHAB,0,0,0,,,OWNER OCCUPIED,,-84.5169218935175,39.1112767034736,,OVER-THE-RHINE,OTR,
ACCESS938,2145 LURAY AV,03/12/2015 12:00:00 AM,NEW,0,0,0,,,OWNER OCCUPIED,,-84.4885319849758,39.1192856150818,,UNIDENTIFIED,WALNUT HILLS,
ACCESS939,1615 OTTE AV,03/27/2015 12:00:00 AM,NEW,0,0,0,,,OWNER OCCUPIED,,-84.5439592869353,39.1727271587157,,NORTHSIDE,NORTHSIDE,
ACCESS94,3729 RAWSON FARM LN,07/15/2014 12:00:00 AM,NEW,152187,15,175711,CERTIFIED,05/01/2014 12:00:00 AM,OWNER OCCUPIED,,-84.5202735058656,39.1512326082371,,CLIFTON,CLIFTON,
ACCESS940,7020 LOCKER CT,01/20/2015 12:00:00 AM,NEW,0,0,0,,,OWNER OCCUPIED,,-84.5593707756908,39.2023482474744,,UNIDENTIFIED,COLLEGE HILL,
ACCESS941,3210 WALWORTH AV,03/16/2015 12:00:00 AM,NEW,0,0,0,SILVER,02/01/2015 12:00:00 AM,OWNER OCCUPIED,,-84.4441659264949,39.1196349786543,,UNIDENTIFIED,COLUMBIA TUSCULUM - EAST END,
ACCESS942,1526 CHASE AV,02/04/2015 12:00:00 AM,REHAB,0,0,0,,,RENTAL,,-84.5376753928374,39.1634450008604,,NORTHSIDE,NORTHSIDE,
ACCESS944,13 OBSERVATORY HILL,01/20/2015 12:00:00 AM,REHAB,0,0,0,,,OWNER OCCUPIED,,-84.4167678546668,39.136998534499,,MT. LOOKOUT,MOUNT LOOKOUT,
ACCESS945,3304 WESTSIDE AV,03/09/2015 12:00:00 AM,REHAB,0,0,0,,,OWNER OCCUPIED,,-84.4452567827295,39.1363994062206,,HYDE PARK,HYDE PARK,
ACCESS946,1323 REGENT AV,02/13/2015 12:00:00 AM,REHAB,0,0,0,,,OWNER OCCUPIED,,-84.4745024257444,39.1766740718823,,BOND HILL,BOND HILL,
ACCESS947,1433 ELM ST,02/06/2015 12:00:00 AM,REHAB,0,0,0,,,OWNER OCCUPIED,,-84.5190564153061,39.1110965945169,,OVER-THE-RHINE,OTR,
ACCESS948,3390 WASSON RD,01/12/2015 12:00:00 AM,NEW,0,0,0,,,OWNER OCCUPIED,,-84.4223022788648,39.1439353885254,,UNIDENTIFIED,OAKLEY,
ACCESS949,3711 CREIGHTON PL,02/23/2015 12:00:00 AM,NEW,0,0,0,GOLD,12/01/2014 12:00:00 AM,OWNER OCCUPIED,,-84.4339436666925,39.113704215063,,COLUMBIA TUSCULUM,COLUMBIA TUSCULUM,
ACCESS95,462 STRAFER ST,09/30/2014 12:00:00 AM,NEW,152110,15,201813,SILVER,06/01/2014 12:00:00 AM,OWNER OCCUPIED,,-84.4340631505399,39.1167840933773,,COLUMBIA TUSCULUM,COLUMBIA TUSCULUM,
ACCESS950,18 THIRTEENTH ST,03/09/2015 12:00:00 AM,REHAB,0,0,0,,,OWNER OCCUPIED,,-84.5161400845225,39.1095166909471,,UNIDENTIFIED,OTR,
ACCESS951,1432 RACE ST,02/19/2015 12:00:00 AM,REHAB,0,0,0,,,OWNER OCCUPIED,,-84.5169218935175,39.1112767034736,,OVER-THE-RHINE,OTR,
ACCESS952,3828 COUNTRY CLUB PL,02/02/2015 12:00:00 AM,REHAB,0,0,0,,,OWNER OCCUPIED,,-84.4115527632926,39.150422986419,,OAKLEY,HYDE PARK,
ACCESS953,1919 RIVERSIDE DR,01/30/2015 12:00:00 AM,NEW,0,0,0,CERTIFIED,10/01/2014 12:00:00 AM,OWNER OCCUPIED,,-84.4779962611051,39.1199539948086,,UNIDENTIFIED,EAST END,
ACCESS954,1421 RACE ST,01/16/2015 12:00:00 AM,REHAB,0,0,0,,,OWNER OCCUPIED,,-84.5174638825445,39.1111373347226,,OVER-THE-RHINE,OTR,
ACCESS955,1307 REPUBLIC ST,04/02/2015 12:00:00 AM,REHAB,0,0,0,,,OWNER OCCUPIED,,-84.5161400845225,39.1095166909471,,OVER-THE-RHINE,OTR,
ACCESS956,525 HAWTHORNE AV,02/17/2015 12:00:00 AM,REHAB,0,0,0,,,OWNER OCCUPIED,,-84.563260327209,39.0999046527224,,EAST PRICE HILL,EAST PRICE HILL,
ACCESS957,525 HAWTHORNE AV,12/23/2014 12:00:00 AM,REHAB,0,0,0,,,OWNER OCCUPIED,,-84.563260327209,39.0999046527224,,EAST PRICE HILL,EAST PRICE HILL,
ACCESS958,3484 PRINCIPIO AV,01/06/2015 12:00:00 AM,REHAB,0,0,0,,,OWNER OCCUPIED,,-84.4174863268504,39.1317650473237,,MT. LOOKOUT,MOUNT LOOKOUT,
ACCESS959,5714 BRAMBLE AV,01/08/2015 12:00:00 AM,NEW,0,0,0,,,OWNER OCCUPIED,,-84.3972890559735,39.1523489610537,,MADISONVILLE,MADISONVILLE,
ACCESS96,440 STRAFER ST,04/11/2013 12:00:00 AM,NEW,153965,15,189096,SILVER,08/01/2011 12:00:00 AM,OWNER OCCUPIED,,-84.4348899527812,39.1163348931656,,COLUMBIA TUSCULUM,COLUMBIA TUSCULUM,
ACCESS960,3301 WILEY LN,01/12/2015 12:00:00 AM,REHAB,0,0,0,,,OWNER OCCUPIED,,-84.4251696402655,39.1300319677844,,MT. LOOKOUT,MOUNT LOOKOUT,
ACCESS961,4828 PLAINVILLE RD,01/02/2015 12:00:00 AM,REHAB,0,0,0,,,RENTAL,,-84.3807935310984,39.1574195389757,,MADISONVILLE,MADISONVILLE,
ACCESS962,1050 HATCH ST,03/04/2015 12:00:00 AM,REHAB,0,0,0,,,OWNER OCCUPIED,,-84.4936244795978,39.1093755618983,,UNIDENTIFIED,MOUNT ADAMS,
ACCESS963,1432 RACE ST,02/06/2015 12:00:00 AM,REHAB,0,0,0,,,OWNER OCCUPIED,,-84.5169218935175,39.1112767034736,,OVER-THE-RHINE,OTR,
ACCESS964,1432 RACE ST,03/04/2015 12:00:00 AM,REHAB,0,0,0,,,OWNER OCCUPIED,,-84.5169218935175,39.1112767034736,,OVER-THE-RHINE,OTR,
ACCESS965,3731 BORDEN ST,03/18/2015 12:00:00 AM,REHAB,0,0,0,,,OWNER OCCUPIED,,-84.5487713681326,39.1543775807545,,SOUTH CUMMINSVILLE,SOUTH CUMMINSVILLE,
ACCESS966,3731 BORDEN ST,03/18/2015 12:00:00 AM,REHAB,0,0,0,,,OWNER OCCUPIED,,-84.5486386692164,39.1554246774679,,SOUTH CUMMINSVILLE,N/A,
ACCESS967,220 STETSON ST,04/21/2017 12:00:00 AM,NEW,0,0,0,,,OWNER OCCUPIED,,-84.504196810164,39.134796166006,,UNIDENTIFIED,CORRYVILLE,
ACCESS97,442 STRAFER ST,02/15/2012 12:00:00 AM,NEW,153650,15,220766,SILVER,01/01/2012 12:00:00 AM,OWNER OCCUPIED,,-84.4348147893684,39.1163757294655,,COLUMBIA TUSCULUM,COLUMBIA TUSCULUM,
ACCESS98,3052 FAIRFIELD AV,08/21/2014 12:00:00 AM,REHAB,146051.5,10,128466,GOLD,07/01/2014 12:00:00 AM,OWNER OCCUPIED,,-84.4718073689252,39.1334972518378,,EAST WALNUT HILLS,EAST WALNUT HILLS,
ACCESS99,811 ELLISON AV,09/12/2013 12:00:00 AM,NEW,145754,10,108194,CERTIFIED,05/01/2013 12:00:00 AM,OWNER OCCUPIED,,-84.4312133067598,39.1244770845308,,MT. LOOKOUT,MOUNT LOOKOUT,
a0F0L00000QuHD3UAN,6254 KINCAID RD,09/13/2016 12:00:00 AM,REHAB,132880,10,37501.29978672,,,OWNER-OCCUPIED,QUALIFIED,-84.42479196,39.1853162800299,,PLEASANT RIDGE,PLEASANT RIDGE,58000
a0F0L00000QuHGRUA3,2145 LURAY AVE,09/12/2016 12:00:00 AM,NEW,275000,10,77610.30585,NOT CERTIFIED,,OWNER-OCCUPIED,QUALIFIED,-84.4881499242358,39.1191545570845,,WALNUT HILLS,N/A,995000
a0F0L00000QuHHAUA3,3786 BROADVIEW DR,09/16/2016 12:00:00 AM,REHAB,216640,10,61139.98785216,NOT CERTIFIED,,OWNER-OCCUPIED,QUALIFIED,-84.4112362,39.1518619100299,,HYDE PARK,HYDE PARK,269075.95
a0F0L00000QuHHFUA3,4215 WILLIAMSON PL,09/19/2016 12:00:00 AM,REHAB,175520,10,49535.13048288,NOT CERTIFIED,,OWNER-OCCUPIED,QUALIFIED,-84.53739724,39.1637028300299,,NORTHSIDE,NORTHSIDE,178923.03
a0F0L00000QuHHKUA3,1509 PLEASANT ST,09/21/2016 12:00:00 AM,REHAB,172460,10,48671.53944324,NOT CERTIFIED,,OWNER-OCCUPIED,QUALIFIED,-84.5182263061224,39.1116037346939,,OVER-THE-RHINE,N/A,202000
a0F0L00000QuHIrUAN,4242 WILLIAMSON PL,07/20/2016 12:00:00 AM,REHAB,127410,10,35957.56024854,NOT CERTIFIED,,OWNER-OCCUPIED,QUALIFIED,-84.53684732,39.1646421300298,,NORTHSIDE,NORTHSIDE,145900
a0F0L00000QuN1zUAF,444 NORTHERN AV,03/04/2016 12:00:00 AM,NEW,246860,15,104502.98237526,SILVER,,OWNER-OCCUPIED,QUALIFIED,-84.49809772,39.1438159400299,,AVONDALE,AVONDALE,215900
a0F0L00000QuNDBUA3,6700 BRITTON AV,03/25/2016 12:00:00 AM,NEW,136320,10,38472.13415808,NOT CERTIFIED,,OWNER-OCCUPIED,QUALIFIED,-84.38264157,39.1527010100299,,MADISONVILLE,MADISONVILLE,119000
a0F0L00000QuNFAUA3,3453 URIGHT PL,09/23/2016 12:00:00 AM,NEW,526180,15,222747.22217538,GOLD,,OWNER-OCCUPIED,QUALIFIED,-84.41905085,39.1340451700299,,MOUNT LOOKOUT,MOUNT LOOKOUT,740000
a0F0L00000QuO3uUAF,4009 BEECHWOOD AV,09/26/2016 12:00:00 AM,REHAB,275000,10,77610.30585,NOT CERTIFIED,,OWNER-OCCUPIED,QUALIFIED,-84.48453183,39.1574609800299,,NORTH AVONDALE,NORTH AVONDALE,317036
a0F0L00000QuO49UAF,4323 BEECH HILL AV,09/26/2016 12:00:00 AM,REHAB,275000,10,77610.30585,NOT CERTIFIED,,OWNER-OCCUPIED,QUALIFIED,-84.53669499,39.1667137600299,,NORTHSIDE,NORTHSIDE,268000
a0F0L00000QuO4OUAV,1408 CHASE AV,09/29/2016 12:00:00 AM,REHAB,275000,10,77610.30585,NOT CERTIFIED,,OWNER-OCCUPIED,QUALIFIED,-84.53455948,39.1633494900299,,NORTHSIDE,NORTHSIDE,226065
a0F0L00000QuOGsUAN,1325 CLAY ST,05/09/2016 12:00:00 AM,REHAB,291000,10,82125.814554,NOT CERTIFIED,,RENTAL,QUALIFIED,-84.51305755,39.1106770200299,,NORTHSIDE,OTR,350000
a0F0L00000QuOJ0UAN,4920 OAKLAWN DR,09/12/2016 12:00:00 AM,REHAB,128790,10,36347.02287426,NOT CERTIFIED,,OWNER-OCCUPIED,QUALIFIED,-84.41250177,39.1600957600299,,OAKLEY,MADISONVILLE,143433.84
a0F0L00000QuRErUAN,2648 BELLEVUE AV,09/30/2016 12:00:00 AM,REHAB,171620,10,48434.47523628,NOT CERTIFIED,,RENTAL,QUALIFIED,-84.50416926,39.1301479800299,,CORRYVILLE,CORRYVILLE,144000
a0F0L00000QuRF1UAN,1501 VINE ST,10/03/2016 12:00:00 AM,REHAB,115760,10,32669.70547344,NOT CERTIFIED,,OWNER-OCCUPIED,QUALIFIED,-84.5157697,39.1122448,,OVER-THE-RHINE,N/A,195000
a0F0L00000QuRF6UAN,4231 WILLIAMSON PL,10/03/2016 12:00:00 AM,REHAB,245170,10,69191.70430998,NOT CERTIFIED,,OWNER-OCCUPIED,QUALIFIED,-84.53736018,39.1641890400299,,NORTHSIDE,NORTHSIDE,186600
a0F0L00000QuRK3UAN,3556 HAVEN ST,10/03/2016 12:00:00 AM,REHAB,21150,10,5968.9380681,NOT CERTIFIED,,OWNER-OCCUPIED,QUALIFIED,-84.5050316,39.1475299700299,,AVONDALE,AVONDALE,80000
a0F0L00000QuRK8UAN,5515 EBERSOLE AV,10/05/2016 12:00:00 AM,NEW,275000,10,77610.30585,NOT CERTIFIED,,OWNER-OCCUPIED,QUALIFIED,-84.39564403,39.1668800500299,,MADISONVILLE,MADISONVILLE,230055.25
a0F0L00000QuUq2UAF,621 ATHENS AV,10/10/2016 12:00:00 AM,NEW,562000,15,237910.864842,GOLD,,OWNER-OCCUPIED,QUALIFIED,-84.43519827,39.1207511000299,,COLUMBIA-TUSCULUM,COLUMBIA TUSCULUM,774793.18
a0F0L00000QuUsUUAV,3177 GOLDEN AV,10/12/2016 12:00:00 AM,NEW,562000,15,237910.864842,GOLD,,OWNER-OCCUPIED,QUALIFIED,-84.4441341,39.1218456200299,,COLUMBIA-TUSCULUM,COLUMBIA TUSCULUM,467500
a0F0L00000QuYemUAF,1501 VINE ST,10/14/2016 12:00:00 AM,REHAB,115760,10,32669.70547344,NOT CERTIFIED,,OWNER-OCCUPIED,QUALIFIED,-84.5157697,39.1122448,,OVER-THE-RHINE,N/A,108314
a0F0L00000QuYerUAF,1501 VINE ST,10/14/2016 12:00:00 AM,REHAB,110620,10,31219.09830228,NOT CERTIFIED,,OWNER-OCCUPIED,QUALIFIED,-84.5157697,39.1122448,,OVER-THE-RHINE,N/A,108314
a0F0L00000QuYewUAF,1501 VINE ST,10/14/2016 12:00:00 AM,REHAB,112210,10,31667.82697974,NOT CERTIFIED,,OWNER-OCCUPIED,QUALIFIED,-84.5157697,39.1122448,,OVER-THE-RHINE,N/A,108314
a0F0L00000QuYfLUAV,1501 VINE ST,10/14/2016 12:00:00 AM,REHAB,121350,10,34247.3113269,NOT CERTIFIED,,OWNER-OCCUPIED,QUALIFIED,-84.5157697,39.1122448,,OVER-THE-RHINE,N/A,108314
a0F0L00000QuYffUAF,221 WADE ST,10/06/2016 12:00:00 AM,REHAB,327820,10,92517.12895908,SILVER,,OWNER-OCCUPIED,QUALIFIED,-84.52013471,39.1123900100299,,OVER-THE-RHINE,OTR,599000
a0F0L00000QuYgEUAV,1019 ST GREGORY ST,10/14/2016 12:00:00 AM,NEW,562000,15,237910.864842,GOLD,,OWNER-OCCUPIED,QUALIFIED,-84.49731383,39.1065939100299,,MOUNT ADAMS,MOUNT ADAMS,864256
a0F0L00000QuYgYUAV,3769 FERDINAND PL,10/17/2016 12:00:00 AM,NEW,275000,10,77610.30585,NOT CERTIFIED,,OWNER-OCCUPIED,QUALIFIED,-84.43031103,39.1469632200299,,OAKLEY,OAKLEY,204414.09
a0F0L00000QuYhMUAV,517 E 13TH ST,10/17/2016 12:00:00 AM,REHAB,275000,10,77610.30585,NOT CERTIFIED,,OWNER-OCCUPIED,QUALIFIED,-84.50607576,39.1104968200299,,PENDLETON,PENDLETON,288335.5
a0F0L00000QuYi2UAF,3514 TARPIS AV,10/17/2016 12:00:00 AM,REHAB,275000,10,77610.30585,NOT CERTIFIED,,OWNER-OCCUPIED,QUALIFIED,-84.42365437,39.1407230900299,,HYDE PARK,HYDE PARK,453851
a0F0L00000QucBBUAZ,2907 RIVERSIDE DR,10/20/2016 12:00:00 AM,NEW,400000,15,169331.5764,SILVER,,OWNER-OCCUPIED,QUALIFIED,-84.4503161,39.1212666500299,,EAST END,EAST END,523635
a0F0L00000QucBLUAZ,4814 CHAPELRIDGE DR,10/20/2016 12:00:00 AM,REHAB,142020,10,40080.78413388,NOT CERTIFIED,,OWNER-OCCUPIED,QUALIFIED,-84.5558896,39.1728176300299,,MOUNT AIRY,MOUNT AIRY,138000
a0F0L00000QucCJUAZ,1003 GILSEY AV,10/21/2016 12:00:00 AM,REHAB,119070,10,33603.85133658,NOT CERTIFIED,,OWNER-OCCUPIED,QUALIFIED,-84.58212295,39.1100776300299,,WEST PRICE HILL,WEST PRICE HILL,85525
a0F0L00000QucEKUAZ,1116 BEECH AV,10/24/2016 12:00:00 AM,REHAB,161130,10,45473.99484222,NOT CERTIFIED,,OWNER-OCCUPIED,QUALIFIED,-84.57714734,39.1125414500299,,WEST PRICE HILL,WEST PRICE HILL,132952
a0F0L00000QucFwUAJ,3 PEASENHALL LN,10/25/2016 12:00:00 AM,REHAB,100100,10,28250.1513294,NOT CERTIFIED,,OWNER-OCCUPIED,QUALIFIED,-84.45107978,39.1386139900299,,HYDE PARK,HYDE PARK,144710.26
a0F0L00000QucGGUAZ,1245 HERSCHEL WOODS LN,10/25/2016 12:00:00 AM,NEW,443580,15,187780.25164878,GOLD,,OWNER-OCCUPIED,QUALIFIED,-84.42172744,39.1316005900299,,MOUNT LOOKOUT,MOUNT LOOKOUT,776159.56
a0F0L00000QucHAUAZ,3 E ROOKWOOD DR,10/26/2016 12:00:00 AM,NEW,562000,15,237910.864842,GOLD,,OWNER-OCCUPIED,QUALIFIED,-84.44481408,39.1284582800299,,HYDE PARK,HYDE PARK,1563920
a0F0L00000QugEMUAZ,3029 A LAVINIA AV,03/03/2012 12:00:00 AM,NEW,239750,15,101493.11360475,SILVER,,OWNER-OCCUPIED,QUALIFIED,-84.4604354,39.1337815300299,,EVANSTON,HYDE PARK,217370
a0F0L00000QugEgUAJ,7025 LOCKER CT,02/29/2016 12:00:00 AM,NEW,191890,10,54155.06032566,NOT CERTIFIED,,OWNER-OCCUPIED,QUALIFIED,-84.55893031,39.2027813200298,,COLLEGE HILL,COLLEGE HILL,195906
a0F0L00000QugEvUAJ,4 GRANDIN FARM LN,10/28/2016 12:00:00 AM,NEW,400000,15,169331.5764,SILVER,,OWNER-OCCUPIED,QUALIFIED,-84.45838329,39.1283907800299,,HYDE PARK,HYDE PARK,954917.27
a0F0L00000QugFMUAZ,4206 MILLSBRAE AV,11/02/2016 12:00:00 AM,NEW,275000,10,77610.30585,NOT CERTIFIED,,OWNER-OCCUPIED,QUALIFIED,-84.43868122,39.1540303700299,,OAKLEY,OAKLEY,435000
a0F0L00000QuhXoUAJ,3723 MIDDLEBROOK AV,10/27/2016 12:00:00 AM,REHAB,171460,10,48389.32014924,NOT CERTIFIED,,OWNER-OCCUPIED,QUALIFIED,-84.45104568,39.1460394500299,,HYDE PARK,HYDE PARK,222477.52
a0F0L00000QuhY8UAJ,1023 FISK AV,10/28/2016 12:00:00 AM,REHAB,64120,10,18095.90113128,NOT CERTIFIED,,OWNER-OCCUPIED,QUALIFIED,-84.58673361,39.1115782700299,,WEST PRICE HILL,WEST PRICE HILL,90555
a0F0L00000QuhYDUAZ,3516 MONTEITH AV,10/26/2016 12:00:00 AM,REHAB,263480,10,74359.13958312,NOT CERTIFIED,,OWNER-OCCUPIED,QUALIFIED,-84.43657689,39.1397939200299,,HYDE PARK,HYDE PARK,617000
a0F0L00000QuhYSUAZ,4262 FERGUS ST,10/26/2016 12:00:00 AM,REHAB,211360,10,59649.86997984,NOT CERTIFIED,,OWNER-OCCUPIED,QUALIFIED,-84.53586553,39.1655923600299,,NORTHSIDE,NORTHSIDE,98604.25
a0F0L00000QuiikUAB,219 WADE ST,11/04/2016 12:00:00 AM,REHAB,400000,10,112887.7176,SILVER,,OWNER-OCCUPIED,QUALIFIED,-84.52005721,39.1124017200299,,OVER-THE-RHINE,OTR,495000
a0F0L00000QuiiuUAB,2542 CYPRESS WY,11/07/2016 12:00:00 AM,REHAB,214510,10,60538.86075594,NOT CERTIFIED,,OWNER-OCCUPIED,QUALIFIED,-84.44193092,39.1735676900298,,PLEASANT RIDGE,PLEASANT RIDGE,96117.19
a0F0L00000Quij4UAB,554 EMPRESS AV,11/07/2016 12:00:00 AM,NEW,562000,15,237910.864842,GOLD,,OWNER-OCCUPIED,QUALIFIED,-84.43589895,39.1204620200299,,COLUMBIA-TUSCULUM,COLUMBIA TUSCULUM,479750
a0F0L00000QuijEUAR,1336 HERSCHEL AV,11/08/2016 12:00:00 AM,REHAB,152600,10,43066.6642644,NOT CERTIFIED,,OWNER-OCCUPIED,QUALIFIED,-84.42099909,39.1339931500299,,MOUNT LOOKOUT,MOUNT LOOKOUT,194920
a0F0L00000QuijTUAR,3027 OBRYON ST,11/09/2016 12:00:00 AM,NEW,243090,10,68604.68817846,NOT CERTIFIED,,OWNER-OCCUPIED,QUALIFIED,-84.46143441,39.1332232100299,,EVANSTON,EVANSTON,225572
a0F0L00000QulcYUAR,436 NORTHERN AV,11/08/2016 12:00:00 AM,NEW,266700,15,112901.8285647,SILVER,,OWNER-OCCUPIED,QUALIFIED,-84.49835165,39.1438319400299,,AVONDALE,AVONDALE,198900
a0F0L00000Qum2OUAR,2200 VICTORY PW,11/02/2016 12:00:00 AM,REHAB,185200,10,52267.0132488,NOT CERTIFIED,,OWNER-OCCUPIED,QUALIFIED,,,,EAST WALNUT HILLS,N/A,140000
a0F0L00000Qum2YUAR,2027 FAITH ST,10/17/2016 12:00:00 AM,NEW,240690,10,67927.36187286,NOT CERTIFIED,,OWNER-OCCUPIED,QUALIFIED,-84.45647895,39.1784257900299,,BOND HILL,BOND HILL,266910
a0F0L00000QusE6UAJ,309 OREGON ST,11/14/2016 12:00:00 AM,NEW,275000,15,116415.458775,CERTIFIED,,OWNER-OCCUPIED,QUALIFIED,-84.4981993394721,39.1046880496362,,MOUNT ADAMS,N/A,1074999
a0F0L00000QusPmUAJ,2407 BLUFFCREST LN,11/16/2016 12:00:00 AM,NEW,172420,10,48660.25067148,NOT CERTIFIED,,OWNER-OCCUPIED,QUALIFIED,-84.58187616,39.1293705000299,,WESTWOOD,WESTWOOD,137700
a0F0L00000QusQaUAJ,3016 ERIE AV,11/16/2016 12:00:00 AM,NEW,1456270,15,616481.23691007,PLATINUM,,OWNER-OCCUPIED,QUALIFIED,-84.43031624,39.1387657400299,,HYDE PARK,HYDE PARK,1098897.01
a0F0L00000QusbhUAB,6290 COLLEGEVUE PL,11/17/2016 12:00:00 AM,NEW,276220,10,77954.61338868,NOT CERTIFIED,,OWNER-OCCUPIED,QUALIFIED,-84.55477515,39.2069546400298,,COLLEGE HILL,COLLEGE HILL,285989
a0F0L00000Qusc1UAB,3409 BROTHERTON RD,11/16/2016 12:00:00 AM,REHAB,15790,10,4456.24265226,NOT CERTIFIED,,OWNER-OCCUPIED,QUALIFIED,-84.42224649,39.1537478500299,,OAKLEY,OAKLEY,29405.85
a0F0L00000QuscGUAR,3426 DUNCAN AV,11/16/2016 12:00:00 AM,REHAB,430720,10,121557.49431168,NOT CERTIFIED,,OWNER-OCCUPIED,QUALIFIED,-84.43536368,39.1379969600299,,HYDE PARK,HYDE PARK,560879
a0F0L00000QusnSUAR,3343 SHERLOCK AVE,11/16/2016 12:00:00 AM,REHAB,104590,10,29517.31595946,NOT CERTIFIED,,OWNER-OCCUPIED,QUALIFIED,-84.5258793527169,39.1438225340241,,CLIFTON,N/A,41276
a0F0L00000QvAZZUA3,420 NORTHERN AV,11/04/2016 12:00:00 AM,NEW,266240,15,112707.09725184,SILVER,,OWNER-OCCUPIED,QUALIFIED,-84.49896068,39.1438679400299,,AVONDALE,AVONDALE,235000
a0F0L00000QvAZeUAN,1909 RIVERSIDE DR,11/16/2016 12:00:00 AM,NEW,901810,15,381762.27228321,PLATINUM,,OWNER-OCCUPIED,QUALIFIED,-84.47826141,39.1198972600299,,EAST END,EAST END,953774
a0F0L00000QvAZjUAN,325 AUDUBON ST,11/18/2016 12:00:00 AM,NEW,275000,10,77610.30585,NOT CERTIFIED,,OWNER-OCCUPIED,QUALIFIED,-84.45271683,39.1228712900299,,EAST END,EAST END,362122.07
a0F0L00000QvAarUAF,3556 RAYMAR BLVD,11/18/2016 12:00:00 AM,NEW,1703960,15,721335.58230636,PLATINUM,,OWNER-OCCUPIED,QUALIFIED,-84.43031377,39.1393177800299,,HYDE PARK,HYDE PARK,1260502.8
a0F0L00000QvAb6UAF,1125 MYRTLE AV,11/22/2016 12:00:00 AM,NEW,156780,10,44246.34091332,NOT CERTIFIED,,OWNER-OCCUPIED,QUALIFIED,-84.48475796,39.1294532000299,,WALNUT HILLS,WALNUT HILLS,83000
a0F0L00000QvAbGUAV,4568 KIRBY AV,11/22/2016 12:00:00 AM,NEW,225970,15,95659.64079777,SILVER,,OWNER-OCCUPIED,QUALIFIED,-84.54718016,39.1732562100299,,NORTHSIDE,NORTHSIDE,225412
a0F0L00000QvAc4UAF,3024 VICTORIA AV,11/22/2016 12:00:00 AM,REHAB,78310,10,22100.59291314,NOT CERTIFIED,,OWNER-OCCUPIED,QUALIFIED,-84.43230895,39.1426369500299,,HYDE PARK,HYDE PARK,157154
a0F0L00000QvAcEUAV,1501 VINE ST,11/22/2016 12:00:00 AM,REHAB,199900,10,56415.6368706,NOT CERTIFIED,,OWNER-OCCUPIED,QUALIFIED,-84.5157697,39.1122448,,OVER-THE-RHINE,N/A,108314
a0F0L00000QvQiUUAV,3422 MOONEY AV,11/22/2016 12:00:00 AM,REHAB,151420,10,42733.64549748,NOT CERTIFIED,,OWNER-OCCUPIED,QUALIFIED,-84.44568867,39.1385229700299,,HYDE PARK,HYDE PARK,189015.56
a0F0L00000QvQm4UAF,1534 BEECH AV,11/22/2016 12:00:00 AM,NEW,125420,10,35395.94385348,NOT CERTIFIED,,OWNER-OCCUPIED,QUALIFIED,-84.57622976,39.1219301900299,,WEST PRICE HILL,WEST PRICE HILL,95000
a0F0L00000QvXHOUA3,404 BAUM ST,11/29/2016 12:00:00 AM,NEW,1529630,15,647536.64802183,PLATINUM,11/22/2016 12:00:00 AM,OWNER-OCCUPIED,QUALIFIED,-84.50122117,39.1057307100299,,MOUNT ADAMS,MOUNT ADAMS,1333330
a0F0L00000QvXdWUAV,428 NORTHERN AV,12/02/2016 12:00:00 AM,NEW,266240,15,112707.09725184,SILVER,,OWNER-OCCUPIED,QUALIFIED,-84.49870583,39.1438526700299,,AVONDALE,AVONDALE,247900
a0F0L00000QvYCXUA3,575 TORRENCE LN,11/09/2016 12:00:00 AM,REHAB,110710,10,31244.49803874,NOT CERTIFIED,,OWNER-OCCUPIED,QUALIFIED,-84.46301813,39.1310449100299,,EAST WALNUT HILLS,HYDE PARK,75000
a0F0L00000Qvco3UAB,1427 HERSCHEL AV,11/23/2016 12:00:00 AM,REHAB,275000,10,77610.30585,NOT CERTIFIED,,OWNER-OCCUPIED,QUALIFIED,-84.42129674,39.1367304500299,,HYDE PARK,MOUNT LOOKOUT,390649.7
a0F0L00000QvcoSUAR,1610 PLEASANT ST,11/28/2016 12:00:00 AM,REHAB,277160,10,78219.89952504,SILVER,11/15/2016 12:00:00 AM,RENTAL,QUALIFIED,-84.51846858,39.1134814000299,,OVER-THE-RHINE,OTR,221688
a0F0L00000QvcoXUAR,1608 PLEASANT ST,11/28/2016 12:00:00 AM,REHAB,132590,10,37419.45619146,NOT CERTIFIED,,RENTAL,QUALIFIED,-84.51829621,39.1134895900299,,OVER-THE-RHINE,OTR,100360
a0F0L00000Qvcq4UAB,740 LINDELL LN,11/28/2016 12:00:00 AM,REHAB,49190,10,13882.36707186,NOT CERTIFIED,,OWNER-OCCUPIED,QUALIFIED,-84.42860834,39.1235550700299,,MOUNT LOOKOUT,MOUNT LOOKOUT,55488
a0F0L00000QvcqJUAR,3633 ZUMSTEIN AV,11/28/2016 12:00:00 AM,REHAB,191960,10,54174.81567624,NOT CERTIFIED,,OWNER-OCCUPIED,QUALIFIED,-84.44456639,39.1436505400299,,HYDE PARK,HYDE PARK,241944.3
a0F0L00000QvcrgUAB,433 BOAL ST,11/29/2016 12:00:00 AM,REHAB,80490,10,22715.83097406,NOT CERTIFIED,,OWNER-OCCUPIED,QUALIFIED,-84.50768334,39.1136430800299,,MOUNT AUBURN,MOUNT AUBURN,187974
a0F0L00000QvcrqUAB,1746 JESTER ST,12/01/2016 12:00:00 AM,REHAB,201030,10,56734.54467282,NOT CERTIFIED,,OWNER-OCCUPIED,QUALIFIED,-84.54622754,39.1636731500299,,NORTHSIDE,NORTHSIDE,111981.92
a0F0L00000QvdfBUAR,506 HOGE ST,12/12/2016 12:00:00 AM,NEW,534020,15,226066.12107282,GOLD,11/01/2016 12:00:00 AM,OWNER-OCCUPIED,QUALIFIED,-84.43723869,39.1177436800299,,COLUMBIA-TUSCULUM,COLUMBIA TUSCULUM,592060
a0F0L00000QvdfaUAB,414 NORTHERN AV,12/12/2016 12:00:00 AM,NEW,266240,15,112707.09725184,SILVER,,OWNER-OCCUPIED,QUALIFIED,-84.4991571,39.1438795700299,,AVONDALE,AVONDALE,249900
a0F0L00000QvdgiUAB,5055 SHATTUC AV,12/09/2016 12:00:00 AM,NEW,562000,15,237910.864842,GOLD,12/09/2016 12:00:00 AM,OWNER-OCCUPIED,QUALIFIED,-84.41438165,39.1288586100299,,LINWOOD,LINWOOD,420535
a0F0L00000Qvdi0UAB,443 PUEBLO ST,12/12/2016 12:00:00 AM,NEW,1053720,15,446070.17171052,PLATINUM,11/10/2016 12:00:00 AM,OWNER-OCCUPIED,QUALIFIED,-84.50676777,39.1141725100299,,MOUNT ADAMS,MOUNT AUBURN,612612.26
a0F0L00000QvdkuUAB,1310 CRYER AV,12/12/2016 12:00:00 AM,REHAB,208300,10,58786.2789402,NOT CERTIFIED,,OWNER-OCCUPIED,QUALIFIED,-84.43615232,39.1351716000299,,HYDE PARK,HYDE PARK,580000
a0F0L00000Qvdl4UAB,1717 ELM ST,12/12/2016 12:00:00 AM,REHAB,275000,10,77610.30585,NOT CERTIFIED,,OWNER-OCCUPIED,QUALIFIED,-84.51987879,39.1143293800299,,OVER-THE-RHINE,OTR,260291
a0F0L00000QvdmSUAR,306 MULBERRY ST,12/12/2016 12:00:00 AM,REHAB,234720,10,66242.51268768,,,OWNER-OCCUPIED,QUALIFIED,-84.5118065714286,39.1152231428571,,OVER-THE-RHINE,N/A,156000
a0F0L00000QvdmXUAR,306 MULBERRY ST,12/12/2016 12:00:00 AM,REHAB,264420,10,74624.42571948,NOT CERTIFIED,,OWNER-OCCUPIED,QUALIFIED,-84.5118065714286,39.1152231428571,,OVER-THE-RHINE,N/A,170000
a0F0L00000QveB0UAJ,402 BAUM ST,12/14/2016 12:00:00 AM,NEW,1280350,15,542009.20960935,PLATINUM,11/29/2016 12:00:00 AM,OWNER-OCCUPIED,QUALIFIED,-84.50113298,39.1056986300299,,MOUNT ADAMS,MOUNT ADAMS,1418533
a0F0L00000QveC9UAJ,3012 ERIE AV,12/14/2016 12:00:00 AM,NEW,1081830,15,457969.94824203,PLATINUM,11/01/2016 12:00:00 AM,OWNER-OCCUPIED,QUALIFIED,-84.4306997,39.1387318900299,,HYDE PARK,HYDE PARK,971564.99
a0F0L00000QveCdUAJ,3526 ST CHARLES PL,12/14/2016 12:00:00 AM,NEW,1016220,15,430195.33642302,PLATINUM,11/01/2016 12:00:00 AM,OWNER-OCCUPIED,QUALIFIED,-84.43787992,39.1402151200299,,HYDE PARK,HYDE PARK,862200
a0F0L00000QveRNUAZ,3602 MICHIGAN AV,12/15/2016 12:00:00 AM,NEW,913980,15,386914.18549518,PLATINUM,11/01/2016 12:00:00 AM,OWNER-OCCUPIED,QUALIFIED,-84.44112234,39.1425167000299,,HYDE PARK,HYDE PARK,660000
a0F0L00000QveWpUAJ,3524 STETTINIUS AV,12/15/2016 12:00:00 AM,REHAB,274440,10,77452.26304536,NOT CERTIFIED,,OWNER-OCCUPIED,QUALIFIED,-84.44798728,39.1412436700298,,HYDE PARK,HYDE PARK,575000
a0F0L00000QviTOUAZ,2145 LURAY AVE,12/19/2016 12:00:00 AM,REHAB,275000,10,77610.30585,NOT CERTIFIED,,OWNER-OCCUPIED,QUALIFIED,-84.4881499242358,39.1191545570845,,WALNUT HILLS,N/A,945000
a0F0L00000QvjfsUAB,3363 ARROW AV,10/21/2016 12:00:00 AM,REHAB,275000,10,77610.30585,NOT CERTIFIED,,OWNER-OCCUPIED,QUALIFIED,-84.42132251,39.1823504300299,,PLEASANT RIDGE,PLEASANT RIDGE,130300
a0F0L00000QvjfxUAB,422 NORTHERN AV,12/21/2016 12:00:00 AM,NEW,275000,10,77610.30585,NOT CERTIFIED,,OWNER-OCCUPIED,QUALIFIED,-84.49889903,39.1438639700299,,AVONDALE,AVONDALE,242900
a0F0L00000Qvjg7UAB,5812 BRAMBLE AV,12/21/2016 12:00:00 AM,NEW,334990,15,141810.96194559,SILVER,,OWNER-OCCUPIED,QUALIFIED,-84.39521893,39.1523057900299,,MADISONVILLE,MADISONVILLE,282300
a0F0L00000QvjgCUAR,4234 MILLSBRAE AV,12/07/2016 12:00:00 AM,REHAB,194840,10,54987.60724296,NOT CERTIFIED,,OWNER-OCCUPIED,QUALIFIED,-84.43860372,39.1547885400299,,OAKLEY,OAKLEY,253751.28
a0F0L00000QvjgHUAR,3752 BROADVIEW DR,12/07/2016 12:00:00 AM,REHAB,273530,10,77195.44348782,NOT CERTIFIED,,OWNER-OCCUPIED,QUALIFIED,-84.40978197,39.1509058200299,,HYDE PARK,HYDE PARK,276386
a0F0L00000QvjgMUAR,1935 CRANE AV,12/08/2016 12:00:00 AM,REHAB,210380,10,59373.29507172,NOT CERTIFIED,,OWNER-OCCUPIED,QUALIFIED,-84.46502677,39.1401075000299,,EVANSTON,EVANSTON,117970
a0F0L00000QvjgRUAR,2356 PARK AVE,12/16/2016 12:00:00 AM,REHAB,1090,10,307.61903046,NOT CERTIFIED,,OWNER-OCCUPIED,QUALIFIED,-84.48623,39.1246,,EAST WALNUT HILLS,N/A,210000
a0F0L00000QvjhQUAR,3644 TAMARACK AV,12/19/2016 12:00:00 AM,REHAB,146570,10,41364.88192158,NOT CERTIFIED,,OWNER-OCCUPIED,QUALIFIED,-84.45394424,39.1450442600299,,HYDE PARK,HYDE PARK,274500
a0F0L00000QvjhkUAB,920 MT HOPE AV,12/16/2016 12:00:00 AM,REHAB,177720,10,50156.01292968,NOT CERTIFIED,,OWNER-OCCUPIED,QUALIFIED,-84.55761167,39.1074782300299,,EAST PRICE HILL,EAST PRICE HILL,103565.38
a0F0L00000QvjhuUAB,960 HATCH ST,12/16/2016 12:00:00 AM,REHAB,173580,10,48987.62505252,NOT CERTIFIED,,RENTAL,QUALIFIED,-84.49647355,39.1093696700299,,MOUNT ADAMS,MOUNT ADAMS,286291.47
a0F0L00000Qvji4UAB,201 MULBERRY ST,12/16/2016 12:00:00 AM,REHAB,336030,10,94834.14936282,SILVER,,RENTAL,QUALIFIED,-84.51297712,39.1157045000299,,MOUNT AUBURN,MOUNT AUBURN,253935
a0F0L00000QvjlEUAR,309 OREGON ST,11/13/2014 12:00:00 AM,NEW,275000,15,116415.458775,CERTIFIED,,OWNER-OCCUPIED,PREVIOUSLY CERTIFIED,-84.4981993394721,39.1046880496362,,MOUNT ADAMS,N/A,884583.6
a0F0L00000QvjlxUAB,149 GOETHE ST,12/22/2016 12:00:00 AM,REHAB,275000,10,77610.30585,NOT CERTIFIED,,OWNER-OCCUPIED,QUALIFIED,-84.5132141428571,39.1170156326531,,MOUNT AUBURN,N/A,415000
a0F0L00000QvjmRUAR,3119 WOODSFIELD ST,12/22/2016 12:00:00 AM,REHAB,138740,10,39155.10484956,NOT CERTIFIED,,OWNER-OCCUPIED,QUALIFIED,-84.4283408,39.1825624300299,,PLEASANT RIDGE,PLEASANT RIDGE,59800
a0F0L00000QvjmbUAB,4268 DANE AV,12/27/2016 12:00:00 AM,REHAB,158030,10,44599.11503082,NOT CERTIFIED,,OWNER-OCCUPIED,QUALIFIED,-84.53256117,39.1659570300299,,NORTHSIDE,NORTHSIDE,127515
a0F0L00000QvjmqUAB,3429 ZUMSTEIN AV,12/27/2016 12:00:00 AM,NEW,562000,15,237910.864842,GOLD,,OWNER-OCCUPIED,QUALIFIED,-84.44524251,39.1387195000299,,HYDE PARK,HYDE PARK,438465
a0F0L00000Qvjn0UAB,1306 GROESBECK RD,12/23/2016 12:00:00 AM,REHAB,95390,10,26920.89845466,NOT CERTIFIED,,OWNER-OCCUPIED,QUALIFIED,-84.54156716,39.1953179200298,,COLLEGE HILL,COLLEGE HILL,106525
a0F0L00000Qvkd0UAB,1501 VINE ST,12/20/2016 12:00:00 AM,REHAB,203210,10,57349.78273374,NOT CERTIFIED,,OWNER-OCCUPIED,QUALIFIED,-84.5157697,39.1122448,,OVER-THE-RHINE,N/A,234675
a0F0L00000Qvkd5UAB,1527 REPUBLIC ST,12/29/2016 12:00:00 AM,NEW,562000,15,237910.864842,GOLD,,OWNER-OCCUPIED,QUALIFIED,-84.51687294,39.1124158300299,,OVER-THE-RHINE,OTR,621276.92
a0F0L00000QvkdjUAB,3561 MICHIGAN AV,12/29/2016 12:00:00 AM,REHAB,275000,10,77610.30585,NOT CERTIFIED,,OWNER-OCCUPIED,QUALIFIED,-84.4418511,39.1417324600299,,HYDE PARK,HYDE PARK,441547
a0F0L00000QvkdtUAB,1032 AVONDALE AV,12/29/2016 12:00:00 AM,REHAB,170450,10,48104.2786623,NOT CERTIFIED,,OWNER-OCCUPIED,QUALIFIED,-84.47417421,39.1555651100299,,NORTH AVONDALE,NORTH AVONDALE,47800
a0F0L00000Qvke8UAB,661 STANLEY AV,12/29/2016 12:00:00 AM,NEW,1027390,15,434923.92069399,PLATINUM,,OWNER-OCCUPIED,QUALIFIED,-84.4285998,39.1211607200299,,MOUNT LOOKOUT,COLUMBIA TUSCULUM - MT LOOKOUT,1187325.35
a0F0L00000QvkeIUAR,2979 TIMBERCREST DR,12/29/2016 12:00:00 AM,REHAB,28560,10,8060.18303664,NOT CERTIFIED,,OWNER-OCCUPIED,QUALIFIED,-84.59786487,39.1373903600299,,WESTWOOD,WESTWOOD,11345
a0F0L00000QvkeXUAR,5903 WOODMONT AV,01/03/2017 12:00:00 AM,REHAB,91420,10,25800.48785748,NOT CERTIFIED,,OWNER-OCCUPIED,QUALIFIED,-84.42494282,39.1787925000299,,PLEASANT RIDGE,PLEASANT RIDGE,110322.19
a0F0L00000QvkecUAB,3366 WOODFORD RD,01/03/2017 12:00:00 AM,REHAB,204780,10,57792.86702532,NOT CERTIFIED,,OWNER-OCCUPIED,QUALIFIED,-84.42133811,39.1807142200299,,PLEASANT RIDGE,PLEASANT RIDGE,110000
a0F0L00000QvkehUAB,309 OREGON ST,12/20/2013 12:00:00 AM,NEW,579640,15,245378.38736124,CERTIFIED,,OWNER-OCCUPIED,PREVIOUSLY CERTIFIED,-84.4981993394721,39.1046880496362,,MOUNT ADAMS,N/A,970000
a0F0L00000QvklOUAR,2770 OBSERVATORY AVE,01/04/2017 12:00:00 AM,NEW,562000,15,237910.864842,GOLD,,OWNER-OCCUPIED,QUALIFIED,-84.4402671,39.1378211,,HYDE PARK,N/A,2355809
a0F0L00000QvklTUAR,2770 OBSERVATORY AVE,01/03/2017 12:00:00 AM,NEW,562000,15,237910.864842,GOLD,,OWNER-OCCUPIED,QUALIFIED,-84.4402671,39.1378211,,HYDE PARK,N/A,807878
a0F0L00000QvkliUAB,5424 SCARLETOAK DR,01/03/2017 12:00:00 AM,NEW,,15,,NOT CERTIFIED,,OWNER-OCCUPIED,QUALIFIED,-84.5124602,39.1014537,,MOUNT AIRY,N/A,100000
a0F0L00000QvnA7UAJ,2770 OBSERVATORY AVE,01/06/2017 12:00:00 AM,NEW,562000,15,237910.864842,GOLD,,OWNER-OCCUPIED,QUALIFIED,-84.4402671,39.1378211,,HYDE PARK,N/A,1112475.57
a0F0L00000QvnACUAZ,3753 LLEWELLYN AV,01/06/2017 12:00:00 AM,REHAB,40940,10,11554.05789636,NOT CERTIFIED,,OWNER-OCCUPIED,QUALIFIED,-84.54956331,39.1554180200299,,SOUTH CUMMINSVILLE,SOUTH CUMMINSVILLE,60067.29
a0F0L00000QvnAMUAZ,1317 CEDAR AV,01/06/2017 12:00:00 AM,REHAB,142700,10,40272.6932538,NOT CERTIFIED,,OWNER-OCCUPIED,QUALIFIED,-84.54171574,39.1979891400299,,COLLEGE HILL,COLLEGE HILL,115601.41
a0F0L00000QvnAgUAJ,1323 CEDAR AV,01/06/2017 12:00:00 AM,NEW,261420,15,110666.65175622,SILVER,02/01/2015 12:00:00 AM,OWNER-OCCUPIED,QUALIFIED,-84.54190138,39.1980936800298,,COLLEGE HILL,COLLEGE HILL,195750.61
a0F0L00000QvnAqUAJ,5315 WARD ST,01/06/2017 12:00:00 AM,NEW,174690,10,49300.88846886,NOT CERTIFIED,,OWNER-OCCUPIED,QUALIFIED,-84.39166616,39.1641317600299,,MADISONVILLE,MADISONVILLE,102000
a0F0L00000QvnB0UAJ,149 GOETHE ST,01/06/2017 12:00:00 AM,REHAB,275000,10,77610.30585,NOT CERTIFIED,,OWNER-OCCUPIED,QUALIFIED,-84.5132141428571,39.1170156326531,,MOUNT AUBURN,N/A,390900
a0F0L00000QvnBAUAZ,2770 OBSERVATORY AVE,01/09/2017 12:00:00 AM,NEW,562000,15,237910.864842,GOLD,,OWNER-OCCUPIED,QUALIFIED,-84.4402671,39.1378211,,HYDE PARK,N/A,1324182
a0F0L00000QvoJHUAZ,3336 WOODBURN AV,01/09/2017 12:00:00 AM,REHAB,210870,10,59511.58252578,NOT CERTIFIED,,OWNER-OCCUPIED,QUALIFIED,-84.47538738,39.1391259400299,,EVANSTON,EVANSTON,195586.52
a0F0L00000QvoJWUAZ,2012 FAITH ST,01/09/2017 12:00:00 AM,NEW,259450,10,73221.7958283,NOT CERTIFIED,,OWNER-OCCUPIED,QUALIFIED,-84.45735162,39.1793530500299,,BOND HILL,BOND HILL,240749
a0F0L00000QvoLNUAZ,2311 KEMPER LN,01/09/2017 12:00:00 AM,REHAB,275000,10,77610.30585,NOT CERTIFIED,,RENTAL,QUALIFIED,-84.48862621,39.1227517800299,,WALNUT HILLS,WALNUT HILLS,211594
a0F0L00000QvoNOUAZ,2574 VILLA LN,01/11/2017 12:00:00 AM,NEW,516770,15,218763.69684057,GOLD,,OWNER-OCCUPIED,QUALIFIED,-84.44916172,39.1430916600299,,HYDE PARK,HYDE PARK,421509.16
a0F0L00000QvpQOUAZ,1115 BELVEDERE ST,01/11/2017 12:00:00 AM,REHAB,89830,10,25351.75918002,NOT CERTIFIED,,OWNER-OCCUPIED,QUALIFIED,-84.49706833,39.1081441700299,,MOUNT ADAMS,MOUNT ADAMS,133402.14
a0F0L00000QvpQTUAZ,6409 GRAND VISTA AV,05/23/2016 12:00:00 AM,REHAB,215860,10,60919.85680284,NOT CERTIFIED,,OWNER-OCCUPIED,QUALIFIED,-84.4219355,39.1908413300298,,PLEASANT RIDGE,PLEASANT RIDGE,173164
a0F0L00000QvpR7UAJ,2770 OBSERVATORY AVE,01/12/2017 12:00:00 AM,NEW,562000,15,237910.864842,GOLD,,OWNER-OCCUPIED,QUALIFIED,-84.4402671,39.1378211,,HYDE PARK,N/A,1207803.58
a0F0L00000QvpRRUAZ,3552 RAYMAR BLVD,01/17/2017 12:00:00 AM,NEW,1444310,15,611418.22277571,PLATINUM,,OWNER-OCCUPIED,QUALIFIED,-84.43095083,39.1395296200299,,HYDE PARK,HYDE PARK,1497126.22
a0F0L00000QvpRlUAJ,418 NORTHERN AV,01/12/2017 12:00:00 AM,NEW,266240,15,112707.09725184,SILVER,,OWNER-OCCUPIED,QUALIFIED,-84.49902647,39.1438721600299,,AVONDALE,AVONDALE,245000
a0F0L00000QvsdUUAR,1339 PARKRIDGE PL,01/18/2017 12:00:00 AM,REHAB,274230,10,77392.99699362,NOT CERTIFIED,,OWNER-OCCUPIED,QUALIFIED,-84.42442486,39.1359150300299,,HYDE PARK,MOUNT LOOKOUT,265300
a0F0L00000QvsdoUAB,1574 LARRY AV,01/19/2017 12:00:00 AM,REHAB,181400,10,51194.5799316,NOT CERTIFIED,,OWNER-OCCUPIED,QUALIFIED,-84.54712061,39.2084816000298,,COLLEGE HILL,COLLEGE HILL,122756.8
a0F0L00000QvseNUAR,1509 RUTH AV,03/21/2016 12:00:00 AM,REHAB,193000,10,54468.323742,NOT CERTIFIED,,OWNER-OCCUPIED,QUALIFIED,-84.47871429,39.1390502600299,,EVANSTON,EVANSTON,207421.41
a0F0L00000QvskfUAB,2770 OBSERVATORY AVE,01/09/2017 12:00:00 AM,NEW,562000,15,237910.864842,GOLD,,OWNER-OCCUPIED,QUALIFIED,-84.4402671,39.1378211,,HYDE PARK,N/A,1226246.39
a0F0L00000QvskpUAB,4936 KIRBY AV,09/21/2015 12:00:00 AM,NEW,491470,15,208053.47463327,GOLD,,OWNER-OCCUPIED,QUALIFIED,-84.55434169,39.1791287000299,,MOUNT AIRY,MOUNT AIRY,322000
a0F0L00000QvskuUAB,2770 OBSERVATORY AVE,01/23/2017 12:00:00 AM,NEW,562000,15,237910.864842,GOLD,,OWNER-OCCUPIED,QUALIFIED,-84.4402671,39.1378211,,HYDE PARK,N/A,1145847
a0F0L00000QvsldUAB,1990 JESSE LN,01/25/2017 12:00:00 AM,NEW,275000,15,116415.458775,CERTIFIED,,OWNER-OCCUPIED,QUALIFIED,-84.55858434,39.2020569300299,,COLLEGE HILL,COLLEGE HILL,338250
a0F0L00000QvslxUAB,7015 LOCKER CT,01/27/2017 12:00:00 AM,NEW,268780,10,75854.90184132,NOT CERTIFIED,,OWNER-OCCUPIED,QUALIFIED,-84.5598968,39.2026378300299,,COLLEGE HILL,COLLEGE HILL,264593
a0F0L00000QvsmWUAR,1209 TANNEHILL LN,01/26/2017 12:00:00 AM,NEW,1526730,15,646308.99409293,PLATINUM,,OWNER-OCCUPIED,QUALIFIED,-84.41677699,39.1295377100299,,MOUNT LOOKOUT,MOUNT LOOKOUT,1220000
a0F0L00000Qvu22UAB,1432 RACE ST,12/26/2014 12:00:00 AM,REHAB,187010,10,52777.83017094,NOT CERTIFIED,,OWNER-OCCUPIED,QUALIFIED,-84.5169667690284,39.1107798508607,,OVER-THE-RHINE,N/A,220900
a0F0L00000QvuEBUAZ,1335 PENDLETON ST,02/06/2017 12:00:00 AM,NEW,562000,15,237910.864842,GOLD,,OWNER-OCCUPIED,QUALIFIED,-84.50735059,39.1115580900299,,PENDLETON,PENDLETON,568200
a0F0L00000QvuEVUAZ,462 CONROY ST,05/23/2019 12:00:00 AM,REHAB,,10,,NOT CERTIFIED,,OWNER-OCCUPIED,QUALIFIED,-84.5124602,39.1014537,,CUF,N/A,35860
a0F0L00000QvuFJUAZ,1432 RACE ST,02/01/2017 12:00:00 AM,REHAB,186530,10,52642.36490982,NOT CERTIFIED,,OWNER-OCCUPIED,QUALIFIED,-84.5169667690284,39.1107798508607,,OVER-THE-RHINE,N/A,267900
a0F0L00000QvuFZUAZ,3301 OBSERVATORY AV,02/01/2017 12:00:00 AM,REHAB,18240,10,5147.67992256,NOT CERTIFIED,,OWNER-OCCUPIED,QUALIFIED,-84.4223667,39.1370037400299,,HYDE PARK,HYDE PARK,52345.19
a0F0L00000QvuITUAZ,3545 PAPE AV,02/02/2017 12:00:00 AM,REHAB,54450,10,15366.8405583,NOT CERTIFIED,,OWNER-OCCUPIED,QUALIFIED,-84.41746314,39.1399333900299,,HYDE PARK,HYDE PARK,70662.1
a0F0L00000QvuIxUAJ,4219 CHERRY ST,02/02/2017 12:00:00 AM,REHAB,275000,10,77610.30585,NOT CERTIFIED,,OWNER-OCCUPIED,QUALIFIED,-84.54246008,39.1643003600299,,NORTHSIDE,NORTHSIDE,342000
a0F0L00000QvuJ7UAJ,2021 BURNET AV,02/02/2017 12:00:00 AM,REHAB,141080,10,39815.49799752,NOT CERTIFIED,,RENTAL,QUALIFIED,-84.50310558,39.1185298800299,,MOUNT AUBURN,MOUNT AUBURN,105991
a0F0L00000QvuJgUAJ,1051 WELLS ST,02/03/2017 12:00:00 AM,REHAB,59580,10,16814.62553652,NOT CERTIFIED,,RENTAL,QUALIFIED,-84.56967512,39.1123356900299,,EAST PRICE HILL,EAST PRICE HILL,44530
a0F0L00000QvuKZUAZ,1211 TANNEHILL LN,02/06/2017 12:00:00 AM,NEW,1277770,15,540917.02094157,PLATINUM,,OWNER-OCCUPIED,QUALIFIED,-84.41640302,39.1296592300299,,MOUNT LOOKOUT,MOUNT LOOKOUT,1210000
a0F0L00000QvuKeUAJ,3544 PEMBROKE AV,02/07/2017 12:00:00 AM,REHAB,,10,,NOT CERTIFIED,,OWNER-OCCUPIED,QUALIFIED,-84.5124602,39.1014537,,HYDE PARK,N/A,215000
a0F0L00000QvuKoUAJ,4769 HART AV,02/07/2017 12:00:00 AM,REHAB,230710,10,65110.81331874,NOT CERTIFIED,,OWNER-OCCUPIED,QUALIFIED,-84.54304136,39.1790743000299,,NORTHSIDE,NORTHSIDE,222025.01
a0F0L00000QvukiUAB,3701 SAYBROOK AV,02/09/2017 12:00:00 AM,NEW,275000,10,77610.30585,NOT CERTIFIED,,OWNER-OCCUPIED,QUALIFIED,-84.41071447,39.1415134800299,,HYDE PARK,HYDE PARK,503039.79
a0F0L00000QvuknUAB,6330 GERSHOM AV,02/09/2017 12:00:00 AM,NEW,264750,10,74717.5580865,NOT CERTIFIED,,OWNER-OCCUPIED,QUALIFIED,-84.55534146,39.2084831900299,,COLLEGE HILL,COLLEGE HILL,289579
a0F0L00000QvuksUAB,1000 PAXTON AVE,02/09/2017 12:00:00 AM,REHAB,263670,10,74412.76124898,NOT CERTIFIED,,OWNER-OCCUPIED,QUALIFIED,-84.434765,39.12937,,HYDE PARK,N/A,329053.74
a0F0L00000Qvul2UAB,2772 SARITA PL,02/10/2017 12:00:00 AM,REHAB,136970,10,38655.57669918,NOT CERTIFIED,,OWNER-OCCUPIED,QUALIFIED,-84.43973217,39.1358348500299,,HYDE PARK,HYDE PARK,176651
a0F0L00000QvunrUAB,4226 BROWNWAY AV,02/10/2017 12:00:00 AM,REHAB,189070,10,53359.20191658,NOT CERTIFIED,,RENTAL,QUALIFIED,-84.4305106,39.1545517100299,,OAKLEY,OAKLEY,142251
a0F0L00000Qvuo6UAB,577 TORRENCE LN,02/10/2017 12:00:00 AM,REHAB,247420,10,69826.69772148,NOT CERTIFIED,,OWNER-OCCUPIED,QUALIFIED,-84.462975,39.1310883800299,,HYDE PARK,HYDE PARK,76331.05
a0F0L00000QvuqMUAR,4145 CHAMBERS ST,01/26/2017 12:00:00 AM,REHAB,162110,10,45750.56975034,NOT CERTIFIED,,OWNER-OCCUPIED,QUALIFIED,-84.53413978,39.1616222600299,,NORTHSIDE,NORTHSIDE,75600
a0F0L00000QvuqWUAR,2770 OBSERVATORY AVE,01/27/2017 12:00:00 AM,NEW,562000,15,237910.864842,GOLD,,OWNER-OCCUPIED,QUALIFIED,-84.4402671,39.1378211,,HYDE PARK,N/A,1130921.5
a0F0L00000QvuyuUAB,15 W FOURTH ST,01/12/2017 12:00:00 AM,REHAB,275000,10,77610.30585,NOT CERTIFIED,,OWNER-OCCUPIED,QUALIFIED,-84.5139738139171,39.0994455,,DOWNTOWN CINCINNATI,N/A,248000
a0F0L00000QvuyzUAB,2770 OBSERVATORY AVE,01/09/2017 12:00:00 AM,NEW,562000,15,237910.864842,GOLD,,OWNER-OCCUPIED,QUALIFIED,-84.4402671,39.1378211,,HYDE PARK,N/A,863684.96
a0F0L00000Qvuz9UAB,623 ORIENT AV,01/24/2017 12:00:00 AM,REHAB,90670,10,25588.82338698,NOT CERTIFIED,,OWNER-OCCUPIED,QUALIFIED,-84.51385252,39.1721531300299,,SPRING GROVE VILLAGE,SPRING GROVE VILLAGE,64222.54
a0F0L00000QvuzTUAR,2770 OBSERVATORY AVE,01/05/2017 12:00:00 AM,NEW,562000,15,237910.864842,GOLD,,OWNER-OCCUPIED,QUALIFIED,-84.4402671,39.1378211,,HYDE PARK,N/A,790116.9
a0F0L00000QvvSaUAJ,1411 REPUBLIC ST,02/13/2017 12:00:00 AM,NEW,275000,10,77610.30585,NOT CERTIFIED,,OWNER-OCCUPIED,QUALIFIED,-84.51646942,39.1108017400299,,OVER-THE-RHINE,OTR,313223.78
a0F0L00000QvvSfUAJ,3223 HARDISTY AV,02/15/2017 12:00:00 AM,REHAB,262980,10,74218.02993612,NOT CERTIFIED,,OWNER-OCCUPIED,QUALIFIED,-84.42686471,39.1310764700299,,MOUNT LOOKOUT,MOUNT LOOKOUT,238535.26
a0F0L00000QvvSkUAJ,1325 2 REPUBLIC ST,02/16/2017 12:00:00 AM,NEW,524480,15,222027.56297568,GOLD,,OWNER-OCCUPIED,QUALIFIED,-84.51616284,39.1101487200299,,OVER-THE-RHINE,OTR,691018
a0F0L00000QvvTOUAZ,2264 KIPLING AV,02/17/2017 12:00:00 AM,REHAB,113540,10,32043.17864076,NOT CERTIFIED,,OWNER-OCCUPIED,QUALIFIED,-84.56652408,39.2022934400298,,MOUNT AIRY,MOUNT AIRY,63625.56
a0F0L00000QvvTTUAZ,1057 WELLS ST,02/17/2017 12:00:00 AM,NEW,126990,10,35839.02814506,NOT CERTIFIED,,OWNER-OCCUPIED,QUALIFIED,-84.56967141,39.1125697300299,,EAST PRICE HILL,EAST PRICE HILL,88000
a0F0L00000QvvTYUAZ,4245 WILLIAMSON PL,02/21/2017 12:00:00 AM,REHAB,216570,10,61120.23250158,NOT CERTIFIED,,OWNER-OCCUPIED,QUALIFIED,-84.53730316,39.1645948500299,,NORTHSIDE,NORTHSIDE,138000
a0F0L00000QvvTsUAJ,4143 DANE AV,02/21/2017 12:00:00 AM,REHAB,157750,10,44520.0936285,NOT CERTIFIED,,OWNER-OCCUPIED,QUALIFIED,-84.53276163,39.1612850000298,,NORTHSIDE,NORTHSIDE,93716.95
a0F0L00000QvvU2UAJ,426 NORTHERN AV,02/21/2017 12:00:00 AM,NEW,266240,15,112707.09725184,SILVER,06/09/2023 12:00:00 AM,OWNER-OCCUPIED,QUALIFIED,-84.49877299,39.1438568600299,,AVONDALE,AVONDALE,237900
a0F0L00000QvvUCUAZ,2128 GOLD ST,02/22/2017 12:00:00 AM,NEW,562000,15,237910.864842,GOLD,,OWNER-OCCUPIED,QUALIFIED,-84.4596538,39.1347164400299,,EVANSTON,HYDE PARK,750558.8
a0F0L00000QvvUHUAZ,1630 BRANDON AV,02/23/2017 12:00:00 AM,REHAB,136040,10,38393.11275576,NOT CERTIFIED,,OWNER-OCCUPIED,QUALIFIED,-84.38911326,39.0839024300299,,MOUNT WASHINGTON,MOUNT WASHINGTON,75330
a0F0L00000QvwMRUAZ,3331 DE FOREST DR,02/24/2017 12:00:00 AM,REHAB,10400,10,2935.0806576,NOT CERTIFIED,,OWNER-OCCUPIED,QUALIFIED,-84.42269802,39.1455605900299,,OAKLEY,OAKLEY,25707.37
a0F0L00000QvwMbUAJ,3557 MADISON PARK AV,02/27/2017 12:00:00 AM,REHAB,110680,10,31236.03145992,NOT CERTIFIED,,OWNER-OCCUPIED,QUALIFIED,-84.418424,39.1586502700299,,OAKLEY,OAKLEY,247500
a0F0L00000QvwMgUAJ,2754 WILLARD AV,02/27/2017 12:00:00 AM,REHAB,98570,10,27818.35580958,NOT CERTIFIED,,RENTAL,QUALIFIED,-84.44071012,39.1470049300299,,OAKLEY,OAKLEY,83627
a0F0L00000QvwMqUAJ,3376 AULT VIEW AVE,02/27/2017 12:00:00 AM,REHAB,252070,10,71139.01743858,NOT CERTIFIED,,OWNER-OCCUPIED,QUALIFIED,-84.4190341665007,39.1379961388716,,MOUNT LOOKOUT,N/A,338040
a0F0L00000QvwN0UAJ,3957 MARBURG AV,02/28/2017 12:00:00 AM,REHAB,134290,10,37899.22899126,NOT CERTIFIED,,OWNER-OCCUPIED,QUALIFIED,-84.42191589,39.1504284200299,,OAKLEY,OAKLEY,140005.58
a0F0L00000QvwN5UAJ,3810 SPRING HOUSE LN,03/01/2017 12:00:00 AM,REHAB,24080,10,6795.84059952,NOT CERTIFIED,,OWNER-OCCUPIED,QUALIFIED,-84.50091511,39.1553182600299,,NORTH AVONDALE,AVONDALE - NORTH AVONDALE,21076
a0F0L00000QvxGwUAJ,1614 MAIN ST,03/06/2017 12:00:00 AM,REHAB,231530,10,65342.23313982,NOT CERTIFIED,,RENTAL,QUALIFIED,-84.51224259,39.1131877600299,,OVER-THE-RHINE,MOUNT AUBURN,169600
a0F0L00000QvxH1UAJ,1714 POMONA CT,08/06/2015 12:00:00 AM,NEW,275000,10,77610.30585,NOT CERTIFIED,,OWNER-OCCUPIED,QUALIFIED,-84.47444647,39.1281950600299,,EAST WALNUT HILLS,EAST WALNUT HILLS,422659
a0F0L00000QvxH6UAJ,2770 LINSHAW CT,03/03/2017 12:00:00 AM,NEW,562000,15,237910.864842,GOLD,,OWNER-OCCUPIED,QUALIFIED,-84.44093214,39.1380138800299,,HYDE PARK,HYDE PARK,1806898.17
a0F0L00000QvxHBUAZ,2021 FAITH ST,03/03/2017 12:00:00 AM,NEW,275000,10,77610.30585,NOT CERTIFIED,,OWNER-OCCUPIED,QUALIFIED,-84.45673684,39.1788169100299,,BOND HILL,BOND HILL,252469
a0F0L00000QvxHzUAJ,5698 EAGLESRIDGE LN,03/06/2017 12:00:00 AM,REHAB,83780,10,23644.33245132,NOT CERTIFIED,,OWNER-OCCUPIED,QUALIFIED,-84.40752896,39.0887845300299,,MOUNT WASHINGTON,MOUNT WASHINGTON,63500
a0F0L00000SDisdUAD,3303 BEREDITH PL,01/17/2017 12:00:00 AM,REHAB,275000,10,77610.30585,NOT CERTIFIED,,OWNER-OCCUPIED,QUALIFIED,-84.42461545,39.1873363400299,,PLEASANT RIDGE,PLEASANT RIDGE,250000
a0F0L00000SDisnUAD,3431 WELLSTON PL,03/06/2017 12:00:00 AM,REHAB,82870,10,23387.51289378,NOT CERTIFIED,,OWNER-OCCUPIED,QUALIFIED,-84.42435037,39.1374835600299,,HYDE PARK,HYDE PARK,374000
a0F0L00000SDiuPUAT,2200 VICTORY PW,03/07/2017 12:00:00 AM,REHAB,86710,10,24471.23498274,NOT CERTIFIED,,RENTAL,QUALIFIED,,,,EAST WALNUT HILLS,N/A,52416
a0F0L00000SDiwQUAT,20 GRANDIN LN,03/08/2017 12:00:00 AM,REHAB,275000,10,77610.30585,NOT CERTIFIED,,OWNER-OCCUPIED,QUALIFIED,-84.460701,39.1275174300299,,HYDE PARK,HYDE PARK,747754
a0F0L00000SDiwkUAD,3220 GOLDEN AV,03/08/2017 12:00:00 AM,NEW,562000,15,237910.864842,GOLD,,OWNER-OCCUPIED,QUALIFIED,-84.44185091,39.1211005600299,,COLUMBIA-TUSCULUM,COLUMBIA TUSCULUM,616900
a0F0L00000SDixTUAT,4243 CHAMBERS ST,03/08/2017 12:00:00 AM,REHAB,218080,10,61546.38363552,NOT CERTIFIED,,OWNER-OCCUPIED,QUALIFIED,-84.5342738636364,39.1647734090909,,NORTHSIDE,N/A,176186.72
a0F0L00000SDixiUAD,7009 LOCKER CT,03/09/2017 12:00:00 AM,NEW,227160,10,64108.93482504,NOT CERTIFIED,,OWNER-OCCUPIED,QUALIFIED,-84.55987638,39.2021823000298,,COLLEGE HILL,COLLEGE HILL,215250
a0F0L00000SDizUUAT,1614 COOPER ST,03/09/2017 12:00:00 AM,REHAB,228230,10,64410.90946962,NOT CERTIFIED,,OWNER-OCCUPIED,QUALIFIED,-84.5406154,39.1578616100299,,NORTHSIDE,NORTHSIDE,272996
a0F0L00000SDizjUAD,1616 COOPER ST,03/09/2017 12:00:00 AM,REHAB,245830,10,69377.96904402,NOT CERTIFIED,,OWNER-OCCUPIED,QUALIFIED,-84.54066859,39.1578716400298,,NORTHSIDE,NORTHSIDE,272996
a0F0L00000SDj1GUAT,1995 JESSE LN,03/09/2017 12:00:00 AM,NEW,268340,10,75730.72535196,NOT CERTIFIED,,OWNER-OCCUPIED,QUALIFIED,-84.55930584,39.2016239400298,,COLLEGE HILL,COLLEGE HILL,277211
a0F0L00000SDj1LUAT,5910 DESMOND ST,03/09/2017 12:00:00 AM,REHAB,59630,10,16828.73650122,NOT CERTIFIED,,OWNER-OCCUPIED,QUALIFIED,-84.3922526,39.1625774300299,,MADISONVILLE,MADISONVILLE,75705.64
a0F0L00000SDj1VUAT,3439 BERRY AV,03/10/2017 12:00:00 AM,REHAB,275000,10,77610.30585,NOT CERTIFIED,,OWNER-OCCUPIED,QUALIFIED,-84.45011285,39.1392761900299,,HYDE PARK,HYDE PARK,200000
a0F0L00000SDj1aUAD,5 HANDASYDE LN,03/10/2017 12:00:00 AM,REHAB,176080,10,49693.17328752,NOT CERTIFIED,,OWNER-OCCUPIED,QUALIFIED,-84.44929498,39.1339058300299,,HYDE PARK,HYDE PARK,295567.41
a0F0L00000SDj1pUAD,3418 DUNCAN AV,03/10/2017 12:00:00 AM,REHAB,131200,10,37027.1713728,NOT CERTIFIED,,OWNER-OCCUPIED,QUALIFIED,-84.43539754,39.1377539000299,,HYDE PARK,HYDE PARK,137750
a0F0L00000SDk9rUAD,1517 ELM ST,03/20/2017 12:00:00 AM,REHAB,275000,10,77610.30585,NOT CERTIFIED,,OWNER-OCCUPIED,QUALIFIED,-84.5191202,39.1117922,,OVER-THE-RHINE,N/A,345000
a0F0L00000SDkA6UAL,1517 ELM ST,03/06/2017 12:00:00 AM,REHAB,275000,10,77610.30585,NOT CERTIFIED,,OWNER-OCCUPIED,QUALIFIED,-84.5191202,39.1117922,,OVER-THE-RHINE,N/A,338000
a0F0L00000SDkABUA1,415 BOND PL,03/15/2017 12:00:00 AM,REHAB,64810,10,18290.63244414,NOT CERTIFIED,,OWNER-OCCUPIED,QUALIFIED,-84.4702766494653,39.1253773,,EAST WALNUT HILLS,N/A,109974
a0F0L00000SDkAGUA1,4570 KIRBY AV,03/15/2017 12:00:00 AM,NEW,243450,15,103059.43068645,CERTIFIED,,OWNER-OCCUPIED,QUALIFIED,-84.54722578,39.1733580900299,,NORTHSIDE,NORTHSIDE,170000
a0F0L00000SDkALUA1,1849 DEER HOLLOW TR XENIA OH,03/13/2017 12:00:00 AM,NEW,,15,,NOT CERTIFIED,,OWNER-OCCUPIED,QUALIFIED,-84.5124602,39.1014537,,CORRYVILLE,N/A,279900
a0F0L00000SDkEDUA1,3636 SHAW AV,03/20/2017 12:00:00 AM,REHAB,62060,10,17514.52938564,NOT CERTIFIED,,OWNER-OCCUPIED,QUALIFIED,-84.43945517,39.1435244200299,,HYDE PARK,HYDE PARK,142454.29
a0F0L00000SDkFzUAL,104 PEETE ST,03/24/2017 12:00:00 AM,REHAB,275000,10,77610.30585,NOT CERTIFIED,,OWNER-OCCUPIED,QUALIFIED,-84.51461265,39.1168245800299,,MOUNT AUBURN,MOUNT AUBURN,327000
a0F0L00000SDkG4UAL,4227 FERGUS ST,03/24/2017 12:00:00 AM,REHAB,245630,10,69321.52518522,NOT CERTIFIED,,OWNER-OCCUPIED,QUALIFIED,-84.53641407,39.1640447200298,,NORTHSIDE,NORTHSIDE,110000
a0F0L00000SDkG9UAL,558 EMPRESS AV,03/23/2017 12:00:00 AM,NEW,562000,15,237910.864842,GOLD,,OWNER-OCCUPIED,QUALIFIED,-84.43585543,39.1206742100299,,COLUMBIA-TUSCULUM,COLUMBIA TUSCULUM,532233
a0F0L00000SDkGEUA1,2707 CLEINVIEW AV,03/22/2017 12:00:00 AM,NEW,562000,15,237910.864842,GOLD,,OWNER-OCCUPIED,QUALIFIED,-84.47424876,39.1283286900298,,EAST WALNUT HILLS,EAST WALNUT HILLS,688449
a0F0L00000SDkGJUA1,2132 GOLD ST,03/27/2017 12:00:00 AM,NEW,400000,15,169331.5764,SILVER,,OWNER-OCCUPIED,QUALIFIED,-84.45949388,39.1347987900299,,EVANSTON,HYDE PARK,713915.74
a0F0L00000SDkGTUA1,2770 OBSERVATORY AVE,01/13/2017 12:00:00 AM,NEW,562000,15,237910.864842,GOLD,,OWNER-OCCUPIED,QUALIFIED,-84.4402671,39.1378211,,HYDE PARK,N/A,885611.68
a0F0L00000SDkGdUAL,5324 OWASCO ST,03/10/2017 12:00:00 AM,REHAB,17790,10,5020.68124026,NOT CERTIFIED,,OWNER-OCCUPIED,QUALIFIED,-84.39034043,39.1643406700299,,MADISONVILLE,MADISONVILLE,9269.72
a0F0L00000SDlrQUAT,4212 WILLIAMSON PL,03/29/2017 12:00:00 AM,REHAB,178890,10,50486.20950366,NOT CERTIFIED,,OWNER-OCCUPIED,QUALIFIED,-84.53696028,39.1636220700299,,NORTHSIDE,NORTHSIDE,157153.71
a0F0L00000SDlrkUAD,4226 FERGUS ST,03/29/2017 12:00:00 AM,REHAB,174990,10,49385.55425706,NOT CERTIFIED,,OWNER-OCCUPIED,QUALIFIED,-84.53600915,39.1641811800299,,NORTHSIDE,NORTHSIDE,137268.11
a0F0L00000SDltRUAT,4211 MAD ANTHONY ST,04/07/2017 12:00:00 AM,REHAB,181830,10,51315.93422802,NOT CERTIFIED,,OWNER-OCCUPIED,QUALIFIED,-84.53573484,39.1635774000299,,NORTHSIDE,NORTHSIDE,169794
a0F0L00000SDltvUAD,2770 OBSERVATORY AV,04/10/2017 12:00:00 AM,REHAB,,10,,NOT CERTIFIED,,OWNER-OCCUPIED,QUALIFIED,-84.5124602,39.1014537,,EAST WALNUT HILLS,N/A,426471.07
a0F0L00000SDluAUAT,4214 WILLIAMSON PL,04/12/2017 12:00:00 AM,REHAB,175710,10,49588.75214874,NOT CERTIFIED,,OWNER-OCCUPIED,QUALIFIED,-84.53695224,39.1636733000299,,NORTHSIDE,NORTHSIDE,156943.41
a0F0L00000SDluKUAT,4574 KIRBY AV,04/12/2017 12:00:00 AM,NEW,231660,10,65378.92164804,,,OWNER-OCCUPIED,QUALIFIED,-84.54734265,39.1735755900299,,NORTHSIDE,NORTHSIDE,189800
a0F0L00000SPGLDUA5,5463 GRAFTON AV,04/10/2017 12:00:00 AM,NEW,239940,10,67715.69740236,NOT CERTIFIED,,OWNER-OCCUPIED,QUALIFIED,-84.46169917,39.1822449700299,,BOND HILL,BOND HILL,312285
a0F0L00000SPGLIUA5,467 STANLEY AV,04/07/2017 12:00:00 AM,NEW,544270,15,230405.24271807,GOLD,,OWNER-OCCUPIED,QUALIFIED,-84.43347981,39.1167683600299,,COLUMBIA-TUSCULUM,COLUMBIA TUSCULUM,635000
a0F0L00000SPGp5UAH,1416 APJONES ST,04/19/2017 12:00:00 AM,REHAB,204720,10,57775.93386768,NOT CERTIFIED,,OWNER-OCCUPIED,QUALIFIED,-84.53507066,39.1651407500299,,NORTHSIDE,NORTHSIDE,73539
a0F0L00000SPGpAUAX,1328 REPUBLIC ST,04/19/2017 12:00:00 AM,NEW,235090,10,66346.93382646,NOT CERTIFIED,,RENTAL,QUALIFIED,-84.515865,39.1097245714286,,OVER-THE-RHINE,N/A,289000
a0F0L00000SPHE8UAP,3759 HYDE PARK AV,04/20/2017 12:00:00 AM,REHAB,275000,10,77610.30585,NOT CERTIFIED,,OWNER-OCCUPIED,QUALIFIED,-84.43739958,39.1466134800299,,OAKLEY,OAKLEY,535000
a0F0L00000SPHEXUA5,758 MORGAN ST,04/21/2017 12:00:00 AM,NEW,180310,10,50886.96090114,NOT CERTIFIED,,OWNER-OCCUPIED,QUALIFIED,-84.4923107346939,39.1245980408163,,WALNUT HILLS,N/A,174900
a0F0L00000SPHEcUAP,764 MORGAN ST,04/21/2017 12:00:00 AM,NEW,236770,10,66821.06224038,NOT CERTIFIED,,OWNER-OCCUPIED,QUALIFIED,-84.4922602244898,39.1245947346939,,WALNUT HILLS,N/A,180000
a0F0L00000SPHEhUAP,8 GRANDIN TER,04/25/2017 12:00:00 AM,NEW,1153300,15,488225.2676553,PLATINUM,,OWNER-OCCUPIED,QUALIFIED,-84.43938211,39.1227601100299,,HYDE PARK,HYDE PARK,2513278.62
a0F0L00000SPHEmUAP,1325 1 REPUBLIC ST,04/25/2017 12:00:00 AM,NEW,530780,15,224694.53530398,GOLD,,OWNER-OCCUPIED,QUALIFIED,-84.51614717,39.1100940700299,,OVER-THE-RHINE,OTR,598000
a0F0L00000SPHHAUA5,221 W NINTH ST,08/18/2016 12:00:00 AM,REHAB,142220,10,40137.22799268,NOT CERTIFIED,,OWNER-OCCUPIED,QUALIFIED,-84.5374684,39.1047331,,DOWNTOWN CINCINNATI,N/A,215000
a0F0L00000SPHIFUA5,221 W NINTH ST,08/18/2016 12:00:00 AM,REHAB,146030,10,41212.48350282,NOT CERTIFIED,,OWNER-OCCUPIED,QUALIFIED,-84.5374684,39.1047331,,DOWNTOWN CINCINNATI,N/A,215000
a0F0L00000SPHJkUAP,330 MILTON ST,04/27/2017 12:00:00 AM,REHAB,93600,10,26415.7259184,NOT CERTIFIED,,OWNER-OCCUPIED,QUALIFIED,-84.50953013,39.1135039700299,,MOUNT AUBURN,MOUNT AUBURN,162500
a0F0L00000SPHJpUAP,1652 FREDERICK AV,04/27/2017 12:00:00 AM,REHAB,240850,10,67972.5169599,NOT CERTIFIED,,OWNER-OCCUPIED,QUALIFIED,-84.54619763,39.1717946300299,,NORTHSIDE,NORTHSIDE,80196
a0F0L00000SPHJuUAP,3419 BOUDINOT AV,05/01/2017 12:00:00 AM,REHAB,100230,10,28286.83983762,NOT CERTIFIED,,OWNER-OCCUPIED,QUALIFIED,-84.60371261,39.1496167400299,,WESTWOOD,WESTWOOD,86609.58
a0F0L00000SPHKTUA5,3142 LOOKOUT CIR,05/03/2017 12:00:00 AM,REHAB,207240,10,58487.12648856,NOT CERTIFIED,,OWNER-OCCUPIED,QUALIFIED,-84.42836898,39.1289692300299,,MOUNT LOOKOUT,MOUNT LOOKOUT,254689.32
a0F0L00000SPHUzUAP,14 MERCER ST,04/25/2016 12:00:00 AM,REHAB,273980,10,77322.44217012,NOT CERTIFIED,,OWNER-OCCUPIED,QUALIFIED,-84.5144499,39.1104389,,OVER-THE-RHINE,N/A,284540
a0F0L00000SPHV9UAP,14 MERCER ST,04/25/2016 12:00:00 AM,REHAB,272980,10,77040.22287612,NOT CERTIFIED,,OWNER-OCCUPIED,QUALIFIED,-84.5144499,39.1104389,,OVER-THE-RHINE,N/A,282338
a0F0L00000SPI59UAH,1520 BLAIR AV,05/05/2017 12:00:00 AM,REHAB,202020,10,57013.94177388,NOT CERTIFIED,,OWNER-OCCUPIED,QUALIFIED,-84.47779864,39.1403211600299,,EVANSTON,EVANSTON,210000
a0F0L00000SPI5EUAX,4319 HAMILTON AV,05/05/2017 12:00:00 AM,REHAB,182080,10,51386.48905152,NOT CERTIFIED,,OWNER-OCCUPIED,QUALIFIED,-84.54147858,39.1661447900299,,NORTHSIDE,NORTHSIDE,325000
a0F0L00000SPI6vUAH,2629 PERKINS LN,05/08/2017 12:00:00 AM,REHAB,161230,10,45502.21677162,NOT CERTIFIED,,OWNER-OCCUPIED,QUALIFIED,-84.4443902,39.1359152800299,,HYDE PARK,HYDE PARK,265592.35
a0F0L00000SPI7AUAX,465 CONSIDINE AV,05/09/2017 12:00:00 AM,REHAB,217050,10,61255.6977627,NOT CERTIFIED,,OWNER-OCCUPIED,QUALIFIED,-84.56435623,39.0998568100299,,EAST PRICE HILL,EAST PRICE HILL,19564.01
a0F0L00000SPI7FUAX,3852 BROADVIEW DR,05/11/2017 12:00:00 AM,REHAB,275000,10,77610.30585,NOT CERTIFIED,,OWNER-OCCUPIED,QUALIFIED,-84.41078956,39.1506768400299,,HYDE PARK,HYDE PARK,306850.16
a0F0L00000SPI7PUAX,3128 SCHUBERT AV,05/15/2017 12:00:00 AM,REHAB,172870,10,48787.24935378,NOT CERTIFIED,,OWNER-OCCUPIED,QUALIFIED,-84.42914542,39.1841850100299,,PLEASANT RIDGE,PLEASANT RIDGE,219000
a0F0L00000SPI7yUAH,4564 KIRBY AV,05/16/2017 12:00:00 AM,NEW,197100,15,83438.1342711,CERTIFIED,,OWNER-OCCUPIED,QUALIFIED,-84.54711204,39.1730495500299,,NORTHSIDE,NORTHSIDE,155573
a0F0L00000SPI88UAH,3201 HARDISTY AV,05/17/2017 12:00:00 AM,REHAB,275000,10,77610.30585,NOT CERTIFIED,,RENTAL,QUALIFIED,-84.42782371,39.1308413700299,,HYDE PARK,MOUNT LOOKOUT,324195.2
a0F0L00000SPI8IUAX,1537 REPUBLIC ST,05/17/2017 12:00:00 AM,REHAB,275000,10,77610.30585,NOT CERTIFIED,,OWNER-OCCUPIED,QUALIFIED,-84.5166376938776,39.1121339183673,,OVER-THE-RHINE,N/A,447453
a0F0L00000SPI8SUAX,950 BURTON AV,05/17/2017 12:00:00 AM,NEW,,10,,NOT CERTIFIED,,OWNER-OCCUPIED,QUALIFIED,-84.5124602,39.1014537,,BOND HILL,N/A,206000
a0F0L00000SPJ7dUAH,1515 RACE ST,04/28/2017 12:00:00 AM,NEW,240380,15,101759.81083758,SILVER,,OWNER-OCCUPIED,QUALIFIED,-84.5174307142857,39.1117902857143,,OVER-THE-RHINE,N/A,176380.1
a0F0L00000SPJ7nUAH,1515 RACE ST,04/28/2017 12:00:00 AM,NEW,287490,15,121702.83724809,SILVER,,OWNER-OCCUPIED,QUALIFIED,-84.5174307142857,39.1117902857143,,OVER-THE-RHINE,N/A,230690.68
a0F0L00000SPJ7sUAH,1515 RACE ST,04/28/2017 12:00:00 AM,NEW,390000,15,165098.28699,SILVER,,OWNER-OCCUPIED,QUALIFIED,-84.5176729,39.1120085300299,,OVER-THE-RHINE,OTR,273621.91
a0F0L00000SPJ7xUAH,1515 RACE ST,04/28/2017 12:00:00 AM,NEW,287490,15,121702.83724809,SILVER,,OWNER-OCCUPIED,QUALIFIED,-84.5174307142857,39.1117902857143,,OVER-THE-RHINE,N/A,231207.93
a0F0L00000SPJ82UAH,1515 RACE ST,04/28/2017 12:00:00 AM,NEW,348260,15,147428.53699266,SILVER,,OWNER-OCCUPIED,QUALIFIED,-84.5174307142857,39.1117902857143,,OVER-THE-RHINE,N/A,273621.91
a0F0L00000SPJ87UAH,1509 RACE ST,04/28/2017 12:00:00 AM,NEW,287490,15,121702.83724809,SILVER,,OWNER-OCCUPIED,QUALIFIED,-84.51764069,39.1118690300299,,OVER-THE-RHINE,OTR,231207.93
a0F0L00000SPJ8CUAX,1509 RACE ST,04/28/2017 12:00:00 AM,NEW,385000,15,162981.642285,SILVER,,OWNER-OCCUPIED,QUALIFIED,-84.5174286,39.1116991,,OVER-THE-RHINE,N/A,265346.01
a0F0L00000SPJ8HUAX,1509 RACE ST,04/28/2017 12:00:00 AM,NEW,335000,15,141815.195235,SILVER,,OWNER-OCCUPIED,QUALIFIED,-84.5174286,39.1116991,,OVER-THE-RHINE,N/A,231725.17
a0F0L00000SPJ8MUAX,1509 RACE ST,04/28/2017 12:00:00 AM,NEW,342450,15,144968.99584545,SILVER,,OWNER-OCCUPIED,QUALIFIED,-84.5174286,39.1116991,,OVER-THE-RHINE,N/A,264828.77
a0F0L00000SPJ8RUAX,1515 RACE ST,04/28/2017 12:00:00 AM,NEW,325000,15,137581.905825,SILVER,,OWNER-OCCUPIED,QUALIFIED,-84.5174307142857,39.1117902857143,,OVER-THE-RHINE,N/A,230690.68
a0F0L00000SPJ8WUAX,1515 RACE ST,04/28/2017 12:00:00 AM,NEW,346660,15,146751.21068706,SILVER,,OWNER-OCCUPIED,QUALIFIED,-84.5174307142857,39.1117902857143,,OVER-THE-RHINE,N/A,273621.91
a0F0L00000SPJ8bUAH,1515 RACE ST,04/28/2017 12:00:00 AM,NEW,344000,15,145625.155704,SILVER,,OWNER-OCCUPIED,QUALIFIED,-84.5174307142857,39.1117902857143,,OVER-THE-RHINE,N/A,230173.44
a0F0L00000SPJ8gUAH,1515 RACE ST,04/28/2017 12:00:00 AM,NEW,377500,15,159806.6752275,SILVER,,OWNER-OCCUPIED,QUALIFIED,-84.5174307142857,39.1117902857143,,OVER-THE-RHINE,N/A,274139.15
a0F0L00000SPJ8lUAH,1509 RACE ST,04/28/2017 12:00:00 AM,NEW,287490,15,121702.83724809,SILVER,,OWNER-OCCUPIED,QUALIFIED,-84.5174286,39.1116991,,OVER-THE-RHINE,N/A,231207.93
a0F0L00000SPJ8qUAH,1509 RACE ST,04/28/2017 12:00:00 AM,NEW,342450,15,144968.99584545,SILVER,,OWNER-OCCUPIED,QUALIFIED,-84.5174286,39.1116991,,OVER-THE-RHINE,N/A,265863.25
a0F0L00000SPJ8vUAH,1509 RACE ST,04/28/2017 12:00:00 AM,NEW,338900,15,143466.1781049,SILVER,,OWNER-OCCUPIED,QUALIFIED,-84.5174286,39.1116991,,OVER-THE-RHINE,N/A,230690.68
a0F0L00000SPJ90UAH,1509 RACE ST,04/28/2017 12:00:00 AM,NEW,342450,15,144968.99584545,SILVER,,OWNER-OCCUPIED,QUALIFIED,-84.5174286,39.1116991,,OVER-THE-RHINE,N/A,265863.25
a0F0L00000SPQWcUAP,5471 GRAFTON AV,05/15/2017 12:00:00 AM,NEW,208100,10,58729.8350814,NOT CERTIFIED,,OWNER-OCCUPIED,QUALIFIED,-84.46161942,39.1825484100299,,BOND HILL,BOND HILL,208415
a0F0L00000SPQkTUAX,1511 ELM ST,03/10/2017 12:00:00 AM,NEW,562000,15,237910.864842,GOLD,,OWNER-OCCUPIED,QUALIFIED,-84.51920673,39.1117758400299,,OVER-THE-RHINE,OTR,765000
a0F0L00000SPQn8UAH,4540 EASTERN AV,03/28/2017 12:00:00 AM,REHAB,117400,10,33132.5451156,NOT CERTIFIED,,OWNER-OCCUPIED,QUALIFIED,-84.4204375,39.1159576400299,,LINWOOD,LINWOOD,79300
a0F0L00000SPQpJUAX,1432 APJONES ST,04/17/2017 12:00:00 AM,REHAB,116030,10,32745.90468282,NOT CERTIFIED,,OWNER-OCCUPIED,QUALIFIED,-84.535816,39.1651004800299,,NORTHSIDE,NORTHSIDE,71421.05
a0F0L00000SPQpTUAX,1675 PULLAN AVE,04/17/2017 12:00:00 AM,REHAB,223130,10,62971.59107022,NOT CERTIFIED,,OWNER-OCCUPIED,QUALIFIED,-84.544301075025,39.16498,,NORTHSIDE,N/A,175879.59
a0F0L00000SPQpYUAX,3239 HARDISTY AV,04/21/2017 12:00:00 AM,REHAB,22320,10,6299.13464208,NOT CERTIFIED,,OWNER-OCCUPIED,QUALIFIED,-84.42573703,39.1312292300299,,MOUNT LOOKOUT,MOUNT LOOKOUT,239715
a0F0L00000SPQpiUAH,1638 SECTION RD,04/27/2017 12:00:00 AM,REHAB,96190,10,27146.67388986,NOT CERTIFIED,,OWNER-OCCUPIED,QUALIFIED,-84.45955086,39.1981142700298,,ROSELAWN,ROSELAWN,99500
a0F0L00000SPR4AUAX,3308 HARDISTY AV,01/26/2017 12:00:00 AM,NEW,1922800,15,813976.8877548,PLATINUM,,OWNER-OCCUPIED,QUALIFIED,-84.42292281,39.1330198100299,,HYDE PARK,MOUNT LOOKOUT,1497772.57
a0F0L00000SPRmcUAH,3900 LEDGEWOOD DR,04/17/2017 12:00:00 AM,REHAB,275000,10,77610.30585,NOT CERTIFIED,,OWNER-OCCUPIED,QUALIFIED,-84.47341092,39.1536309700299,,NORTH AVONDALE,NORTH AVONDALE,251378
a0F0L00000SPRmrUAH,539 LIBERTY HILL,05/19/2017 12:00:00 AM,REHAB,275000,10,77610.30585,NOT CERTIFIED,,OWNER-OCCUPIED,QUALIFIED,-84.50555203,39.1120787100299,,MOUNT AUBURN,MOUNT AUBURN,240000
a0F0L00000SPRmwUAH,4097 W 8TH ST,05/24/2017 12:00:00 AM,REHAB,161860,10,45680.01492684,NOT CERTIFIED,,OWNER-OCCUPIED,QUALIFIED,-84.58612201,39.1070033500299,,WEST PRICE HILL,WEST PRICE HILL,112011.25
a0F0L00000SPRn6UAH,3613 BARBERRY AV,05/26/2017 12:00:00 AM,REHAB,215110,10,60708.19233234,NOT CERTIFIED,,OWNER-OCCUPIED,QUALIFIED,-84.45546733,39.1443042700299,,HYDE PARK,HYDE PARK,168509.2
a0F0L00000SPRnaUAH,425 OREGON ST,05/26/2017 12:00:00 AM,NEW,562000,15,237910.864842,GOLD,,OWNER-OCCUPIED,QUALIFIED,-84.50178061,39.1063142500299,,MOUNT ADAMS,MOUNT ADAMS,1260352.49
a0F0L00000SPRnfUAH,2804 EUCLID AV,05/30/2017 12:00:00 AM,REHAB,92590,10,26130.68443146,NOT CERTIFIED,,RENTAL,QUALIFIED,-84.50738353,39.1318360100299,,CORRYVILLE,CORRYVILLE,190460
a0F0L00000SPRnkUAH,3629 RUSSELL AV,05/31/2017 12:00:00 AM,NEW,562000,15,237910.864842,GOLD,,OWNER-OCCUPIED,QUALIFIED,-84.41458054,39.1270858800299,,LINWOOD,LINWOOD,573500
a0F0L00000SPRnpUAH,4204 34TH AV,04/20/2017 12:00:00 AM,REHAB,136990,10,38661.22108506,NOT CERTIFIED,,OWNER-OCCUPIED,QUALIFIED,-84.43286597,39.1536361300299,,OAKLEY,OAKLEY,274500
a0F0L00000SPRnzUAH,3414 DELTA AV,06/05/2017 12:00:00 AM,REHAB,64760,10,18276.52147944,NOT CERTIFIED,,OWNER-OCCUPIED,QUALIFIED,-84.42645698,39.1369926900299,,HYDE PARK,HYDE PARK,102738
a0F0L00000SPRo4UAH,3728 DRAKEWOOD DR,06/07/2017 12:00:00 AM,REHAB,229080,10,64650.79586952,NOT CERTIFIED,,OWNER-OCCUPIED,QUALIFIED,-84.43377332,39.1453588200299,,OAKLEY,OAKLEY,156000
a0F0L00000SPRoEUAX,859 VAN DYKE AV,06/07/2017 12:00:00 AM,REHAB,32940,10,9296.30354436,NOT CERTIFIED,,OWNER-OCCUPIED,QUALIFIED,-84.42796706,39.1260335000299,,MOUNT LOOKOUT,MOUNT LOOKOUT,31914.85
a0F0L00000SPRoYUAX,4227 CHAMBERS ST,06/08/2017 12:00:00 AM,REHAB,212900,10,60084.4876926,NOT CERTIFIED,,OWNER-OCCUPIED,QUALIFIED,-84.53436476,39.1642029000299,,NORTHSIDE,NORTHSIDE,205456.62
a0F0L00000SPRonUAH,764 MORGAN ST,06/07/2017 12:00:00 AM,NEW,209120,10,59017.69876128,NOT CERTIFIED,,OWNER-OCCUPIED,QUALIFIED,-84.4922602244898,39.1245947346939,,WALNUT HILLS,N/A,162900
a0F0L00000SPRx4UAH,818 ELLISON AV,01/19/2016 12:00:00 AM,REHAB,46200,10,13038.5313828,NOT CERTIFIED,,OWNER-OCCUPIED,QUALIFIED,-84.43058783,39.1246912100299,,MOUNT LOOKOUT,MOUNT LOOKOUT,87390
a0F0L00000SPTqGUAX,306 MULBERRY ST,03/30/2017 12:00:00 AM,REHAB,268750,10,75846.4352625,NOT CERTIFIED,,OWNER-OCCUPIED,QUALIFIED,-84.5118065714286,39.1152231428571,,MOUNT AUBURN,N/A,198000
a0F0L00000SPTqaUAH,1518 BLAIR AV,06/12/2017 12:00:00 AM,REHAB,254510,10,71827.63251594,NOT CERTIFIED,,OWNER-OCCUPIED,QUALIFIED,-84.47785923,39.1404160900299,,EVANSTON,EVANSTON,94500
a0F0L00000SPTqfUAH,620 ATHENS AV,06/12/2017 12:00:00 AM,NEW,562000,15,237910.864842,GOLD,03/21/2018 12:00:00 AM,OWNER-OCCUPIED,QUALIFIED,-84.43482704,39.1204692300299,,MOUNT LOOKOUT,COLUMBIA TUSCULUM,765250.58
a0F0L00000SPTqpUAH,2709 CLEINVIEW AVE,06/12/2017 12:00:00 AM,NEW,400000,15,169331.5764,SILVER,,OWNER-OCCUPIED,QUALIFIED,-84.4740630225656,39.1282739496869,,EAST WALNUT HILLS,N/A,532105.83
a0F0L00000SPTquUAH,3773 DRAKEWOOD DR,06/12/2017 12:00:00 AM,REHAB,76930,10,21711.13028742,NOT CERTIFIED,,OWNER-OCCUPIED,QUALIFIED,-84.43420596,39.1468164700299,,OAKLEY,OAKLEY,250841.34
a0F0L00000SPTqzUAH,1502 PULLAN AV,06/16/2017 12:00:00 AM,REHAB,177460,10,50082.63591324,NOT CERTIFIED,,OWNER-OCCUPIED,QUALIFIED,-84.53625103,39.1660397800299,,NORTHSIDE,NORTHSIDE,194000
a0F0L00000SPUVvUAP,3309 LOOKOUT CIR,06/07/2017 12:00:00 AM,REHAB,211490,10,59686.55848806,NOT CERTIFIED,,OWNER-OCCUPIED,QUALIFIED,-84.42499703,39.1284002200299,,MOUNT LOOKOUT,MOUNT LOOKOUT,439900
a0F0L00000SPUW0UAP,15 W FOURTH ST,06/16/2017 12:00:00 AM,REHAB,275000,10,77610.30585,NOT CERTIFIED,,OWNER-OCCUPIED,QUALIFIED,-84.5139738139171,39.0994455,,DOWNTOWN CINCINNATI,N/A,630915
a0F0L00000SPUW5UAP,4129 FERGUS ST,06/16/2017 12:00:00 AM,NEW,275000,10,77610.30585,NOT CERTIFIED,,OWNER-OCCUPIED,QUALIFIED,-84.53654164,39.1625986100299,,NORTHSIDE,NORTHSIDE,405404.74
a0F0L00000SPUWAUA5,5455 GRAFTON AV,06/14/2017 12:00:00 AM,NEW,198600,10,56048.7517884,NOT CERTIFIED,,OWNER-OCCUPIED,QUALIFIED,-84.46179716,39.1819631900299,,BOND HILL,BOND HILL,228172
a0F0L00000SPUWFUA5,128 W 14TH ST,06/19/2017 12:00:00 AM,REHAB,142630,10,40252.93790322,NOT CERTIFIED,,OWNER-OCCUPIED,QUALIFIED,-84.51830979,39.1102852100299,,OVER-THE-RHINE,OTR,413000
a0F0L00000SPUWPUA5,3137 FAIRFIELD AV,06/19/2017 12:00:00 AM,REHAB,55090,10,15547.46090646,NOT CERTIFIED,,OWNER-OCCUPIED,QUALIFIED,-84.472662,39.1347862200299,,EVANSTON,EVANSTON,57754.5
a0F0L00000SPUWUUA5,1310 EDWARDS RD,06/22/2017 12:00:00 AM,REHAB,120830,10,34100.55729402,NOT CERTIFIED,,OWNER-OCCUPIED,QUALIFIED,-84.44336002,39.1356167300299,,HYDE PARK,HYDE PARK,169187
a0F0L00000SPUWZUA5,1610 COOPER ST,06/22/2017 12:00:00 AM,REHAB,275000,10,77610.30585,NOT CERTIFIED,,OWNER-OCCUPIED,QUALIFIED,-84.5404966,39.1578642500299,,NORTHSIDE,NORTHSIDE,272996
a0F0L00000SPUWeUAP,429 WILKINSON ST,06/21/2017 12:00:00 AM,REHAB,196730,10,55521.00170862,NOT CERTIFIED,,OWNER-OCCUPIED,QUALIFIED,-84.4990287142857,39.1233507142857,,WALNUT HILLS,N/A,65456.5
a0F0L00000SPUWjUAP,2814 ALLVIEW CIR,06/21/2017 12:00:00 AM,REHAB,31250,10,8819.3529375,NOT CERTIFIED,,OWNER-OCCUPIED,QUALIFIED,-84.61901343,39.1368239000299,,WESTWOOD,WESTWOOD,46341
a0F0L00000SPUWyUAP,21 WEEBETOOK LN,06/26/2017 12:00:00 AM,NEW,275000,10,77610.30585,NOT CERTIFIED,,OWNER-OCCUPIED,QUALIFIED,-84.45363665,39.1250278400299,,HYDE PARK,HYDE PARK,287422.13
a0F0L00000SPUX3UAP,832 WAKEFIELD DR,06/26/2017 12:00:00 AM,REHAB,244070,10,68881.26308658,NOT CERTIFIED,,OWNER-OCCUPIED,QUALIFIED,-84.42494604,39.1251335400299,,MOUNT LOOKOUT,MOUNT LOOKOUT,242158.24
a0F0L00000SPUX8UAP,437 LAFAYETTE AV,06/27/2017 12:00:00 AM,REHAB,160810,10,45383.68466814,NOT CERTIFIED,,OWNER-OCCUPIED,QUALIFIED,-84.52402796,39.1545161500299,,CLIFTON,CLIFTON,203214
a0F0L00000SPUXIUA5,6438 LISBON AV,06/28/2017 12:00:00 AM,REHAB,247660,10,69894.43035204,NOT CERTIFIED,,OWNER-OCCUPIED,QUALIFIED,-84.43492311,39.1882757500299,,PLEASANT RIDGE,PLEASANT RIDGE,260000
a0F0L00000SPUXNUA5,653 RUSHTON RD,06/28/2017 12:00:00 AM,NEW,1005450,15,425636.08372845,PLATINUM,,OWNER-OCCUPIED,QUALIFIED,-84.43339822,39.1209981200299,,MOUNT LOOKOUT,COLUMBIA TUSCULUM,772000
a0F0L00000SPUXSUA5,851 TWEED AV,06/30/2017 12:00:00 AM,REHAB,211810,10,59776.86866214,NOT CERTIFIED,,OWNER-OCCUPIED,QUALIFIED,-84.42599834,39.1254758200299,,MOUNT LOOKOUT,MOUNT LOOKOUT,242781.88
a0F0L00000SPUXXUA5,734 WAKEFIELD DR,07/07/2017 12:00:00 AM,REHAB,181850,10,51321.5786139,NOT CERTIFIED,,OWNER-OCCUPIED,QUALIFIED,-84.4236291,39.1237646900299,,MOUNT LOOKOUT,MOUNT LOOKOUT,710000
a0F0L00000SPUXcUAP,3340 WOODBURN AV,07/07/2017 12:00:00 AM,REHAB,254900,10,71937.6980406,NOT CERTIFIED,,OWNER-OCCUPIED,QUALIFIED,-84.4753511,39.1393157800299,,,EVANSTON,65375
a0F0L00000SPUXmUAP,224 W 14TH ST,07/07/2017 12:00:00 AM,REHAB,275000,10,77610.30585,NOT CERTIFIED,,OWNER-OCCUPIED,QUALIFIED,-84.51968092,39.1101371900299,,OVER-THE-RHINE,OTR,299572
a0F0L00000SPUk6UAH,1839 WALKER ST,02/10/2017 12:00:00 AM,REHAB,112070,10,31628.31627858,NOT CERTIFIED,,OWNER-OCCUPIED,QUALIFIED,-84.50967559,39.1158257300299,,MOUNT AUBURN,MOUNT AUBURN,211543.26
a0F0L00000SPUkGUAX,221 W NINTH ST,08/18/2016 12:00:00 AM,REHAB,161130,10,45473.99484222,NOT CERTIFIED,,OWNER-OCCUPIED,QUALIFIED,-84.5374684,39.1047331,,DOWNTOWN CINCINNATI,N/A,180000
a0F0L00000SPVD0UAP,1322 PARK RIDGE PL,07/05/2017 12:00:00 AM,REHAB,,10,,NOT CERTIFIED,,RENTAL,QUALIFIED,-84.5124602,39.1014537,,MOUNT LOOKOUT,N/A,68034
a0F0L00000SPVDFUA5,1629 VANDALIA AV,07/17/2017 12:00:00 AM,REHAB,275000,10,77610.30585,NOT CERTIFIED,,RENTAL,QUALIFIED,-84.540892,39.1593699600299,,NORTHSIDE,NORTHSIDE,333135
a0F0L00000SPVDKUA5,4127 FERGUS ST,07/12/2017 12:00:00 AM,NEW,275000,10,77610.30585,NOT CERTIFIED,,OWNER-OCCUPIED,QUALIFIED,-84.53653965,39.1625299900299,,NORTHSIDE,NORTHSIDE,360584
a0F0L00000SPVDPUA5,3428 MONTEITH AV,07/12/2017 12:00:00 AM,REHAB,275000,10,77610.30585,NOT CERTIFIED,,OWNER-OCCUPIED,QUALIFIED,-84.43662835,39.1382051600299,,HYDE PARK,HYDE PARK,599900
a0F0L00000SPVDUUA5,1154 GRAND AV,07/13/2017 12:00:00 AM,REHAB,35950,10,10145.7836193,NOT CERTIFIED,,OWNER-OCCUPIED,QUALIFIED,-84.55997887,39.1149582200299,,EAST PRICE HILL,EAST PRICE HILL,80000
a0F0L00000SPVDZUA5,925 VOSS ST,07/13/2017 12:00:00 AM,NEW,147330,10,41579.36858502,NOT CERTIFIED,,OWNER-OCCUPIED,QUALIFIED,-84.57182871,39.1082550800299,,EAST PRICE HILL,EAST PRICE HILL,110000
a0F0L00000SPVFGUA5,1612 COOPER ST,07/13/2017 12:00:00 AM,REHAB,263100,10,74251.8962514,NOT CERTIFIED,,OWNER-OCCUPIED,QUALIFIED,-84.54052718,39.1578604200298,,NORTHSIDE,NORTHSIDE,272996
a0F0L00000SPVZ3UAP,1407 VINE ST,04/21/2017 12:00:00 AM,REHAB,0,10,0,NOT CERTIFIED,,OWNER-OCCUPIED,QUALIFIED,-84.5155105,39.1107745,,OVER-THE-RHINE,N/A,318825
a0F0L00000SPVZ8UAP,1407 PARVIS AL,04/21/2017 12:00:00 AM,REHAB,0,10,0,NOT CERTIFIED,,OWNER-OCCUPIED,QUALIFIED,-84.51567292,39.1108596600299,,OVER-THE-RHINE,OTR,295650
a0F0L00000SPb5DUAT,1740 JESTER ST,04/17/2017 12:00:00 AM,REHAB,163730,10,46207.76500662,NOT CERTIFIED,,OWNER-OCCUPIED,QUALIFIED,-84.54596737,39.1636066100299,,NORTHSIDE,NORTHSIDE,159377.58
a0F0L00000SPb5hUAD,1947 LANGDON FARM RD,07/12/2017 12:00:00 AM,NEW,247500,10,69849.275265,NOT CERTIFIED,,OWNER-OCCUPIED,QUALIFIED,-84.45921959,39.1818069200298,,BOND HILL,BOND HILL,236489
a0F0L00000SPb5mUAD,4405 HAMILTON AV,06/23/2017 12:00:00 AM,REHAB,184730,10,52134.37018062,NOT CERTIFIED,,OWNER-OCCUPIED,QUALIFIED,-84.54287922,39.1689378800299,,NORTHSIDE,NORTHSIDE,75522.63
a0F0L00000SPb5wUAD,1608 COOPER ST,07/14/2017 12:00:00 AM,REHAB,275000,10,77610.30585,NOT CERTIFIED,,OWNER-OCCUPIED,QUALIFIED,-84.54044264,39.1578646500299,,NORTHSIDE,NORTHSIDE,272996
a0F0L00000T80Q2UAJ,3255 GRIEST AV,04/27/2017 12:00:00 AM,NEW,562000,15,237910.864842,GOLD,,OWNER-OCCUPIED,QUALIFIED,-84.42331176,39.13403588,,MOUNT LOOKOUT,N/A,667000
a0F0L00000T80Q7UAJ,3582 VISTA AV,07/13/2017 12:00:00 AM,REHAB,159690,10,45067.59905886,NOT CERTIFIED,,OWNER-OCCUPIED,QUALIFIED,-84.45636641,39.1438389900299,,HYDE PARK,HYDE PARK,53783
a0F0L00000T80QCUAZ,911 VOSS ST,07/18/2017 12:00:00 AM,NEW,141230,10,39857.83089162,NOT CERTIFIED,,OWNER-OCCUPIED,QUALIFIED,-84.57191186,39.1079786800299,,EAST PRICE HILL,EAST PRICE HILL,107000
a0F0L00000T80QHUAZ,917 VOSS ST,07/18/2017 12:00:00 AM,NEW,125320,10,35367.72192408,NOT CERTIFIED,,OWNER-OCCUPIED,QUALIFIED,-84.57190295,39.1081189000299,,EAST PRICE HILL,EAST PRICE HILL,100000
a0F0L00000T80QMUAZ,2200 VICTORY PW,03/07/2016 12:00:00 AM,REHAB,45930,10,12962.33217342,NOT CERTIFIED,,OWNER-OCCUPIED,QUALIFIED,,,,EAST WALNUT HILLS,N/A,86982
a0F0L00000T80QRUAZ,2200 VICTORY PW,07/17/2017 12:00:00 AM,REHAB,45390,10,12809.93375466,NOT CERTIFIED,,OWNER-OCCUPIED,QUALIFIED,,,,EAST WALNUT HILLS,N/A,86982
a0F0L00000T80QWUAZ,1311 SUNCREST DR,07/17/2017 12:00:00 AM,REHAB,248700,10,70187.9384178,NOT CERTIFIED,,OWNER-OCCUPIED,QUALIFIED,-84.42359101,39.1345529800299,,MOUNT LOOKOUT,MOUNT LOOKOUT,371928
a0F0L00000T80QbUAJ,1531 REPUBLIC ST,07/17/2017 12:00:00 AM,REHAB,275000,10,77610.30585,NOT CERTIFIED,,OWNER-OCCUPIED,QUALIFIED,-84.51689959,39.1125213400299,,OVER-THE-RHINE,OTR,520159
a0F0L00000T80QgUAJ,980 AVONDALE AV,07/17/2017 12:00:00 AM,REHAB,272160,10,76808.80305504,NOT CERTIFIED,,OWNER-OCCUPIED,QUALIFIED,-84.47677488,39.1552871200298,,NORTH AVONDALE,NORTH AVONDALE,525000
a0F0L00000T80QlUAJ,2233 PARK AVE,07/17/2017 12:00:00 AM,REHAB,275000,10,77610.30585,NOT CERTIFIED,,OWNER-OCCUPIED,QUALIFIED,-84.4868437346939,39.1208011836735,,WALNUT HILLS,N/A,138833
a0F0L00000T80QqUAJ,670 AVON FIELDS LN,07/19/2017 12:00:00 AM,REHAB,124900,10,35249.1898206,NOT CERTIFIED,,OWNER-OCCUPIED,QUALIFIED,-84.48920353,39.1631822300299,,NORTH AVONDALE,NORTH AVONDALE,170460
a0F0L00000T80R0UAJ,2770 OBSERVATORY AVE,07/19/2017 12:00:00 AM,NEW,562000,15,237910.864842,GOLD,,OWNER-OCCUPIED,QUALIFIED,-84.4402671,39.1378211,,HYDE PARK,N/A,1055000
a0F0L00000T80R5UAJ,1 ANNWOOD LN,07/20/2017 12:00:00 AM,REHAB,114300,10,32257.6653042,NOT CERTIFIED,,OWNER-OCCUPIED,QUALIFIED,-84.4665529,39.1337599100299,,EAST WALNUT HILLS,EAST WALNUT HILLS,173772
a0F0L00000T80RAUAZ,4211 32ND AV,07/21/2017 12:00:00 AM,REHAB,105320,10,29723.33604408,NOT CERTIFIED,,OWNER-OCCUPIED,QUALIFIED,-84.43567578,39.1539449100299,,OAKLEY,OAKLEY,82229
a0F0L00000T80cxUAB,3783 FERDINAND PL,08/14/2017 12:00:00 AM,REHAB,,10,,NOT CERTIFIED,,OWNER-OCCUPIED,QUALIFIED,-84.5124602,39.1014537,,OAKLEY,N/A,225000
a0F0L00000T825FUAR,3422 BURCH AV,07/22/2017 12:00:00 AM,REHAB,275000,10,77610.30585,NOT CERTIFIED,,OWNER-OCCUPIED,QUALIFIED,-84.44689554,39.1385748400299,,HYDE PARK,HYDE PARK,272106
a0F0L00000T82DTUAZ,1415 VINE ST,04/21/2017 12:00:00 AM,REHAB,0,10,0,NOT CERTIFIED,,OWNER-OCCUPIED,QUALIFIED,-84.5155816363636,39.1110617727273,,OVER-THE-RHINE,N/A,255150
a0F0L00000T82DYUAZ,1415 VINE ST,04/21/2017 12:00:00 AM,REHAB,0,10,0,NOT CERTIFIED,,OWNER-OCCUPIED,QUALIFIED,-84.5155816363636,39.1110617727273,,OVER-THE-RHINE,N/A,183600
a0F0L00000T82DdUAJ,1415 VINE ST,04/21/2017 12:00:00 AM,REHAB,0,10,0,NOT CERTIFIED,,OWNER-OCCUPIED,QUALIFIED,-84.5155816363636,39.1110617727273,,OVER-THE-RHINE,N/A,224676
a0F0L00000T82DiUAJ,1415 VINE ST,04/21/2017 12:00:00 AM,REHAB,0,10,0,NOT CERTIFIED,,OWNER-OCCUPIED,QUALIFIED,-84.5155816363636,39.1110617727273,,OVER-THE-RHINE,N/A,285000
a0F0L00000T82DnUAJ,1415 VINE ST,04/21/2017 12:00:00 AM,REHAB,0,10,0,NOT CERTIFIED,,OWNER-OCCUPIED,QUALIFIED,-84.5155816363636,39.1110617727273,,OVER-THE-RHINE,N/A,270720
a0F0L00000T82DsUAJ,1415 VINE ST,04/21/2017 12:00:00 AM,REHAB,0,10,0,NOT CERTIFIED,,OWNER-OCCUPIED,QUALIFIED,-84.5155816363636,39.1110617727273,,OVER-THE-RHINE,N/A,287000
a0F0L00000T82DxUAJ,1415 VINE ST,04/21/2017 12:00:00 AM,REHAB,0,10,0,NOT CERTIFIED,,OWNER-OCCUPIED,QUALIFIED,-84.5155816363636,39.1110617727273,,OVER-THE-RHINE,N/A,161280
a0F0L00000T82E2UAJ,1415 VINE ST,04/21/2017 12:00:00 AM,REHAB,0,10,0,NOT CERTIFIED,,OWNER-OCCUPIED,QUALIFIED,-84.5155816363636,39.1110617727273,,OVER-THE-RHINE,N/A,199800
a0F0L00000T82E7UAJ,1415 VINE ST,04/21/2017 12:00:00 AM,REHAB,0,10,0,NOT CERTIFIED,,OWNER-OCCUPIED,QUALIFIED,-84.5155816363636,39.1110617727273,,OVER-THE-RHINE,N/A,224676
a0F0L00000T82ECUAZ,1415 VINE ST,04/21/2017 12:00:00 AM,REHAB,0,10,0,NOT CERTIFIED,,OWNER-OCCUPIED,QUALIFIED,-84.5155816363636,39.1110617727273,,OVER-THE-RHINE,N/A,295000
a0F0L00000T82EHUAZ,1415 VINE ST,04/21/2017 12:00:00 AM,REHAB,0,10,0,NOT CERTIFIED,,OWNER-OCCUPIED,QUALIFIED,-84.5155816363636,39.1110617727273,,OVER-THE-RHINE,N/A,270720
a0F0L00000T82EMUAZ,1415 VINE ST,04/21/2017 12:00:00 AM,REHAB,0,10,0,NOT CERTIFIED,,OWNER-OCCUPIED,QUALIFIED,-84.5155816363636,39.1110617727273,,OVER-THE-RHINE,N/A,156600
a0F0L00000T82ERUAZ,1415 VINE ST,04/21/2017 12:00:00 AM,REHAB,0,10,0,NOT CERTIFIED,,OWNER-OCCUPIED,QUALIFIED,-84.5155816363636,39.1110617727273,,OVER-THE-RHINE,N/A,289000
a0F0L00000T82EWUAZ,1415 VINE ST,04/21/2017 12:00:00 AM,REHAB,0,10,0,NOT CERTIFIED,,OWNER-OCCUPIED,QUALIFIED,-84.5155816363636,39.1110617727273,,OVER-THE-RHINE,N/A,290000
a0F0L00000T82EbUAJ,1415 VINE ST,04/21/2017 12:00:00 AM,REHAB,0,10,0,NOT CERTIFIED,,OWNER-OCCUPIED,QUALIFIED,-84.51565525,39.1111044000299,,OVER-THE-RHINE,OTR,222750
a0F0L00000T82EgUAJ,1415 VINE ST,04/21/2017 12:00:00 AM,REHAB,0,10,0,NOT CERTIFIED,,OWNER-OCCUPIED,QUALIFIED,-84.5155816363636,39.1110617727273,,OVER-THE-RHINE,N/A,305000
a0F0L00000T82FFUAZ,1407 VINE ST,04/21/2017 12:00:00 AM,REHAB,0,10,0,NOT CERTIFIED,,OWNER-OCCUPIED,QUALIFIED,-84.5155105,39.1107745,,OVER-THE-RHINE,N/A,318825
a0F0L00000T82FKUAZ,1407 VINE ST,04/21/2017 12:00:00 AM,REHAB,0,10,0,NOT CERTIFIED,,OWNER-OCCUPIED,QUALIFIED,-84.5155105,39.1107745,,OVER-THE-RHINE,N/A,295650
a0F0L00000T82FPUAZ,1407 VINE ST,04/21/2017 12:00:00 AM,REHAB,0,10,0,NOT CERTIFIED,,OWNER-OCCUPIED,QUALIFIED,-84.5155105,39.1107745,,OVER-THE-RHINE,N/A,167265
a0F0L00000T82FUUAZ,1407 VINE ST,04/21/2017 12:00:00 AM,REHAB,0,10,0,NOT CERTIFIED,,OWNER-OCCUPIED,QUALIFIED,-84.5155105,39.1107745,,OVER-THE-RHINE,N/A,167265
a0F0L00000T82FZUAZ,949 MONASTERY ST,07/25/2017 12:00:00 AM,NEW,652390,15,276175.56781899,SILVER,,OWNER-OCCUPIED,QUALIFIED,-84.5022049,39.1070478700299,,MOUNT ADAMS,MOUNT ADAMS,834000
a0F0L00000T82FeUAJ,1505 ELM ST,07/25/2017 12:00:00 AM,NEW,562000,15,237910.864842,GOLD,,OWNER-OCCUPIED,QUALIFIED,-84.51914797,39.1115708900299,,OVER-THE-RHINE,OTR,779682
a0F0L00000T82RZUAZ,3038 SPRINGER AV,07/25/2017 12:00:00 AM,REHAB,,10,,NOT CERTIFIED,,OWNER-OCCUPIED,QUALIFIED,-84.5124602,39.1014537,,HYDE PARK,N/A,29809
a0F0L00000T82ReUAJ,3014 SPRINGER AV,07/25/2017 12:00:00 AM,REHAB,111070,10,31346.09698458,NOT CERTIFIED,,OWNER-OCCUPIED,QUALIFIED,-84.42964591,39.1356958700299,,HYDE PARK,HYDE PARK,279196.85
a0F0L00000T82RoUAJ,922 EDWARDS RD,07/27/2017 12:00:00 AM,REHAB,275000,10,77610.30585,NOT CERTIFIED,,OWNER-OCCUPIED,QUALIFIED,-84.44418108,39.1273319500299,,HYDE PARK,HYDE PARK,396796
a0F0L00000T82RtUAJ,3529 ST CHARLES PL,07/28/2017 12:00:00 AM,REHAB,149320,10,42140.98498008,NOT CERTIFIED,,OWNER-OCCUPIED,QUALIFIED,-84.43843911,39.1400703800299,,HYDE PARK,HYDE PARK,279353.85
a0F0L00000T82S3UAJ,2839 LOWER GRANDIN RD,07/28/2017 12:00:00 AM,REHAB,275000,10,77610.30585,NOT CERTIFIED,,OWNER-OCCUPIED,QUALIFIED,-84.441131,39.1265976300299,,HYDE PARK,HYDE PARK,535822
a0F0L00000T83AwUAJ,583 WIRHAM PL,07/31/2017 12:00:00 AM,REHAB,179660,10,50703.51836004,NOT CERTIFIED,,OWNER-OCCUPIED,QUALIFIED,-84.52788026,39.1439916100299,,CLIFTON,CLIFTON,206319.5
a0F0L00000T83B6UAJ,3714 WESTGATE AV,08/01/2017 12:00:00 AM,NEW,400000,15,169331.5764,SILVER,,OWNER-OCCUPIED,QUALIFIED,-84.45143337,39.1463838100299,,HYDE PARK,HYDE PARK,460000
a0F0L00000T83BBUAZ,5316 RESERVE CIR,08/04/2017 12:00:00 AM,NEW,236170,10,66651.73066398,NOT CERTIFIED,,OWNER-OCCUPIED,QUALIFIED,-84.39699892,39.1041189200299,,MOUNT WASHINGTON,MOUNT WASHINGTON,199900
a0F0L00000T83DgUAJ,4 W FOURTEENTH ST,04/21/2017 12:00:00 AM,REHAB,300500,10,84806.897847,NOT CERTIFIED,,OWNER-OCCUPIED,QUALIFIED,-84.5155546,39.1106482,,OVER-THE-RHINE,N/A,318825
a0F0L00000T83DlUAJ,4 W FOURTEENTH ST,04/21/2017 12:00:00 AM,REHAB,125700,10,35474.9652558,NOT CERTIFIED,,OWNER-OCCUPIED,QUALIFIED,-84.5155546,39.1106482,,OVER-THE-RHINE,N/A,164430
a0F0L00000T83DqUAJ,4 W FOURTEENTH ST,04/21/2017 12:00:00 AM,REHAB,201360,10,56827.67703984,NOT CERTIFIED,,OWNER-OCCUPIED,QUALIFIED,-84.5155546,39.1106482,,OVER-THE-RHINE,N/A,268830
a0F0L00000T83DvUAJ,4 W FOURTEENTH ST,04/21/2017 12:00:00 AM,REHAB,248690,10,70185.11622486,NOT CERTIFIED,,OWNER-OCCUPIED,QUALIFIED,-84.5155546,39.1106482,,OVER-THE-RHINE,N/A,303188
a0F0L00000T83E0UAJ,4 W FOURTEENTH ST,04/21/2017 12:00:00 AM,REHAB,248690,10,70185.11622486,NOT CERTIFIED,,OWNER-OCCUPIED,QUALIFIED,-84.5155546,39.1106482,,OVER-THE-RHINE,N/A,437400
a0F0L00000T83E5UAJ,4 W FOURTEENTH ST,04/21/2017 12:00:00 AM,REHAB,230990,10,65189.83472106,NOT CERTIFIED,,OWNER-OCCUPIED,QUALIFIED,-84.5155546,39.1106482,,OVER-THE-RHINE,N/A,318825
a0F0L00000T83MFUAZ,7019 LOCKER CT,07/27/2017 12:00:00 AM,NEW,271060,10,76498.36183164,NOT CERTIFIED,,OWNER-OCCUPIED,QUALIFIED,-84.55960704,39.2027473400299,,COLLEGE HILL,COLLEGE HILL,223825
a0F0L00000T83MPUAZ,1325 3 REPUBLIC ST,08/04/2017 12:00:00 AM,NEW,562000,15,237910.864842,GOLD,,OWNER-OCCUPIED,QUALIFIED,-84.51617482,39.1101979500299,,OVER-THE-RHINE,OTR,622575
a0F0L00000T83MUUAZ,2017 ELM ST,08/07/2017 12:00:00 AM,REHAB,275000,10,77610.30585,NOT CERTIFIED,,OWNER-OCCUPIED,QUALIFIED,-84.5208463,39.1180021800299,,OVER-THE-RHINE,OTR,239001
a0F0L00000T83MZUAZ,7013 LOCKER CT,08/07/2017 12:00:00 AM,NEW,242420,10,68415.60125148,NOT CERTIFIED,,OWNER-OCCUPIED,QUALIFIED,-84.5598328,39.2025016500299,,COLLEGE HILL,COLLEGE HILL,264356
a0F0L00000T83NDUAZ,2770 OBSERVATORY AVE,08/08/2017 12:00:00 AM,NEW,562000,15,237910.864842,GOLD,,OWNER-OCCUPIED,QUALIFIED,-84.4402671,39.1378211,,HYDE PARK,N/A,975382
a0F0L00000T84D4UAJ,3592 HANDMAN AV,08/09/2017 12:00:00 AM,NEW,562000,15,237910.864842,GOLD,,OWNER-OCCUPIED,QUALIFIED,-84.43283412,39.1174702800299,,COLUMBIA-TUSCULUM,COLUMBIA TUSCULUM,820000
a0F0L00000T84D9UAJ,2831 OBSERVATORY AV,08/11/2017 12:00:00 AM,REHAB,249410,10,70388.31411654,NOT CERTIFIED,,OWNER-OCCUPIED,QUALIFIED,-84.43817553,39.1369945500299,,HYDE PARK,HYDE PARK,575000
a0F0L00000T84DJUAZ,2770 OBSERVATORY AVE,08/14/2017 12:00:00 AM,NEW,562000,15,237910.864842,GOLD,,OWNER-OCCUPIED,QUALIFIED,-84.4402671,39.1378211,,HYDE PARK,N/A,1150000
a0F0L00000T84DTUAZ,1618 N ARGYLE AV,08/11/2017 12:00:00 AM,REHAB,115460,10,32585.03968524,NOT CERTIFIED,,OWNER-OCCUPIED,QUALIFIED,-84.54392115,39.1689167800299,,NORTHSIDE,NORTHSIDE,77000
a0F0L00000T84DYUAZ,1314 EDWARDS RD,08/14/2017 12:00:00 AM,REHAB,275000,10,77610.30585,NOT CERTIFIED,,OWNER-OCCUPIED,QUALIFIED,-84.44330877,39.1357656100299,,HYDE PARK,HYDE PARK,280000
a0F0L00000T84DdUAJ,5314 RESERVE CIR,08/14/2017 12:00:00 AM,NEW,267000,10,75352.551498,NOT CERTIFIED,,OWNER-OCCUPIED,QUALIFIED,-84.39692538,39.1041366100299,,MOUNT WASHINGTON,MOUNT WASHINGTON,209900
a0F0L00000T84DiUAJ,2019 FAITH ST,08/16/2017 12:00:00 AM,NEW,258860,10,73055.28644484,NOT CERTIFIED,,OWNER-OCCUPIED,QUALIFIED,-84.45688021,39.1788968800299,,BOND HILL,BOND HILL,275000
a0F0L00000T84E2UAJ,3775 DRAKEWOOD DR,08/16/2017 12:00:00 AM,REHAB,177020,10,49958.45942388,NOT CERTIFIED,,OWNER-OCCUPIED,QUALIFIED,-84.43417594,39.1469688400299,,OAKLEY,OAKLEY,143223.47
a0F0L00000T84ECUAZ,3545 EVANSTON AV,08/21/2017 12:00:00 AM,REHAB,104520,10,29497.56060888,NOT CERTIFIED,,OWNER-OCCUPIED,QUALIFIED,-84.46304171,39.1435443500299,,EVANSTON,EVANSTON,75520
a0F0L00000T84EWUAZ,2016 FAITH ST,08/21/2017 12:00:00 AM,NEW,222850,10,62892.5696679,NOT CERTIFIED,,OWNER-OCCUPIED,QUALIFIED,-84.45696343,39.1793513600299,,BOND HILL,BOND HILL,258763
a0F0L00000T84EbUAJ,4238 FERGUS ST,08/21/2017 12:00:00 AM,REHAB,144900,10,40893.5757006,NOT CERTIFIED,,OWNER-OCCUPIED,QUALIFIED,-84.53598134,39.1645971900299,,NORTHSIDE,NORTHSIDE,128180
a0F0L00000T84EgUAJ,235 GLENMARY AV,08/21/2017 12:00:00 AM,REHAB,275000,10,77610.30585,NOT CERTIFIED,,OWNER-OCCUPIED,QUALIFIED,-84.51766066,39.1460200900299,,CLIFTON,CLIFTON,241087.27
a0F0L00000T84ElUAJ,1031 E ROOKWOOD DR,08/25/2017 12:00:00 AM,REHAB,75310,10,21253.93503114,NOT CERTIFIED,,OWNER-OCCUPIED,QUALIFIED,-84.44587345,39.1292139900299,,HYDE PARK,HYDE PARK,189287.8
a0F0L00000T84EvUAJ,808 ELM ST,08/24/2017 12:00:00 AM,REHAB,220740,10,62297.08695756,NOT CERTIFIED,,OWNER-OCCUPIED,QUALIFIED,-84.51680439,39.1045865400299,,DOWNTOWN CINCINNATI,WEST END,361000
a0F0L00000T84uTUAR,4323 TWENTY-EIGHTH ST,08/03/2017 12:00:00 AM,REHAB,136240,10,38449.55661456,NOT CERTIFIED,,OWNER-OCCUPIED,QUALIFIED,,,,OAKLEY,N/A,53443.96
a0F0L00000T85uwUAB,590 DELTA AV,08/23/2017 12:00:00 AM,REHAB,173360,10,48925.53680784,NOT CERTIFIED,,OWNER-OCCUPIED,QUALIFIED,-84.43579669,39.1218184900299,,COLUMBIA-TUSCULUM,COLUMBIA TUSCULUM,80050
a0F0L00000T85v1UAB,1616 RUTH AV,08/31/2017 12:00:00 AM,REHAB,275000,10,77610.30585,NOT CERTIFIED,,OWNER-OCCUPIED,QUALIFIED,-84.47477788,39.1391717500299,,EVANSTON,EVANSTON,231200
a0F0L00000T85v6UAB,408 STANLEY AV,08/22/2017 12:00:00 AM,REHAB,143870,10,40602.88982778,NOT CERTIFIED,,OWNER-OCCUPIED,QUALIFIED,-84.43570963,39.1151969900299,,COLUMBIA-TUSCULUM,COLUMBIA TUSCULUM,156218
a0F0L00000T85vBUAR,2965 DECKEBACH AV,08/31/2017 12:00:00 AM,REHAB,256130,10,72284.82777222,NOT CERTIFIED,,OWNER-OCCUPIED,QUALIFIED,-84.52971701,39.1354155800298,,CUF,CUF,
a0F0L00000T8651UAB,2910 MINTO AV,12/30/2016 12:00:00 AM,REHAB,91360,10,25783.55469984,NOT CERTIFIED,,OWNER-OCCUPIED,QUALIFIED,-84.43444313,39.1430028700299,,HYDE PARK,HYDE PARK,84500
a0F0L00000T869vUAB,2770 OBSERVATORY AVE,08/24/2017 12:00:00 AM,NEW,562000,15,237910.864842,GOLD,,OWNER-OCCUPIED,QUALIFIED,-84.4402671,39.1378211,,HYDE PARK,N/A,575070
a0F0L00000T86A0UAJ,2770 OBSERVATORY AVE,08/24/2017 12:00:00 AM,NEW,562000,15,237910.864842,GOLD,,OWNER-OCCUPIED,QUALIFIED,-84.4402671,39.1378211,,HYDE PARK,N/A,741999
a0F0L00000T86A5UAJ,2770 OBSERVATORY AVE,08/24/2017 12:00:00 AM,NEW,562000,15,237910.864842,GOLD,,OWNER-OCCUPIED,QUALIFIED,-84.4402671,39.1378211,,HYDE PARK,N/A,723217
a0F0L00000T86AAUAZ,2770 OBSERVATORY AVE,08/24/2017 12:00:00 AM,NEW,562000,15,237910.864842,GOLD,,OWNER-OCCUPIED,QUALIFIED,-84.4402671,39.1378211,,HYDE PARK,N/A,606093
a0F0L00000T86AFUAZ,2770 OBSERVATORY AVE,08/24/2017 12:00:00 AM,NEW,562000,15,237910.864842,GOLD,,OWNER-OCCUPIED,QUALIFIED,-84.4402671,39.1378211,,HYDE PARK,N/A,753395
a0F0L00000T86AKUAZ,2770 OBSERVATORY AVE,08/24/2017 12:00:00 AM,NEW,562000,15,237910.864842,GOLD,,OWNER-OCCUPIED,QUALIFIED,-84.4402671,39.1378211,,HYDE PARK,N/A,1350000
a0F0L00000T86APUAZ,2770 OBSERVATORY AVE,08/24/2017 12:00:00 AM,NEW,562000,15,237910.864842,GOLD,,OWNER-OCCUPIED,QUALIFIED,-84.4402671,39.1378211,,HYDE PARK,N/A,754239
a0F0L00000T86AUUAZ,2770 OBSERVATORY AVE,08/24/2017 12:00:00 AM,NEW,562000,15,237910.864842,GOLD,,OWNER-OCCUPIED,QUALIFIED,-84.4402671,39.1378211,,HYDE PARK,N/A,604404
a0F0L00000T86AeUAJ,5322 RESERVE CIR,08/25/2017 12:00:00 AM,NEW,236000,10,66603.753384,NOT CERTIFIED,,OWNER-OCCUPIED,QUALIFIED,-84.3971736,39.1040611400299,,MOUNT WASHINGTON,MOUNT WASHINGTON,178000
a0F0L00000T86AjUAJ,1711 LANG ST,09/01/2017 12:00:00 AM,REHAB,275000,10,77610.30585,NOT CERTIFIED,,OWNER-OCCUPIED,QUALIFIED,-84.51414822,39.1152194700299,,OVER-THE-RHINE,OTR,540000
a0F0L00000T86AoUAJ,808 ELM ST,09/01/2017 12:00:00 AM,REHAB,256960,10,72519.06978624,NOT CERTIFIED,,OWNER-OCCUPIED,QUALIFIED,-84.5208083,39.118926,,DOWNTOWN CINCINNATI,N/A,450000
a0F0L00000T86AtUAJ,5320 RESERVE CIR,09/05/2017 12:00:00 AM,NEW,247000,10,69708.165618,NOT CERTIFIED,,OWNER-OCCUPIED,QUALIFIED,-84.39711804,39.1040922600299,,MOUNT WASHINGTON,MOUNT WASHINGTON,204600
a0F0L00000T86AyUAJ,4220 MAD ANTHONY ST,09/11/2017 12:00:00 AM,REHAB,218780,10,61743.93714132,NOT CERTIFIED,,OWNER-OCCUPIED,QUALIFIED,-84.53523417,39.1639402000299,,NORTHSIDE,NORTHSIDE,116000
a0F0L00000T86BSUAZ,3704 KROGER AV,09/14/2017 12:00:00 AM,REHAB,275000,10,77610.30585,NOT CERTIFIED,,OWNER-OCCUPIED,QUALIFIED,-84.42568939,39.1217641400299,,MOUNT LOOKOUT,MOUNT LOOKOUT,274412.46
a0F0L00000T86BXUAZ,770 MORGAN ST,09/12/2017 12:00:00 AM,NEW,183180,10,51696.93027492,NOT CERTIFIED,,OWNER-OCCUPIED,QUALIFIED,-84.4922097142857,39.1245914285714,,WALNUT HILLS,N/A,167900
a0F0L00000T86BmUAJ,808 ELM ST,09/18/2017 12:00:00 AM,REHAB,200810,10,56672.45642814,NOT CERTIFIED,,OWNER-OCCUPIED,QUALIFIED,-84.5208083,39.118926,,DOWNTOWN CINCINNATI,N/A,291000
a0F0L00000T86BrUAJ,1649 CLAYTON ST,09/18/2017 12:00:00 AM,REHAB,195050,10,55046.8732947,NOT CERTIFIED,,OWNER-OCCUPIED,QUALIFIED,-84.47520906,39.1280835900299,,EAST WALNUT HILLS,EAST WALNUT HILLS,147900
a0F0L00000T86DiUAJ,8 GARDEN PL,09/18/2017 12:00:00 AM,REHAB,275000,10,77610.30585,NOT CERTIFIED,,OWNER-OCCUPIED,QUALIFIED,-84.45844727,39.1390058000299,,HYDE PARK,HYDE PARK,200401
a0F0L00000T86DnUAJ,1503 ELM ST,09/15/2017 12:00:00 AM,NEW,562000,15,237910.864842,GOLD,03/05/2018 12:00:00 AM,OWNER-OCCUPIED,QUALIFIED,-84.51912846,39.1115053200299,,OVER-THE-RHINE,OTR,763316
a0F0L00000T86DsUAJ,3594 HANDMAN AV,09/15/2017 12:00:00 AM,NEW,562000,15,237910.864842,GOLD,,OWNER-OCCUPIED,QUALIFIED,-84.43274587,39.1174662600299,,COLUMBIA-TUSCULUM,COLUMBIA TUSCULUM,752960.55
a0F0L00000T86DxUAJ,1728 HANFIELD ST,09/21/2017 12:00:00 AM,REHAB,191010,10,53906.70734694,NOT CERTIFIED,,OWNER-OCCUPIED,QUALIFIED,-84.5455338,39.1629276700299,,NORTHSIDE,NORTHSIDE,144681
a0F0L00000T86E7UAJ,3120 MAPLELEAF AV,09/26/2017 12:00:00 AM,REHAB,184220,10,51990.43834068,NOT CERTIFIED,,OWNER-OCCUPIED,QUALIFIED,-84.42944707,39.1746861400299,,PLEASANT RIDGE,PLEASANT RIDGE,139530
a0F0L00000T86ECUAZ,3918 FEEMSTER ST,09/29/2017 12:00:00 AM,NEW,400000,15,169331.5764,SILVER,,OWNER-OCCUPIED,QUALIFIED,-84.43313933,39.1105278100299,,EAST END,COLUMBIA TUSCULUM,425000
a0F0L00000T86EMUAZ,1569 PULLAN AV,09/29/2017 12:00:00 AM,REHAB,173250,10,48894.4926855,NOT CERTIFIED,,OWNER-OCCUPIED,QUALIFIED,-84.53982039,39.1653767000299,,NORTHSIDE,NORTHSIDE,
a0F0L00000T86ERUAZ,768 MORGAN ST,09/29/2017 12:00:00 AM,NEW,231880,10,65441.00989272,NOT CERTIFIED,,OWNER-OCCUPIED,QUALIFIED,-84.4922265510204,39.1245925306122,,WALNUT HILLS,N/A,179900
a0F0L00000T86EWUAZ,7017 LOCKER CT,09/29/2017 12:00:00 AM,NEW,225470,15,95447.97632727,CERTIFIED,,OWNER-OCCUPIED,QUALIFIED,-84.55984639,39.2028447100299,,COLLEGE HILL,COLLEGE HILL,220952
a0F0L00000T86EbUAJ,3416 TRASKWOOD CIR,10/02/2017 12:00:00 AM,REHAB,168930,10,47675.30533542,NOT CERTIFIED,,OWNER-OCCUPIED,QUALIFIED,-84.40709079,39.1426571100299,,HYDE PARK,HYDE PARK,178078
a0F0L00000T86EgUAJ,446 BOAL ST,10/03/2017 12:00:00 AM,NEW,400000,15,169331.5764,SILVER,,OWNER-OCCUPIED,QUALIFIED,-84.50678609,39.1138261500299,,MOUNT AUBURN,MOUNT AUBURN,423000
a0F0L00000T86NSUAZ,3659 BROTHERTON RD,10/16/2017 12:00:00 AM,NEW,487760,15,206482.92426216,GOLD,,OWNER-OCCUPIED,QUALIFIED,-84.41488488,39.1542667200299,,OAKLEY,OAKLEY,402351
a0F0L00000T86NXUAZ,3058 KERPER AV,10/16/2017 12:00:00 AM,NEW,182040,10,51375.20027976,NOT CERTIFIED,,OWNER-OCCUPIED,QUALIFIED,-84.48690019,39.1368797800299,,WALNUT HILLS,WALNUT HILLS,90000
a0F0L00000T86NcUAJ,4125 FERGUS ST,10/13/2017 12:00:00 AM,NEW,275000,10,77610.30585,NOT CERTIFIED,,OWNER-OCCUPIED,QUALIFIED,-84.53654127,39.1624640500299,,NORTHSIDE,NORTHSIDE,334832
a0F0L00000T86NhUAJ,3633 STETTINIUS AV,10/10/2017 12:00:00 AM,NEW,562000,15,237910.864842,GOLD,,OWNER-OCCUPIED,QUALIFIED,-84.44837327,39.1434015100299,,HYDE PARK,HYDE PARK,501826
a0F0L00000T86NmUAJ,3003 RIVERSIDE DR,10/12/2017 12:00:00 AM,NEW,400000,15,169331.5764,SILVER,,OWNER-OCCUPIED,QUALIFIED,-84.44825403,39.1204877900299,,EAST END,EAST END,500000
a0F0L00000T86NrUAJ,309 OREGON ST,04/26/2010 12:00:00 AM,NEW,530450,15,224554.83675345,CERTIFIED,,OWNER-OCCUPIED,QUALIFIED,-84.4981993394721,39.1046880496362,,MOUNT ADAMS,N/A,1900000
a0F0L00000T86O6UAJ,1910 CHASE AV,10/19/2017 12:00:00 AM,NEW,247400,10,69821.0533356,NOT CERTIFIED,,OWNER-OCCUPIED,QUALIFIED,-84.55094832,39.1655064100299,,NORTHSIDE,NORTHSIDE,234919
a0F0L00000T89arUAB,510 HOGE ST,10/23/2017 12:00:00 AM,NEW,501270,15,212202.09825507,GOLD,,OWNER-OCCUPIED,QUALIFIED,-84.43722747,39.1178812200299,,COLUMBIA-TUSCULUM,COLUMBIA TUSCULUM,579775
a0F0L00000T89buUAB,26 E FOURTEENTH ST,10/23/2017 12:00:00 AM,REHAB,113890,10,32141.95539366,NOT CERTIFIED,,OWNER-OCCUPIED,QUALIFIED,-84.514563,39.1111514,,OVER-THE-RHINE,N/A,125000
a0F0L00000T8CnKUAV,1342 SUNCREST DR,10/27/2017 12:00:00 AM,NEW,562000,15,237910.864842,GOLD,,OWNER-OCCUPIED,QUALIFIED,-84.42225283,39.1353666500299,,MOUNT LOOKOUT,MOUNT LOOKOUT,1363000
a0F0L00000T8CnZUAV,2770 OBSERVATORY AVE,10/27/2017 12:00:00 AM,NEW,562000,15,237910.864842,GOLD,,OWNER-OCCUPIED,QUALIFIED,-84.4402671,39.1378211,,HYDE PARK,N/A,957384
a0F0L00000T8CnyUAF,1514 RACE ST,10/25/2017 12:00:00 AM,NEW,562000,15,237910.864842,GOLD,,OWNER-OCCUPIED,QUALIFIED,-84.51703329,39.1120773400299,,OVER-THE-RHINE,OTR,549607
a0F0L00000T8Co3UAF,1514 RACE ST,10/25/2017 12:00:00 AM,NEW,424340,15,179635.40282394,GOLD,,OWNER-OCCUPIED,QUALIFIED,-84.5172237142857,39.1118222857143,,OVER-THE-RHINE,N/A,459607
a0F0L00000T8Co8UAF,1514 RACE ST,10/25/2017 12:00:00 AM,NEW,417540,15,176756.76602514,GOLD,,OWNER-OCCUPIED,QUALIFIED,-84.5172237142857,39.1118222857143,,OVER-THE-RHINE,N/A,459607
a0F0L00000T8DdjUAF,4855 GREENWOOD TER,07/11/2017 12:00:00 AM,REHAB,137530,10,38813.61950382,NOT CERTIFIED,,OWNER-OCCUPIED,QUALIFIED,-84.41420283,39.1231185600299,,LINWOOD,LINWOOD,225000
a0F0L00000T8DdoUAF,3047 GRIEST AV,09/11/2017 12:00:00 AM,REHAB,192360,10,54287.70339384,NOT CERTIFIED,,OWNER-OCCUPIED,QUALIFIED,-84.43011668,39.1343088500299,,MOUNT LOOKOUT,MOUNT LOOKOUT,121455
a0F0L00000T8DdyUAF,626 ORIENT AV,09/12/2017 12:00:00 AM,REHAB,104430,10,29472.16087242,NOT CERTIFIED,,OWNER-OCCUPIED,QUALIFIED,-84.51414953,39.1724094200299,,SPRING GROVE VILLAGE,SPRING GROVE VILLAGE,86200
a0F0L00000T8DeNUAV,1248 HERSCHEL AV,10/11/2017 12:00:00 AM,NEW,562000,15,237910.864842,GOLD,,OWNER-OCCUPIED,QUALIFIED,-84.42255576,39.1312023700299,,MOUNT LOOKOUT,MOUNT LOOKOUT,505477
a0F0L00000T8DeXUAV,4243 WILLIAMSON PL,10/26/2017 12:00:00 AM,REHAB,214330,10,60488.06128302,NOT CERTIFIED,,OWNER-OCCUPIED,QUALIFIED,-84.53731026,39.1645235900299,,NORTHSIDE,NORTHSIDE,94239
a0F0L00000T8DewUAF,1321 MORTEN ST,10/19/2017 12:00:00 AM,NEW,562000,15,237910.864842,GOLD,,OWNER-OCCUPIED,QUALIFIED,-84.44089443,39.1365623900299,,HYDE PARK,HYDE PARK,
a0F0L00000T8Df1UAF,2770 OBSERVATORY AVE,10/19/2017 12:00:00 AM,NEW,562000,15,237910.864842,GOLD,,OWNER-OCCUPIED,QUALIFIED,-84.4402671,39.1378211,,HYDE PARK,N/A,
a0F0L00000T8Df6UAF,4099 W 8TH ST,10/03/2017 12:00:00 AM,REHAB,175920,10,49648.01820048,NOT CERTIFIED,,OWNER-OCCUPIED,QUALIFIED,-84.58627112,39.1070034100299,,WEST PRICE HILL,WEST PRICE HILL,124800
a0F0L00000T8DfqUAF,705 E MCMILLAN ST,10/03/2017 12:00:00 AM,REHAB,139680,10,39420.39098592,NOT CERTIFIED,,OWNER-OCCUPIED,QUALIFIED,-84.4947367,39.1261112,,WALNUT HILLS,N/A,210000
a0F0L00000T8IrKUAV,3594 HANDMAN AV,09/15/2017 12:00:00 AM,NEW,562000,15,237910.864842,GOLD,11/28/2017 12:00:00 AM,OWNER-OCCUPIED,QUALIFIED,-84.43274587,39.1174662600299,,COLUMBIA-TUSCULUM,COLUMBIA TUSCULUM,
a0F0L00000T8IrUUAV,1321 MORTEN ST,10/10/2017 12:00:00 AM,NEW,562000,15,237910.864842,GOLD,11/28/2017 12:00:00 AM,OWNER-OCCUPIED,QUALIFIED,-84.44089443,39.1365623900299,,,HYDE PARK,381278.7
a0F0L00000T8IreUAF,502 BARNSIDE LN,11/06/2017 12:00:00 AM,NEW,533750,15,225951.82225875,GOLD,11/28/2017 12:00:00 AM,OWNER-OCCUPIED,QUALIFIED,-84.68883189,39.1192589400299,,SAYLER PARK,SAYLER PARK,493730.06
a0F0L00000T8IryUAF,3441 ARNOLD ST,11/08/2017 12:00:00 AM,NEW,562000,15,237910.864842,GOLD,11/28/2017 12:00:00 AM,OWNER-OCCUPIED,QUALIFIED,-84.41993742,39.1279008000299,,HYDE PARK,MOUNT LOOKOUT,490563
a0F0L00000T8IsNUAV,3530 MICHIGAN AV,11/17/2017 12:00:00 AM,NEW,562000,15,237910.864842,GOLD,11/28/2017 12:00:00 AM,OWNER-OCCUPIED,QUALIFIED,-84.44132754,39.1406009700299,,HYDE PARK,HYDE PARK,960000
a0F0L00000T8IsSUAV,3635 RUSSELL AV,11/17/2017 12:00:00 AM,NEW,562000,15,237910.864842,GOLD,11/28/2017 12:00:00 AM,OWNER-OCCUPIED,QUALIFIED,-84.41447824,39.1268373700299,,LINWOOD,LINWOOD,680000
a0F0L00000T8IscUAF,1055 WELLS ST,11/20/2017 12:00:00 AM,NEW,126990,10,35839.02814506,NOT CERTIFIED,,OWNER-OCCUPIED,QUALIFIED,-84.56964158,39.1124837500299,,EAST PRICE HILL,EAST PRICE HILL,95000
a0F0L00000T8IshUAF,1619 BLOOMINGDALE AV,11/20/2017 12:00:00 AM,NEW,254900,10,71937.6980406,,,OWNER-OCCUPIED,QUALIFIED,-84.39639975,39.0840156900299,,MOUNT WASHINGTON,MOUNT WASHINGTON,190000
a0F0L00000T8IswUAF,3235 BEREDITH PL,11/14/2017 12:00:00 AM,NEW,513340,15,217311.67857294,GOLD,,OWNER-OCCUPIED,QUALIFIED,-84.42730994,39.1869442100298,,PLEASANT RIDGE,PLEASANT RIDGE,
a0F0L00000T8ItBUAV,2200 VICTORY PW,11/13/2017 12:00:00 AM,NEW,59390,10,16761.00387066,NOT CERTIFIED,,OWNER-OCCUPIED,QUALIFIED,,,,WALNUT HILLS,N/A,265000
a0F0L00000T8ItLUAV,1917 RIVERSIDE DR,11/13/2017 12:00:00 AM,NEW,887200,15,375577.4364552,PLATINUM,11/28/2017 12:00:00 AM,OWNER-OCCUPIED,QUALIFIED,-84.47811881,39.1199688200299,,,EAST END,610515
a0F0L00000T8IuTUAV,408 STANLEY AV,08/22/2017 12:00:00 AM,REHAB,143870,10,40602.88982778,NOT CERTIFIED,,OWNER-OCCUPIED,QUALIFIED,-84.43570963,39.1151969900299,,COLUMBIA-TUSCULUM,COLUMBIA TUSCULUM,
a0F0L00000T8J52UAF,4220 MAD ANTHONY ST,09/11/2017 12:00:00 AM,REHAB,218780,10,61743.93714132,NOT CERTIFIED,,OWNER-OCCUPIED,QUALIFIED,-84.53523417,39.1639402000299,,NORTHSIDE,NORTHSIDE,116000
a0F0L00000T8J6yUAF,583 WIRHAM PL,07/31/2017 12:00:00 AM,REHAB,179660,10,50703.51836004,NOT CERTIFIED,,OWNER-OCCUPIED,QUALIFIED,-84.52788026,39.1439916100299,,CLIFTON,CLIFTON,206319.5
a0F0L00000T8J7NUAV,2517 FOXCOVE CT,02/06/2012 12:00:00 AM,NEW,227300,15,96222.6682893,CERTIFIED,11/29/2017 12:00:00 AM,OWNER-OCCUPIED,QUALIFIED,-84.57970112,39.1500156500299,,,WESTWOOD,
a0F0L00000T8J7SUAV,1847 WALKER ST,07/18/2016 12:00:00 AM,REHAB,151250,10,42685.6682175,NOT CERTIFIED,,,QUALIFIED,-84.5096454,39.1159916300299,,MOUNT AUBURN,MOUNT AUBURN,
a0F0L00000T8J7XUAV,3505 BAYARD DR,03/30/2016 12:00:00 AM,REHAB,275000,10,77610.30585,NOT CERTIFIED,,OWNER-OCCUPIED,QUALIFIED,-84.42713922,39.1390600100299,,HYDE PARK,HYDE PARK,315168.51
a0F0L00000T8J7mUAF,1506 RACE ST,11/02/2017 12:00:00 AM,NEW,888280,15,376034.63171148,PLATINUM,11/29/2017 12:00:00 AM,OWNER-OCCUPIED,QUALIFIED,-84.51704986,39.1117978500299,,OVER-THE-RHINE,OTR,
a0F0L00000T8J8QUAV,15 W FOURTH ST,10/20/2017 12:00:00 AM,REHAB,275000,10,77610.30585,,,OWNER-OCCUPIED,QUALIFIED,-84.5139738139171,39.0994455,,OVER-THE-RHINE,N/A,
a0F0L00000T8J8aUAF,26 E FOURTEENTH ST,10/29/2017 12:00:00 AM,REHAB,113890,10,32141.95539366,,,,QUALIFIED,-84.514563,39.1111514,,OVER-THE-RHINE,N/A,125000
a0F0L00000T8J8fUAF,26 E FOURTEENTH ST,11/03/2017 12:00:00 AM,REHAB,149970,10,42324.42752118,,,OWNER-OCCUPIED,QUALIFIED,-84.514563,39.1111514,,OVER-THE-RHINE,N/A,
a0F0L00000T8J8kUAF,26 E FOURTEENTH ST,11/01/2017 12:00:00 AM,REHAB,135500,10,38240.714337,,,OWNER-OCCUPIED,QUALIFIED,-84.514563,39.1111514,,OVER-THE-RHINE,N/A,
a0F0L00000T8JarUAF,3558 RAYMAR BLVD,11/22/2017 12:00:00 AM,NEW,1570140,15,664685.70342174,PLATINUM,05/31/2018 12:00:00 AM,OWNER-OCCUPIED,QUALIFIED,-84.43052475,39.1399376800299,,HYDE PARK,HYDE PARK,1155630.91
a0F0L00000T8JawUAF,2770 OBSERVATORY AVE,10/19/2017 12:00:00 AM,NEW,562000,15,237910.864842,GOLD,11/30/2017 12:00:00 AM,OWNER-OCCUPIED,QUALIFIED,-84.4402671,39.1378211,,HYDE PARK,N/A,
a0F0L00000T8Jb6UAF,1513 ELM ST,10/31/2017 12:00:00 AM,NEW,562000,15,237910.864842,GOLD,11/30/2017 12:00:00 AM,OWNER-OCCUPIED,QUALIFIED,-84.51921198,39.1118361700299,,OVER-THE-RHINE,OTR,
a0F0L00000T8JbpUAF,500 MISSOURI AV,11/27/2017 12:00:00 AM,NEW,495430,15,209729.85723963,GOLD,11/30/2017 12:00:00 AM,OWNER-OCCUPIED,QUALIFIED,-84.43375443,39.1187594200299,,COLUMBIA-TUSCULUM,COLUMBIA TUSCULUM,541261
a0F0L00000T8JbuUAF,3661 BROTHERTON RD,03/08/2017 12:00:00 AM,NEW,428660,15,181464.18384906,GOLD,11/30/2017 12:00:00 AM,OWNER-OCCUPIED,QUALIFIED,-84.41481509,39.1542672600299,,OAKLEY,OAKLEY,398719
a0F0L00000T8Jc4UAF,3615 ARCHER AV,11/27/2017 12:00:00 AM,NEW,562000,15,237910.864842,GOLD,11/30/2017 12:00:00 AM,OWNER-OCCUPIED,QUALIFIED,-84.41390511,39.1281482200299,,LINWOOD,LINWOOD,325000
a0F0L00000T8JtjUAF,3655 BROTHERTON RD,11/30/2017 12:00:00 AM,NEW,426930,15,180731.82478113,GOLD,11/30/2017 12:00:00 AM,OWNER-OCCUPIED,QUALIFIED,-84.41500644,39.1542665500299,,OAKLEY,OAKLEY,385115
a0F0L00000T8JtoUAF,5324 RESERVE CIR,11/30/2017 12:00:00 AM,NEW,236170,10,66651.73066398,,,OWNER-OCCUPIED,QUALIFIED,-84.39724369,39.1040462600299,,MOUNT WASHINGTON,MOUNT WASHINGTON,
a0F0L00000T8LgiUAF,26 E FOURTEENTH ST,12/01/2017 12:00:00 AM,REHAB,155370,10,43848.41170878,,,OWNER-OCCUPIED,QUALIFIED,-84.514563,39.1111514,,OVER-THE-RHINE,N/A,205000
a0F0L00000T8N1rUAF,5109 JAMESON ST,12/05/2017 12:00:00 AM,NEW,138070,10,38966.01792258,,,OWNER-OCCUPIED,QUALIFIED,-84.38324163,39.1611419700299,,MADISONVILLE,MADISONVILLE,103895.21
a0F0L00000T8N4MUAV,421 MILTON ST,11/13/2017 12:00:00 AM,NEW,260910,10,73633.83599754,,,OWNER-OCCUPIED,QUALIFIED,-84.50824511,39.1131793600298,,MOUNT AUBURN,MOUNT AUBURN,283551.85
a0F0L00000T8NoiUAF,3416 AULT WOODS LN,11/16/2017 12:00:00 AM,REHAB,211300,10,59632.9368222,NOT CERTIFIED,,OWNER-OCCUPIED,QUALIFIED,-84.42054487,39.1337463700299,,MOUNT LOOKOUT,MOUNT LOOKOUT,250011.3
a0F0L00000T8NosUAF,3568 EDWARDS RD,05/04/2017 12:00:00 AM,REHAB,235660,10,66507.79882404,NOT CERTIFIED,,OWNER-OCCUPIED,QUALIFIED,-84.44278971,39.1419685700299,,HYDE PARK,HYDE PARK,101600
a0F0L00000T8Np2UAF,3842 ISABELLA AV,11/22/2017 12:00:00 AM,REHAB,164360,10,46385.56316184,,,OWNER-OCCUPIED,QUALIFIED,-84.43230015,39.1487582900299,,OAKLEY,OAKLEY,296500
a0F0L00000T8ONKUA3,3615 SHAW AV,10/26/2017 12:00:00 AM,REHAB,275000,10,77610.30585,NOT CERTIFIED,,OWNER-OCCUPIED,QUALIFIED,-84.44015871,39.1428713900299,,HYDE PARK,HYDE PARK,343185
a0F0L00000T8ONPUA3,3020 OBSERVATORY AV,11/09/2017 12:00:00 AM,REHAB,113200,10,31947.2240808,NOT CERTIFIED,,OWNER-OCCUPIED,QUALIFIED,-84.43006791,39.1370669300299,,HARTWELL,HYDE PARK,
a0F0L00000T8ONUUA3,1262 DELTA AVE,10/30/2017 12:00:00 AM,REHAB,214780,10,60615.05996532,NOT CERTIFIED,,RENTAL,QUALIFIED,-84.4263966236282,39.13384155,,HYDE PARK,N/A,286376.26
a0F0L00000T8OXsUAN,1222 GRACE AV,10/01/2017 12:00:00 AM,REHAB,275000,10,77610.30585,,,OWNER-OCCUPIED,QUALIFIED,-84.43169087,39.1325019400299,,MOUNT LOOKOUT,MOUNT LOOKOUT,196181.41
a0F0L00000T8OY7UAN,3522 STETTINIUS AV,10/04/2017 12:00:00 AM,REHAB,268680,10,75826.67991192,NOT CERTIFIED,,OWNER-OCCUPIED,QUALIFIED,-84.4480079,39.1411353900299,,HYDE PARK,HYDE PARK,183235.55
a0F0L00000T8OYMUA3,1420 ELM ST,11/08/2017 12:00:00 AM,REHAB,225000,10,63499.34115,,,OWNER-OCCUPIED,QUALIFIED,-84.518612,39.110647,,OVER-THE-RHINE,N/A,264900
a0F0L00000T8OYbUAN,1420 ELM ST,11/08/2017 12:00:00 AM,REHAB,225860,10,63742.04974284,,,OWNER-OCCUPIED,QUALIFIED,-84.518612,39.110647,,OVER-THE-RHINE,N/A,264900
a0F0L00000T8OYlUAN,1420 ELM ST,11/08/2017 12:00:00 AM,REHAB,225860,10,63742.04974284,,,OWNER-OCCUPIED,QUALIFIED,-84.518612,39.110647,,OVER-THE-RHINE,N/A,264900
a0F0L00000T8OYqUAN,1420 ELM ST,11/08/2017 12:00:00 AM,REHAB,240880,10,67980.98353872,,,OWNER-OCCUPIED,QUALIFIED,-84.518612,39.110647,,OVER-THE-RHINE,N/A,275000
a0F0L00000T8OZ5UAN,1420 ELM ST,11/08/2017 12:00:00 AM,REHAB,274680,10,77519.99567592,,,OWNER-OCCUPIED,QUALIFIED,-84.518612,39.110647,,OVER-THE-RHINE,N/A,305000
a0F0L00000T8OZAUA3,1420 ELM ST,11/08/2017 12:00:00 AM,REHAB,274680,10,77519.99567592,,,OWNER-OCCUPIED,QUALIFIED,-84.518612,39.110647,,OVER-THE-RHINE,N/A,285000
a0F0L00000T8OZFUA3,1420 ELM ST,11/08/2017 12:00:00 AM,REHAB,261020,10,73664.88011988,,,OWNER-OCCUPIED,QUALIFIED,-84.518612,39.110647,,OVER-THE-RHINE,N/A,
a0F0L00000T8OZeUAN,1420 ELM ST,11/08/2017 12:00:00 AM,REHAB,273750,10,77257.5317325,,,OWNER-OCCUPIED,QUALIFIED,-84.51833919,39.1109038900299,,OVER-THE-RHINE,OTR,303000
a0F0L00000T8OcxUAF,509 BARNSIDE LN,12/06/2017 12:00:00 AM,NEW,400000,15,169331.5764,SILVER,11/01/2017 12:00:00 AM,OWNER-OCCUPIED,QUALIFIED,-84.68869223,39.1197559500299,,SAYLER PARK,SAYLER PARK,440000
a0F0L00000T8Oe3UAF,3456 ARNOLD ST,12/06/2017 12:00:00 AM,NEW,562000,15,237910.864842,GOLD,11/01/2017 12:00:00 AM,OWNER-OCCUPIED,QUALIFIED,-84.41921658,39.1283251900299,,MOUNT LOOKOUT,MOUNT LOOKOUT,350000
a0F0L00000T8OerUAF,4231 MAD ANTHONY ST,11/29/2017 12:00:00 AM,REHAB,84210,10,23765.68674774,,,RENTAL,QUALIFIED,-84.53571432,39.1642698400299,,NORTH AVONDALE,NORTHSIDE,33316.43
a0F0L00000T8OgYUAV,4233 CHAMBERS ST,11/30/2017 12:00:00 AM,REHAB,186910,10,52749.60824154,,,OWNER-OCCUPIED,QUALIFIED,-84.53441855,39.1644524200299,,NORTH AVONDALE,NORTHSIDE,91500
a0F0L00000T8OgdUAF,1010 ELM ST,11/30/2017 12:00:00 AM,REHAB,385820,10,108885.84801108,SILVER,09/01/2017 12:00:00 AM,OWNER-OCCUPIED,QUALIFIED,-84.51740353,39.1062108400299,,OVER-THE-RHINE,DOWNTOWN,460000
a0F0L00000T8OnNUAV,1537 REPUBLIC ST,11/29/2017 12:00:00 AM,REHAB,275000,10,77610.30585,,,OWNER-OCCUPIED,QUALIFIED,-84.5166376938776,39.1121339183673,,OVER-THE-RHINE,N/A,553000
a0F0L00000T8OnSUAV,3207 GOLDEN AV,12/08/2017 12:00:00 AM,NEW,400000,15,169331.5764,SILVER,11/01/2017 12:00:00 AM,OWNER-OCCUPIED,QUALIFIED,-84.44291058,39.1210752100299,,COLUMBIA-TUSCULUM,COLUMBIA TUSCULUM,629900
a0F0L00000T8OncUAF,3663 BROTHERTON RD,12/08/2017 12:00:00 AM,NEW,428660,15,181464.18384906,GOLD,07/01/2017 12:00:00 AM,OWNER-OCCUPIED,QUALIFIED,-84.41474978,39.1542794100299,,OAKLEY,OAKLEY,387026
a0F0L00000T8Oo1UAF,2770 OBSERVATORY AVE,12/11/2017 12:00:00 AM,NEW,562000,15,237910.864842,GOLD,08/01/2017 12:00:00 AM,OWNER-OCCUPIED,QUALIFIED,-84.4402671,39.1378211,,HYDE PARK,N/A,1350000
a0F0L00000T8Oo6UAF,33 E THIRTEENTH ST,11/28/2017 12:00:00 AM,REHAB,239710,10,67650.78696474,,,OWNER-OCCUPIED,QUALIFIED,-84.5137803432912,39.10953605,,OVER-THE-RHINE,N/A,358808.34
a0F0L00000T8OoQUAV,33 E THIRTEENTH ST,11/28/2017 12:00:00 AM,REHAB,233700,10,65954.6490078,,,OWNER-OCCUPIED,QUALIFIED,-84.5137803432912,39.10953605,,OVER-THE-RHINE,N/A,
a0F0L00000T8OoaUAF,33 E THIRTEENTH ST,11/28/2017 12:00:00 AM,REHAB,240230,10,67797.54099762,,,OWNER-OCCUPIED,QUALIFIED,-84.5137803432912,39.10953605,,OVER-THE-RHINE,N/A,
a0F0L00000T8OofUAF,35 E THIRTEENTH ST,11/28/2017 12:00:00 AM,REHAB,170610,10,48149.43374934,,,OWNER-OCCUPIED,QUALIFIED,-84.5136940204082,39.1095797142857,,OVER-THE-RHINE,N/A,275606.41
a0F0L00000T8OopUAF,35 E THIRTEENTH ST,11/28/2017 12:00:00 AM,REHAB,127770,10,36059.15919438,,,OWNER-OCCUPIED,QUALIFIED,-84.5136940204082,39.1095797142857,,OVER-THE-RHINE,N/A,305507.1
a0F0L00000T8Op4UAF,35 E 13TH ST,11/28/2017 12:00:00 AM,REHAB,122010,10,34433.57606094,,,OWNER-OCCUPIED,QUALIFIED,-84.51359171,39.1095803500299,,OVER-THE-RHINE,OTR,160337.06
a0F0L00000T8Op9UAF,35 E THIRTEENTH ST,11/28/2017 12:00:00 AM,REHAB,103680,10,29260.49640192,,,OWNER-OCCUPIED,QUALIFIED,-84.5136940204082,39.1095797142857,,OVER-THE-RHINE,N/A,159037.03
a0F0L00000T8OpEUAV,35 E THIRTEENTH ST,11/28/2017 12:00:00 AM,REHAB,219530,10,61955.60161182,,,OWNER-OCCUPIED,QUALIFIED,-84.5136940204082,39.1095797142857,,OVER-THE-RHINE,N/A,
a0F0L00000T8PQwUAN,1213 TANNEHILL LN,04/18/2017 12:00:00 AM,NEW,1402010,15,593511.40857141,PLATINUM,04/01/2017 12:00:00 AM,OWNER-OCCUPIED,QUALIFIED,-84.41620985,39.1296871400299,,MOUNT LOOKOUT,MOUNT LOOKOUT,600000
a0F0L00000T8PR6UAN,3657 BROTHERTON RD,12/13/2017 12:00:00 AM,NEW,425150,15,179978.29926615,GOLD,07/01/2017 12:00:00 AM,OWNER-OCCUPIED,QUALIFIED,-84.41494266,39.1542572200299,,OAKLEY,OAKLEY,390000
a0F0L00000T8PkiUAF,705 E MCMILLAN AVE,11/16/2017 12:00:00 AM,REHAB,139510,10,39372.41370594,NOT CERTIFIED,,OWNER-OCCUPIED,QUALIFIED,-84.5181034,39.1277522,,WALNUT HILLS,N/A,
a0F0L00000T8ProUAF,709 E MCMILLAN ST,10/25/2017 12:00:00 AM,REHAB,228240,10,64413.73166256,,,OWNER-OCCUPIED,QUALIFIED,-84.49466438,39.1259435000299,,WALNUT HILLS,WALNUT HILLS,
a0F0L00000T8PsDUAV,709 E MCMILLAN AVE,10/03/2017 12:00:00 AM,REHAB,172250,10,48612.2733915,NOT CERTIFIED,,OWNER-OCCUPIED,QUALIFIED,-84.5181034,39.1277522,,WALNUT HILLS,N/A,210000
a0F0L00000T8PsIUAV,705 E MCMILLAN ST,10/13/2017 12:00:00 AM,REHAB,139680,10,39420.39098592,,,OWNER-OCCUPIED,QUALIFIED,-84.4947367,39.1261112,,WALNUT HILLS,N/A,169000
a0F0L00000T8PsSUAV,4123 CHAMBERS ST,12/14/2017 12:00:00 AM,NEW,132390,10,37363.01233266,,,OWNER-OCCUPIED,QUALIFIED,-84.53408416,39.1606999100299,,NORTHSIDE,NORTHSIDE,115000
a0F0L00000T8Q0CUAV,444 BOAL ST,12/15/2017 12:00:00 AM,NEW,562000,15,237910.864842,GOLD,10/01/2017 12:00:00 AM,OWNER-OCCUPIED,QUALIFIED,-84.50689932,39.1138406700299,,MOUNT AUBURN,MOUNT AUBURN,687107.11
a0F0L00000T8ROaUAN,3524 STETTINIUS AV,12/16/2016 12:00:00 AM,REHAB,274440,10,77452.26304536,NOT CERTIFIED,,OWNER-OCCUPIED,QUALIFIED,-84.44798728,39.1412436700298,,HYDE PARK,HYDE PARK,575000
a0F0L00000T8ROkUAN,2898 LOWER GRANDIN RD,12/11/2017 12:00:00 AM,REHAB,231390,10,65302.72243866,NOT CERTIFIED,,OWNER-OCCUPIED,QUALIFIED,-84.439220474426,39.1255513728803,,HYDE PARK,N/A,
a0F0L00000T8ROzUAN,1342 MICHIGAN AV,12/07/2017 12:00:00 AM,REHAB,146690,10,41398.74823686,NOT CERTIFIED,,OWNER-OCCUPIED,QUALIFIED,-84.44161932,39.1366216500299,,HYDE PARK,HYDE PARK,98121.32
a0F0L00000T8RTaUAN,2770 OBSERVATORY AVE,12/19/2017 12:00:00 AM,NEW,562000,15,237910.864842,GOLD,08/01/2017 12:00:00 AM,OWNER-OCCUPIED,QUALIFIED,-84.4402671,39.1378211,,HYDE PARK,N/A,1759759.96
a0F0L00000T8RTpUAN,5705 ADELPHI ST,11/28/2017 12:00:00 AM,REHAB,205760,10,58069.44193344,,,OWNER-OCCUPIED,QUALIFIED,-84.39770739,39.1529749900299,,MADISONVILLE,MADISONVILLE,42809
a0F0L00000T8RUEUA3,5757 WHITNEY AV,11/27/2017 12:00:00 AM,REHAB,261700,10,73856.7892398,NOT CERTIFIED,,OWNER-OCCUPIED,QUALIFIED,-84.39589995,39.1538858300299,,MADISONVILLE,MADISONVILLE,90770
a0F0L00000T8RUnUAN,4704 PEABODY AV,10/24/2017 12:00:00 AM,REHAB,140530,10,39660.27738582,NOT CERTIFIED,,OWNER-OCCUPIED,QUALIFIED,-84.39627607,39.1576296900299,,MADISONVILLE,MADISONVILLE,100000
a0F0L00000T8RUsUAN,3129 FAIRFIELD AV,10/09/2017 12:00:00 AM,REHAB,275000,10,77610.30585,NOT CERTIFIED,,OWNER-OCCUPIED,QUALIFIED,-84.47222123,39.1346110900299,,EVANSTON,EVANSTON,221669
a0F0L00000T8RUxUAN,2851 VICTORIA AV,10/03/2017 12:00:00 AM,REHAB,241660,10,68201.11458804,NOT CERTIFIED,,OWNER-OCCUPIED,QUALIFIED,-84.43703095,39.1420921100299,,HYDE PARK,HYDE PARK,272650
a0F0L00000T8RV2UAN,2824 INVERNESS PL,04/20/2017 12:00:00 AM,REHAB,204700,10,57770.2894818,NOT CERTIFIED,,OWNER-OCCUPIED,QUALIFIED,-84.43838706,39.1492597700299,,OAKLEY,OAKLEY,339000
a0F0L00000T8RVRUA3,221 W NINTH ST,08/18/2016 12:00:00 AM,REHAB,148620,10,41943.43147428,NOT CERTIFIED,,OWNER-OCCUPIED,QUALIFIED,-84.5374684,39.1047331,,DOWNTOWN CINCINNATI,N/A,170000
a0F0L00000T8RVWUA3,221 W NINTH ST,08/18/2016 12:00:00 AM,REHAB,148620,10,41943.43147428,NOT CERTIFIED,,OWNER-OCCUPIED,QUALIFIED,-84.5374684,39.1047331,,DOWNTOWN CINCINNATI,N/A,170000
a0F0L00000T8RVbUAN,221 W 9TH ST,08/18/2016 12:00:00 AM,REHAB,90330,10,25492.86882702,NOT CERTIFIED,,OWNER-OCCUPIED,QUALIFIED,-84.51817668,39.1046258200299,,DOWNTOWN CINCINNATI,WEST END,170000
a0F0L00000T8RVqUAN,221 W NINTH ST,08/18/2016 12:00:00 AM,REHAB,161130,10,45473.99484222,NOT CERTIFIED,,OWNER-OCCUPIED,QUALIFIED,-84.5374684,39.1047331,,DOWNTOWN CINCINNATI,N/A,170000
a0F0L00000T8RVvUAN,4326 BEECH HILL AV,10/11/2017 12:00:00 AM,REHAB,257990,10,72809.75565906,,,OWNER-OCCUPIED,QUALIFIED,-84.53622517,39.1668182700299,,NORTHSIDE,NORTHSIDE,367900
a0F0L00000T8RWAUA3,4225 CHAMBERS ST,10/31/2017 12:00:00 AM,REHAB,128670,10,36313.15655898,,,OWNER-OCCUPIED,QUALIFIED,-84.53435657,39.1641272400299,,NORTHSIDE,NORTHSIDE,113910.18
a0F0L00000T8RWFUA3,1745 HANFIELD ST,09/01/2017 12:00:00 AM,REHAB,265820,10,75019.53273108,,,OWNER-OCCUPIED,QUALIFIED,-84.5463608,39.1627128700299,,NORTHSIDE,NORTHSIDE,70262
a0F0L00000T8RWPUA3,626 ORIENT AV,09/12/2017 12:00:00 AM,REHAB,104430,10,29472.16087242,NOT CERTIFIED,,OWNER-OCCUPIED,QUALIFIED,-84.51414953,39.1724094200299,,SPRING GROVE VILLAGE,SPRING GROVE VILLAGE,95242.14
a0F0L00000T8RWeUAN,2965 DECKEBACH AV,08/31/2017 12:00:00 AM,REHAB,256130,10,72284.82777222,NOT CERTIFIED,,OWNER-OCCUPIED,QUALIFIED,-84.52971701,39.1354155800298,,CUF,CUF,127442.79
a0F0L00000T8RWoUAN,1728 HANFIELD ST,09/21/2017 12:00:00 AM,REHAB,191010,10,53906.70734694,NOT CERTIFIED,,OWNER-OCCUPIED,QUALIFIED,-84.5455338,39.1629276700299,,NORTHSIDE,NORTHSIDE,144681
a0F0L00000T8RWtUAN,751 MORGAN ST,11/13/2017 12:00:00 AM,REHAB,146360,10,41305.61586984,,,OWNER-OCCUPIED,QUALIFIED,-84.49278688,39.1244061100299,,WALNUT HILLS,WALNUT HILLS,204000
a0F0L00000T8RfuUAF,8 GARDEN PL,09/18/2017 12:00:00 AM,REHAB,275000,10,77610.30585,NOT CERTIFIED,,OWNER-OCCUPIED,QUALIFIED,-84.45844727,39.1390058000299,,HYDE PARK,HYDE PARK,356977.6
a0F0L00000T8T3KUAV,2421 RIVERSIDE DR,12/21/2017 12:00:00 AM,NEW,562000,15,237910.864842,GOLD,12/01/2017 12:00:00 AM,OWNER-OCCUPIED,QUALIFIED,-84.46472885,39.1237634000299,,EAST END,EAST END,815000
a0F0L00000T8T3PUAV,1011 KINMONT AV,12/21/2017 12:00:00 AM,NEW,400000,15,169331.5764,SILVER,,OWNER-OCCUPIED,QUALIFIED,-84.4315695,39.1302657400299,,MOUNT LOOKOUT,MOUNT LOOKOUT,611446.04
a0F0L00000T8T6sUAF,506 BARNSIDE LN,12/21/2017 12:00:00 AM,NEW,400000,15,169331.5764,SILVER,12/01/2017 12:00:00 AM,OWNER-OCCUPIED,QUALIFIED,-84.68831578,39.1194305900299,,SAYLER PARK,SAYLER PARK,390000
a0F0L00000T8TItUAN,1059 RICHWOOD AV,12/22/2017 12:00:00 AM,NEW,562000,15,237910.864842,GOLD,,OWNER-OCCUPIED,QUALIFIED,-84.41757629,39.1259928000299,,MOUNT LOOKOUT,MOUNT LOOKOUT,600000
a0F0L00000T8TJ3UAN,4316 HAMILTON AV,12/22/2017 12:00:00 AM,NEW,521410,15,220727.94312681,GOLD,11/01/2017 12:00:00 AM,OWNER-OCCUPIED,QUALIFIED,-84.54084694,39.1662009300299,,NORTHSIDE,NORTHSIDE,456611.02
a0F0L00000T8TKkUAN,407 COLLINS AV,12/22/2017 12:00:00 AM,NEW,502670,15,212794.75877247,GOLD,12/01/2017 12:00:00 AM,OWNER-OCCUPIED,QUALIFIED,-84.46943613,39.1252303500299,,EAST WALNUT HILLS,EAST WALNUT HILLS,588608.62
a0F0L00000T8ccAUAR,504 HOGE ST,12/28/2017 12:00:00 AM,NEW,463360,15,196153.69810176,GOLD,,OWNER-OCCUPIED,QUALIFIED,-84.4373717,39.1176889400299,,COLUMBIA-TUSCULUM,COLUMBIA TUSCULUM,555988
a0F0L00000T8ce1UAB,1501 ELM ST,12/27/2017 12:00:00 AM,NEW,668280,15,282902.26469148,PLATINUM,,OWNER-OCCUPIED,QUALIFIED,-84.51911421,39.1114230000299,,OVER-THE-RHINE,OTR,790096
a0F0L00000T8cfsUAB,2421 RIVERSIDE DR,12/26/2017 12:00:00 AM,NEW,562000,15,237910.864842,GOLD,,OWNER-OCCUPIED,QUALIFIED,-84.46472885,39.1237634000299,,EAST END,EAST END,689502
a0F0L00000T8cgCUAR,2200 VICTORY PW,12/26/2017 12:00:00 AM,REHAB,12740,10,3595.47380556,NOT CERTIFIED,,OWNER-OCCUPIED,QUALIFIED,,,,WALNUT HILLS,N/A,52152
a0F0L00000T8cjBUAR,4224 WILLIAMSON PL,10/27/2017 12:00:00 AM,REHAB,275000,10,77610.30585,NOT CERTIFIED,,OWNER-OCCUPIED,QUALIFIED,-84.53690779,39.1640019900299,,NORTHSIDE,NORTHSIDE,209761
a0F0L00000T8cjGUAR,4237 WILLIAMSON PL,10/27/2017 12:00:00 AM,REHAB,205730,10,58060.97535462,NOT CERTIFIED,,OWNER-OCCUPIED,QUALIFIED,-84.53730437,39.1643577100299,,NORTHSIDE,NORTHSIDE,149102
a0F0L00000T8cjVUAR,4214 FERGUS ST,10/27/2017 12:00:00 AM,REHAB,144340,10,40735.53289596,NOT CERTIFIED,,OWNER-OCCUPIED,QUALIFIED,-84.53605084,39.1637693200299,,NORTHSIDE,NORTHSIDE,76700
a0F0L00000T8dfMUAR,1555 RUTH AV,12/04/2015 12:00:00 AM,REHAB,275000,10,77610.30585,NOT CERTIFIED,,OWNER-OCCUPIED,QUALIFIED,-84.47671351,39.1388682500299,,EVANSTON,EVANSTON,241730.23
a0F0L00000T8eBMUAZ,4266 LANGLAND ST,12/11/2017 12:00:00 AM,REHAB,0,10,0,NOT CERTIFIED,,OWNER-OCCUPIED,QUALIFIED,-84.53764818,39.1655436900299,,NORTHSIDE,NORTHSIDE,187500
a0F0L00000T8eBbUAJ,1233 WALNUT ST,11/28/2017 12:00:00 AM,REHAB,141110,10,39823.96457634,NOT CERTIFIED,,OWNER-OCCUPIED,QUALIFIED,-84.513648744,39.1094929,,OVER-THE-RHINE,N/A,128625
a0F0L00000T8eC0UAJ,1233 RODNEY AL,11/28/2017 12:00:00 AM,REHAB,177670,10,50141.90196498,NOT CERTIFIED,,OWNER-OCCUPIED,QUALIFIED,-84.51371244,39.1094876200299,,OVER-THE-RHINE,OTR,171932
a0F0L00000T8eC5UAJ,1233 WALNUT ST,11/28/2017 12:00:00 AM,REHAB,191630,10,54081.68330922,NOT CERTIFIED,,OWNER-OCCUPIED,QUALIFIED,-84.513648744,39.1094929,,OVER-THE-RHINE,N/A,183083
a0F0L00000T8eFJUAZ,1342 HERSCHEL AV,12/18/2017 12:00:00 AM,NEW,400000,15,169331.5764,SILVER,,OWNER-OCCUPIED,QUALIFIED,-84.42094358,39.1342717200299,,MOUNT LOOKOUT,MOUNT LOOKOUT,898236
a0F0L00000T8gUgUAJ,416 NORTHERN AV,01/16/2018 12:00:00 AM,NEW,266240,15,112707.09725184,SILVER,,OWNER-OCCUPIED,QUALIFIED,-84.49908627,39.1438754100299,,AVONDALE,AVONDALE,242900
a0F0L00000T8gVPUAZ,424 NORTHERN AV,12/28/2017 12:00:00 AM,NEW,275000,10,77610.30585,,,OWNER-OCCUPIED,QUALIFIED,-84.49883693,39.1438604000299,,AVONDALE,AVONDALE,242900
a0F0L00000T8gVUUAZ,544 EMPRESS AV,12/28/2017 12:00:00 AM,NEW,562000,15,237910.864842,GOLD,,OWNER-OCCUPIED,QUALIFIED,-84.43611041,39.1203013000299,,COLUMBIA-TUSCULUM,COLUMBIA TUSCULUM,521548
a0F0L00000T8gVeUAJ,538 EMPRESS AV,12/28/2017 12:00:00 AM,NEW,725270,15,307027.78103907,PLATINUM,,OWNER-OCCUPIED,QUALIFIED,-84.43630242,39.1201696300299,,COLUMBIA-TUSCULUM,COLUMBIA TUSCULUM,781580
a0F0L00000T8gVyUAJ,2572 MILLENNIUM PL,12/26/2017 12:00:00 AM,NEW,144020,10,40645.22272188,NOT CERTIFIED,,OWNER-OCCUPIED,QUALIFIED,-84.58366418,39.1492524100299,,WESTWOOD,WESTWOOD,79347
a0F0L00000T8gWDUAZ,2770 OBSERVATORY AVE,12/26/2017 12:00:00 AM,NEW,562000,15,237910.864842,GOLD,,OWNER-OCCUPIED,QUALIFIED,-84.4402671,39.1378211,,HYDE PARK,N/A,825000
a0F0L00000T8gWNUAZ,2938 MARKBREIT AV,12/28/2017 12:00:00 AM,NEW,562000,15,237910.864842,GOLD,,OWNER-OCCUPIED,QUALIFIED,-84.43339034,39.1517806800299,,OAKLEY,OAKLEY,756184
a0F0L00000T8gWSUAZ,2936 MARKBREIT AV,12/28/2017 12:00:00 AM,NEW,562000,15,237910.864842,GOLD,,OWNER-OCCUPIED,QUALIFIED,-84.43342559,39.1517801000299,,OAKLEY,OAKLEY,693836
a0F0L00000T8gWXUAZ,2932 MARKBREIT AV,12/28/2017 12:00:00 AM,NEW,536540,15,227132.91000414,GOLD,,OWNER-OCCUPIED,QUALIFIED,-84.43345548,39.1519690900299,,OAKLEY,OAKLEY,677000
a0F0L00000T8gWcUAJ,2934 MARKBREIT AV,12/28/2017 12:00:00 AM,NEW,562000,15,237910.864842,GOLD,,OWNER-OCCUPIED,QUALIFIED,-84.43351035,39.1517841800299,,OAKLEY,OAKLEY,690092
a0F0L00000T8gZlUAJ,3035 PORTSMOUTH AV,12/28/2017 12:00:00 AM,REHAB,179180,10,50568.05309892,NOT CERTIFIED,,OWNER-OCCUPIED,QUALIFIED,-84.43191285,39.1432892100299,,HYDE PARK,HYDE PARK,190092
a0F0L00000T8gipUAB,3481 EVANSTON AV,12/28/2017 12:00:00 AM,REHAB,187490,10,52913.29543206,NOT CERTIFIED,,OWNER-OCCUPIED,QUALIFIED,-84.46354588,39.1412659900299,,EVANSTON,EVANSTON,49625
a0F0L00000T8gj9UAB,1423 ELM ST,12/28/2017 12:00:00 AM,REHAB,275000,10,77610.30585,NOT CERTIFIED,,OWNER-OCCUPIED,QUALIFIED,-84.51890527,39.1108528300299,,OVER-THE-RHINE,OTR,623584
a0F0L00000T8gjEUAR,3425 BERRY AV,12/29/2017 12:00:00 AM,REHAB,,10,,NOT CERTIFIED,,OWNER-OCCUPIED,QUALIFIED,-84.5124602,39.1014537,,HYDE PARK,N/A,187000
a0F0L00000T8gjOUAR,236 SETCHELL ST,12/27/2017 12:00:00 AM,REHAB,0,10,0,NOT CERTIFIED,,RENTAL,QUALIFIED,-84.44369653,39.1170983200299,,EAST END,EAST END,19929
a0F0L00000T8gjTUAR,4222 FERGUS ST,12/26/2017 12:00:00 AM,REHAB,178220,10,50297.12257668,NOT CERTIFIED,,OWNER-OCCUPIED,QUALIFIED,-84.53601613,39.1640445600299,,NORTHSIDE,NORTHSIDE,145365
a0F0L00000T8gjxUAB,1167 BEVERLY HILL DR,12/26/2017 12:00:00 AM,REHAB,59730,10,16856.95843062,NOT CERTIFIED,,OWNER-OCCUPIED,QUALIFIED,-84.42169827,39.1282363500299,,MOUNT LOOKOUT,MOUNT LOOKOUT,58805
a0F0L00000T8gkCUAR,1605 MARLOU LN,12/27/2017 12:00:00 AM,REHAB,15620,10,4408.26537228,NOT CERTIFIED,,OWNER-OCCUPIED,QUALIFIED,-84.38351454,39.0829956100299,,MOUNT WASHINGTON,MOUNT WASHINGTON,84777
a0F0L00000T8gkRUAR,732 MT HOPE AV,12/28/2017 12:00:00 AM,REHAB,173130,10,48860.62637022,NOT CERTIFIED,,OWNER-OCCUPIED,QUALIFIED,-84.55788169,39.1041168200299,,EAST PRICE HILL,EAST PRICE HILL,129297
a0F0L00000T8hxsUAB,5459 GRAFTON AV,12/29/2017 12:00:00 AM,NEW,236410,10,66719.46329454,NOT CERTIFIED,,OWNER-OCCUPIED,QUALIFIED,-84.46186885,39.1821295000299,,BOND HILL,BOND HILL,227620
a0F0L00000T8hyRUAR,1328 REPUBLIC ST,01/02/2018 12:00:00 AM,REHAB,214460,10,60524.74979124,NOT CERTIFIED,,OWNER-OCCUPIED,QUALIFIED,-84.515865,39.1097245714286,,OVER-THE-RHINE,N/A,301240
a0F0L00000T8iLKUAZ,4218 MAD ANTHONY ST,01/02/2018 12:00:00 AM,REHAB,273690,10,77240.59857486,NOT CERTIFIED,,OWNER-OCCUPIED,QUALIFIED,-84.53522692,39.1638727600299,,NORTHSIDE,NORTHSIDE,172325
a0F0L00000T8iLUUAZ,1507 REPUBLIC ST,01/02/2018 12:00:00 AM,REHAB,562000,10,158607.243228,GOLD,,OWNER-OCCUPIED,QUALIFIED,-84.51669774,39.1118633300299,,OVER-THE-RHINE,OTR,606656
a0F0L00000T8iLjUAJ,1328 REPUBLIC ST,01/02/2018 12:00:00 AM,REHAB,214060,10,60411.86207364,NOT CERTIFIED,,RENTAL,QUALIFIED,-84.515865,39.1097245714286,,OVER-THE-RHINE,N/A,242000
a0F0L00000T8iLoUAJ,4331 BROWNWAY AV,01/02/2018 12:00:00 AM,REHAB,117630,10,33197.45555322,NOT CERTIFIED,,RENTAL,QUALIFIED,-84.43108248,39.1552364500299,,OAKLEY,OAKLEY,140211
a0F0L00000T8iLtUAJ,2989 SPRINGER AV,01/04/2018 12:00:00 AM,REHAB,264180,10,74556.69308892,NOT CERTIFIED,,OWNER-OCCUPIED,QUALIFIED,-84.43078292,39.1352897100299,,HYDE PARK,HYDE PARK,315000
a0F0L00000T8iMNUAZ,3457 ARNOLD ST,12/01/2017 12:00:00 AM,NEW,562000,15,237910.864842,GOLD,,OWNER-OCCUPIED,QUALIFIED,-84.41914985,39.1278534300299,,MOUNT LOOKOUT,MOUNT LOOKOUT,786750
a0F0L00000T8iMXUAZ,619 RUSHTON RD,12/29/2017 12:00:00 AM,NEW,562000,15,237910.864842,GOLD,,OWNER-OCCUPIED,QUALIFIED,-84.43440801,39.1202183500299,,COLUMBIA-TUSCULUM,COLUMBIA TUSCULUM,740000
a0F0L00000T8iMmUAJ,508 HOGE ST,01/05/2018 12:00:00 AM,NEW,559370,15,236797.50972717,GOLD,,OWNER-OCCUPIED,QUALIFIED,-84.43740264,39.1178268400299,,COLUMBIA-TUSCULUM,COLUMBIA TUSCULUM,599673
a0F0L00000T8iMwUAJ,6733 DANIELS WALK,01/09/2018 12:00:00 AM,NEW,400000,15,169331.5764,SILVER,,OWNER-OCCUPIED,QUALIFIED,-84.68969161,39.1190428600299,,SAYLER PARK,SAYLER PARK,354140
a0F0L00000T8iNLUAZ,3305 WESTSIDE AV,01/09/2018 12:00:00 AM,NEW,562000,15,237910.864842,GOLD,,OWNER-OCCUPIED,QUALIFIED,-84.44580146,39.1364257500299,,HYDE PARK,HYDE PARK,528050.6
a0F0L00000T8iNfUAJ,3703 MARBURG AV,01/11/2018 12:00:00 AM,NEW,275000,10,77610.30585,NOT CERTIFIED,,OWNER-OCCUPIED,QUALIFIED,-84.42220024,39.1441240100299,,OAKLEY,OAKLEY,378900
a0F0L00000T8iQAUAZ,504 BARNSIDE LN,01/11/2018 12:00:00 AM,NEW,400000,15,169331.5764,SILVER,,OWNER-OCCUPIED,QUALIFIED,-84.68859905,39.1193279900299,,SAYLER PARK,SAYLER PARK,402500
a0F0L00000T8iRhUAJ,3639 ARCHER AV,01/17/2018 12:00:00 AM,NEW,275000,10,77610.30585,NOT CERTIFIED,,OWNER-OCCUPIED,QUALIFIED,-84.41294868,39.1278079300299,,LINWOOD,LINWOOD,435683
a0F0L00000T8iePUAR,1622 WALNUT ST,01/05/2018 12:00:00 AM,REHAB,332580,10,93860.49279852,GOLD,,OWNER-OCCUPIED,QUALIFIED,-84.51419032,39.1136340300299,,OVER-THE-RHINE,OTR,343838
a0F0L00000T8ieeUAB,1705 PLEASANT ST,01/05/2018 12:00:00 AM,REHAB,275000,10,77610.30585,NOT CERTIFIED,,OWNER-OCCUPIED,QUALIFIED,-84.51892595,39.1142742300299,,OVER-THE-RHINE,OTR,311832
a0F0L00000T8iejUAB,34 E FOURTEENTH ST,01/02/2018 12:00:00 AM,REHAB,219530,10,61955.60161182,NOT CERTIFIED,,OWNER-OCCUPIED,QUALIFIED,-84.51419,39.111209,,OVER-THE-RHINE,N/A,309000
a0F0L00000T8ieoUAB,219 MAGNOLIA ST,01/11/2018 12:00:00 AM,REHAB,6150,10,1735.6486581,NOT CERTIFIED,,OWNER-OCCUPIED,QUALIFIED,-84.51949647,39.1105017700299,,OVER-THE-RHINE,OTR,73908
a0F0L00000T8ietUAB,34 E FOURTEENTH ST,01/11/2018 12:00:00 AM,REHAB,275000,10,77610.30585,NOT CERTIFIED,,OWNER-OCCUPIED,QUALIFIED,-84.51419,39.111209,,OVER-THE-RHINE,N/A,368000
a0F0L00000T8ieyUAB,34 E FOURTEENTH ST,01/10/2018 12:00:00 AM,REHAB,252820,10,71350.68190908,NOT CERTIFIED,,OWNER-OCCUPIED,QUALIFIED,-84.51419,39.111209,,OVER-THE-RHINE,N/A,369000
a0F0L00000T8if3UAB,2881 DIRHEIM AV,01/12/2018 12:00:00 AM,REHAB,192710,10,54386.48014674,NOT CERTIFIED,,OWNER-OCCUPIED,QUALIFIED,-84.59676913,39.1438570700299,,WESTWOOD,WESTWOOD,81596
a0F0L00000T8if8UAB,3523 PAPE AV,01/08/2018 12:00:00 AM,REHAB,275000,10,77610.30585,NOT CERTIFIED,,OWNER-OCCUPIED,QUALIFIED,-84.4183263,39.1400190700299,,HYDE PARK,HYDE PARK,161181
a0F0L00000T8ifIUAR,419 STANLEY AV,01/23/2018 12:00:00 AM,NEW,400000,15,169331.5764,SILVER,,OWNER-OCCUPIED,QUALIFIED,-84.43542996,39.1157187700299,,COLUMBIA-TUSCULUM,COLUMBIA TUSCULUM,580000
a0F0L00000T8ifSUAR,3631 RUSSELL AV,01/22/2018 12:00:00 AM,NEW,1148710,15,486282.18781611,PLATINUM,,OWNER-OCCUPIED,QUALIFIED,-84.4145805,39.1269543600299,,LINWOOD,LINWOOD,818860
a0F0L00000T8ifXUAR,6730 DANIELS WALK,01/17/2018 12:00:00 AM,NEW,482360,15,204196.94798076,GOLD,,OWNER-OCCUPIED,QUALIFIED,-84.6886711,39.1187655200299,,SAYLER PARK,SAYLER PARK,465220
a0F0L00000T8ifcUAB,3627 RUSSELL AV,01/17/2018 12:00:00 AM,NEW,847870,15,358927.90920567,PLATINUM,,OWNER-OCCUPIED,QUALIFIED,-84.41454086,39.1272208500299,,LINWOOD,LINWOOD,740000
a0F0L00000T8igfUAB,3434 MOONEY AV,01/18/2018 12:00:00 AM,REHAB,39460,10,11136.37334124,NOT CERTIFIED,,OWNER-OCCUPIED,QUALIFIED,-84.44564629,39.1390760600299,,HYDE PARK,HYDE PARK,185501
a0F0L00000T8igkUAB,608 STRAIGHT ST,01/18/2018 12:00:00 AM,REHAB,0,10,0,NOT CERTIFIED,,RENTAL,QUALIFIED,-84.52638141,39.1301910600299,,CLIFTON,CUF - HEIGHTS,35420
a0F0L00000T8igpUAB,4268 LANGLAND ST,01/22/2018 12:00:00 AM,REHAB,275000,10,77610.30585,NOT CERTIFIED,,OWNER-OCCUPIED,QUALIFIED,-84.53767267,39.1656149900299,,NORTHSIDE,NORTHSIDE,306422.65
a0F0L00000T8iguUAB,1751 CHASE AV,01/22/2018 12:00:00 AM,REHAB,275000,10,77610.30585,NOT CERTIFIED,,OWNER-OCCUPIED,QUALIFIED,-84.5463083,39.1640114500299,,NORTHSIDE,NORTHSIDE,186711.62
a0F0L00000T8ih9UAB,1508 REPUBLIC ST,01/17/2018 12:00:00 AM,REHAB,540150,10,152440.7516541,GOLD,,OWNER-OCCUPIED,QUALIFIED,-84.51628564,39.1119729300299,,OVER-THE-RHINE,OTR,1020044
a0F0L00000T8ikwUAB,3663 TRASKWOOD CIR,01/17/2018 12:00:00 AM,REHAB,88480,10,24970.76313312,NOT CERTIFIED,,OWNER-OCCUPIED,QUALIFIED,-84.40850334,39.1411673800299,,HYDE PARK,HYDE PARK,110484
a0F0L00000T8j53UAB,6116 BRAMBLE AV,01/24/2018 12:00:00 AM,REHAB,121690,10,34343.26588686,NOT CERTIFIED,,OWNER-OCCUPIED,QUALIFIED,-84.39123267,39.1517974500299,,MADISONVILLE,MADISONVILLE,18250
a0F0L00000T8j58UAB,1426 REPUBLIC ST,01/24/2018 12:00:00 AM,REHAB,192380,10,54293.34777972,NOT CERTIFIED,,OWNER-OCCUPIED,QUALIFIED,-84.51609678,39.1114845500299,,OVER-THE-RHINE,OTR,338833
a0F0L00000T8j5hUAB,2337 UPLAND PL,12/21/2017 12:00:00 AM,REHAB,313630,10,88512.43717722,NOT CERTIFIED,,OWNER-OCCUPIED,QUALIFIED,-84.48268657,39.1238938400299,,EAST WALNUT HILLS,EAST WALNUT HILLS,296138
a0F0L00000T8jv6UAB,1432 ELM ST,01/25/2018 12:00:00 AM,REHAB,228980,10,64622.57394012,NOT CERTIFIED,,OWNER-OCCUPIED,QUALIFIED,-84.518732,39.111136,,OVER-THE-RHINE,N/A,386837
a0F0L00000T8jvBUAR,1432 ELM ST,01/25/2018 12:00:00 AM,REHAB,229010,10,64631.04051894,NOT CERTIFIED,,OWNER-OCCUPIED,QUALIFIED,-84.518732,39.111136,,OVER-THE-RHINE,N/A,385764
a0F0L00000T8jvGUAR,1432 ELM ST,01/25/2018 12:00:00 AM,REHAB,264660,10,74692.15835004,NOT CERTIFIED,,OWNER-OCCUPIED,QUALIFIED,-84.518732,39.111136,,OVER-THE-RHINE,N/A,396141
a0F0L00000T8jvLUAR,131 W FIFTEENTH ST,01/25/2018 12:00:00 AM,REHAB,256200,10,72304.5831228,NOT CERTIFIED,,OWNER-OCCUPIED,QUALIFIED,-84.5185704897959,39.1112154285714,,OVER-THE-RHINE,N/A,419402
a0F0L00000T8jvQUAR,131 W FIFTEENTH ST,01/25/2018 12:00:00 AM,REHAB,273970,10,77319.61997718,NOT CERTIFIED,,OWNER-OCCUPIED,QUALIFIED,-84.5185704897959,39.1112154285714,,OVER-THE-RHINE,N/A,450535
a0F0L00000T8jvVUAR,131 W FIFTEENTH ST,01/25/2018 12:00:00 AM,REHAB,275000,10,77610.30585,NOT CERTIFIED,,OWNER-OCCUPIED,QUALIFIED,-84.5185704897959,39.1112154285714,,OVER-THE-RHINE,N/A,450893
a0F0L00000T8jvaUAB,131 W FIFTEENTH ST,01/25/2018 12:00:00 AM,REHAB,235660,10,66507.79882404,NOT CERTIFIED,,OWNER-OCCUPIED,QUALIFIED,-84.5185704897959,39.1112154285714,,OVER-THE-RHINE,N/A,380396
a0F0L00000T8jvfUAB,131 W FIFTEENTH ST,01/25/2018 12:00:00 AM,REHAB,249870,10,70518.13499178,NOT CERTIFIED,,OWNER-OCCUPIED,QUALIFIED,-84.5185704897959,39.1112154285714,,OVER-THE-RHINE,N/A,346400
a0F0L00000T8jvuUAB,4128 LAKEMAN ST,01/17/2018 12:00:00 AM,REHAB,163890,10,46252.92009366,NOT CERTIFIED,,OWNER-OCCUPIED,QUALIFIED,-84.54419338,39.1618527600299,,NORTHSIDE,NORTHSIDE,62450
a0F0L00000T8mUQUAZ,3678 CLIFTON AV,02/01/2018 12:00:00 AM,REHAB,26850,10,7577.5880439,NOT CERTIFIED,,RENTAL,QUALIFIED,-84.51796125,39.1500042100299,,CLIFTON,CLIFTON,35700
a0F0L00000T8mUVUAZ,1333 PENDLETON ST,01/31/2018 12:00:00 AM,REHAB,562000,10,158607.243228,GOLD,,OWNER-OCCUPIED,QUALIFIED,-84.5073331,39.1114815200299,,PENDLETON,PENDLETON,629838
a0F0L00000T8mUaUAJ,217 MAGNOLIA ST,01/29/2018 12:00:00 AM,REHAB,112240,10,31676.29355856,NOT CERTIFIED,,RENTAL,QUALIFIED,-84.51944941,39.1105079200299,,OVER-THE-RHINE,OTR,126740
a0F0L00000T8mViUAJ,4261 W 8TH ST,12/28/2017 12:00:00 AM,REHAB,178600,10,50404.3659084,NOT CERTIFIED,,OWNER-OCCUPIED,QUALIFIED,-84.59178903,39.1074018600299,,WEST PRICE HILL,WEST PRICE HILL,16301
a0F0L00000T8mX0UAJ,2881 ZIEGLE AV,02/06/2018 12:00:00 AM,REHAB,378150,10,106721.2260261,NOT CERTIFIED,,RENTAL,QUALIFIED,-84.43597348,39.1400874100299,,HYDE PARK,HYDE PARK,40000
a0F0L00000T8mu8UAB,4671 HAMILTON AV,11/29/2017 12:00:00 AM,REHAB,275000,10,77610.30585,NOT CERTIFIED,,OWNER-OCCUPIED,QUALIFIED,-84.54414324,39.1755820900299,,NORTHSIDE,NORTHSIDE,296318
a0F0L00000T8muSUAR,4201 EILEEN DR,12/14/2017 12:00:00 AM,REHAB,150560,10,42490.93690464,NOT CERTIFIED,,OWNER-OCCUPIED,QUALIFIED,-84.43802986,39.1537660800299,,OAKLEY,OAKLEY,150000
a0F0L00000T8mucUAB,2021 CARONDOLET ST,12/15/2017 12:00:00 AM,REHAB,0,10,0,NOT CERTIFIED,,OWNER-OCCUPIED,QUALIFIED,-84.47750026,39.1224659400299,,MOUNT LOOKOUT,EAST WALNUT HILLS,255636
a0F0L00000T8muhUAB,2850 GRANDIN HOLLOW LN,12/20/2017 12:00:00 AM,REHAB,,10,,NOT CERTIFIED,,OWNER-OCCUPIED,QUALIFIED,-84.5124602,39.1014537,,HYDE PARK,N/A,184285
a0F0L00000T8pDUUAZ,417 STANLEY AV,01/30/2018 12:00:00 AM,NEW,400000,15,169331.5764,SILVER,,OWNER-OCCUPIED,QUALIFIED,-84.43551554,39.1156904500299,,COLUMBIA-TUSCULUM,COLUMBIA TUSCULUM,451670
a0F0L00000T8pDZUAZ,3742 DRAKEWOOD DR,01/30/2018 12:00:00 AM,REHAB,139670,10,39417.56879298,NOT CERTIFIED,,OWNER-OCCUPIED,QUALIFIED,-84.43376579,39.1457519400299,,OAKLEY,OAKLEY,209039
a0F0L00000T8pDeUAJ,2711 CLEINVIEW AV,02/05/2018 12:00:00 AM,NEW,562000,15,237910.864842,GOLD,02/05/2018 12:00:00 AM,OWNER-OCCUPIED,QUALIFIED,-84.47423303,39.1285315200299,,EAST WALNUT HILLS,EAST WALNUT HILLS,637677
a0F0L00000T8pDjUAJ,3715 ANIOTON CT,02/07/2018 12:00:00 AM,REHAB,17450,10,4924.7266803,NOT CERTIFIED,,RENTAL,QUALIFIED,-84.4173026,39.1692730600299,,MADISONVILLE,MADISONVILLE,15000
a0F0L00000T8pDoUAJ,3575 SKYVIEW LN,02/07/2018 12:00:00 AM,REHAB,72410,10,20435.49907854,NOT CERTIFIED,,RENTAL,QUALIFIED,-84.41709335,39.1771739400299,,KENNEDY HEIGHTS,PLEASANT RIDGE,13000
a0F0L00000T8pE3UAJ,6715 KENNEDY AV,02/07/2018 12:00:00 AM,REHAB,115640,10,32635.83915816,NOT CERTIFIED,,RENTAL,QUALIFIED,-84.41508296,39.1923118500299,,KENNEDY HEIGHTS,KENNEDY HEIGHTS,37000
a0F0L00000T8pENUAZ,3446 AULT VIEW AV,02/09/2018 12:00:00 AM,NEW,562000,15,237910.864842,GOLD,,OWNER-OCCUPIED,QUALIFIED,-84.41899797,39.1368836800299,,MOUNT LOOKOUT,MOUNT LOOKOUT,850000
a0F0L00000T8pEXUAZ,2200 VICTORY PW,02/09/2018 12:00:00 AM,NEW,60960,10,17204.08816224,NOT CERTIFIED,,OWNER-OCCUPIED,QUALIFIED,,,,WALNUT HILLS,N/A,265000
a0F0L00000T8qFcUAJ,1614 PLEASANT ST,12/04/2017 12:00:00 AM,REHAB,263620,10,74398.65028428,NOT CERTIFIED,,OWNER-OCCUPIED,QUALIFIED,-84.51846356,39.1135880800299,,OVER-THE-RHINE,OTR,243599
a0F0L00000T8qFhUAJ,1824 ELM ST,12/20/2017 12:00:00 AM,REHAB,292810,10,82636.63147614,GOLD,05/30/2018 12:00:00 AM,RENTAL,QUALIFIED,-84.5199368571429,39.1158706938776,,OVER-THE-RHINE,N/A,419903
a0F0L00000T8qFyUAJ,1824 ELM ST,12/20/2017 12:00:00 AM,REHAB,443020,10,125028.79162788,GOLD,05/30/2018 12:00:00 AM,OWNER-OCCUPIED,QUALIFIED,-84.5199368571429,39.1158706938776,,OVER-THE-RHINE,N/A,400000
a0F0L00000T8qJCUAZ,747 MORGAN ST,02/13/2018 12:00:00 AM,REHAB,156540,10,44178.60828276,NOT CERTIFIED,,OWNER-OCCUPIED,QUALIFIED,-84.49292606,39.1244152500299,,WALNUT HILLS,WALNUT HILLS,192000
a0F0L00000T8qJMUAZ,1216 GROESBECK RD,02/13/2018 12:00:00 AM,REHAB,83630,10,23601.99955722,NOT CERTIFIED,,RENTAL,QUALIFIED,-84.5402662,39.1950373300299,,COLLEGE HILL,COLLEGE HILL,22000
a0F0L00000T8qJRUAZ,2908 PROBASCO CT,02/13/2018 12:00:00 AM,REHAB,127540,10,35994.24875676,NOT CERTIFIED,,RENTAL,QUALIFIED,-84.5288955,39.1343816800299,,CUF,CUF,51320
a0F0L00000T8qJWUAZ,3620 EDWARDS RD,02/13/2018 12:00:00 AM,REHAB,103780,10,29288.71833132,NOT CERTIFIED,,OWNER-OCCUPIED,QUALIFIED,-84.4426859,39.1432404700299,,HYDE PARK,HYDE PARK,202545
a0F0L00000T8qmiUAB,1509 ELM ST,02/15/2018 12:00:00 AM,NEW,562000,15,237910.864842,GOLD,02/27/2018 12:00:00 AM,OWNER-OCCUPIED,QUALIFIED,-84.51918714,39.1117075300299,,OVER-THE-RHINE,OTR,755000
a0F0L00000T8qmxUAB,229 HUNSFORD ST,02/22/2018 12:00:00 AM,NEW,144120,10,40673.44465128,NOT CERTIFIED,,OWNER-OCCUPIED,QUALIFIED,-84.46579577,39.2130136800299,,HARTWELL,HARTWELL,99874
a0F0L00000T8qn2UAB,3705 MARBURG AV,02/22/2018 12:00:00 AM,REHAB,275000,10,77610.30585,NOT CERTIFIED,,OWNER-OCCUPIED,QUALIFIED,-84.42219507,39.1441927500299,,OAKLEY,OAKLEY,339000
a0F0L00000T8qnRUAR,75 PEETE ST,02/23/2018 12:00:00 AM,REHAB,226850,10,64021.4468439,NOT CERTIFIED,,OWNER-OCCUPIED,QUALIFIED,-84.51523975,39.1170306600299,,OVER-THE-RHINE,OTR,160000
a0F0L00000T8rDXUAZ,1322 SUNCREST DR,01/24/2018 12:00:00 AM,REHAB,159100,10,44901.0896754,NOT CERTIFIED,,OWNER-OCCUPIED,QUALIFIED,-84.42284718,39.1349989600299,,MOUNT LOOKOUT,MOUNT LOOKOUT,275000
a0F0L00000T8rDcUAJ,5921 WOODMONT AV,01/24/2018 12:00:00 AM,REHAB,275000,10,77610.30585,NOT CERTIFIED,,OWNER-OCCUPIED,QUALIFIED,-84.42487627,39.1797377700299,,PLEASANT RIDGE,PLEASANT RIDGE,315000
a0F0L00000T8rEBUAZ,3308 BROTHERTON RD,01/18/2018 12:00:00 AM,REHAB,97220,10,27437.35976268,NOT CERTIFIED,,RENTAL,QUALIFIED,-84.42436743,39.1539548900299,,OAKLEY,OAKLEY,120899
a0F0L00000T8rL7UAJ,1428 REPUBLIC ST,01/23/2017 12:00:00 AM,REHAB,275000,10,77610.30585,NOT CERTIFIED,,OWNER-OCCUPIED,QUALIFIED,-84.51622609,39.1114652200299,,OVER-THE-RHINE,OTR,251833
a0F0L00000T8rLCUAZ,3440 WOODFORD RD,01/24/2018 12:00:00 AM,REHAB,202600,10,57177.6289644,NOT CERTIFIED,,OWNER-OCCUPIED,QUALIFIED,-84.41855686,39.1806092100298,,PLEASANT RIDGE,PLEASANT RIDGE,90750
a0F0L00000T8rM0UAJ,2929 MONTCLAIR AV,01/24/2018 12:00:00 AM,REHAB,168260,10,47486.21840844,NOT CERTIFIED,,OWNER-OCCUPIED,QUALIFIED,-84.59825715,39.1515277400299,,WESTWOOD,WESTWOOD,140004
a0F0L00000T8s7cUAB,963 HATCH ST,01/29/2018 12:00:00 AM,REHAB,211020,10,59553.91541988,NOT CERTIFIED,,OWNER-OCCUPIED,QUALIFIED,-84.49653842,39.1090969400299,,MOUNT ADAMS,MOUNT ADAMS,278200
a0F0L00000T8s7hUAB,1136 MAUREEN LN,01/29/2018 12:00:00 AM,REHAB,109010,10,30764.72523894,NOT CERTIFIED,,OWNER-OCCUPIED,QUALIFIED,-84.60916379,39.1174010500299,,WEST PRICE HILL,WEST PRICE HILL,39914
a0F0L00000T8s7mUAB,624 RUSHTON RD,01/29/2018 12:00:00 AM,NEW,562000,15,237910.864842,GOLD,,OWNER-OCCUPIED,QUALIFIED,-84.43406006,39.1199767600299,,COLUMBIA-TUSCULUM,COLUMBIA TUSCULUM,537701
a0F0L00000T8s7rUAB,3617 ARCHER AV,01/29/2018 12:00:00 AM,NEW,562000,15,237910.864842,GOLD,,OWNER-OCCUPIED,QUALIFIED,-84.41378004,39.1280784400299,,LINWOOD,LINWOOD,719900
a0F0L00000T8s7wUAB,496 MISSOURI AV,01/29/2018 12:00:00 AM,NEW,558710,15,236518.11262611,GOLD,,OWNER-OCCUPIED,QUALIFIED,-84.43391727,39.1187533100299,,COLUMBIA-TUSCULUM,COLUMBIA TUSCULUM,689951
a0F0L00000T8s81UAB,1310 MORTEN ST,02/01/2018 12:00:00 AM,NEW,562000,15,237910.864842,GOLD,,OWNER-OCCUPIED,QUALIFIED,-84.4406067347667,39.1360623717396,,HYDE PARK,N/A,670000
a0F0L00000T8skPUAR,3013 LAVINIA AV,12/20/2017 12:00:00 AM,NEW,265420,15,112359.96752022,GOLD,02/09/2022 12:00:00 AM,OWNER-OCCUPIED,QUALIFIED,-84.46046278,39.1332682100299,,HYDE PARK,HYDE PARK,347978
a0F0L00000T8ssgUAB,3021 TEMPLE AV,02/23/2018 12:00:00 AM,REHAB,165890,10,46817.35868166,NOT CERTIFIED,,OWNER-OCCUPIED,QUALIFIED,-84.60042015,39.1526286000299,,WESTWOOD,WESTWOOD,79629
a0F0L00000T8ssvUAB,808 ELM ST,02/22/2018 12:00:00 AM,REHAB,209520,10,59130.58647888,NOT CERTIFIED,,OWNER-OCCUPIED,QUALIFIED,-84.5208083,39.118926,,DOWNTOWN CINCINNATI,N/A,778770
a0F0L00000T8stPUAR,1529 RUTH AV,02/26/2018 12:00:00 AM,NEW,275000,10,77610.30585,NOT CERTIFIED,,OWNER-OCCUPIED,QUALIFIED,-84.47779281,39.1389624400299,,EVANSTON,EVANSTON,300000
a0F0L00000T8suSUAR,808 ELM ST,02/28/2018 12:00:00 AM,REHAB,237330,10,66979.10504502,NOT CERTIFIED,,OWNER-OCCUPIED,QUALIFIED,-84.5208083,39.118926,,DOWNTOWN CINCINNATI,N/A,778770
a0F0L00000T8ueqUAB,808 ELM ST,02/28/2018 12:00:00 AM,REHAB,264180,10,74556.69308892,NOT CERTIFIED,,OWNER-OCCUPIED,QUALIFIED,-84.5208083,39.118926,,DOWNTOWN CINCINNATI,N/A,778770
a0F0L00000T8uevUAB,3046 LAVINIA AV,02/28/2018 12:00:00 AM,NEW,275000,10,77610.30585,NOT CERTIFIED,,OWNER-OCCUPIED,QUALIFIED,-84.46015501,39.1345108800299,,EVANSTON,HYDE PARK,287148
a0F0L00000T8ufFUAR,3044 LAVINIA AV,02/28/2018 12:00:00 AM,NEW,275000,10,77610.30585,NOT CERTIFIED,,OWNER-OCCUPIED,QUALIFIED,-84.46008695,39.1344427300299,,EVANSTON,HYDE PARK,287148
a0F0L00000T8ufeUAB,929 DAYTON ST,02/26/2018 12:00:00 AM,REHAB,263920,10,74483.31607248,NOT CERTIFIED,,OWNER-OCCUPIED,QUALIFIED,-84.53036165,39.1181852200299,,WEST END,WEST END,101280
a0F0L00000T8ufjUAB,309 SYCAMORE ST,03/02/2018 12:00:00 AM,REHAB,92220,10,26026.26329268,NOT CERTIFIED,,RENTAL,QUALIFIED,-84.5076433469388,39.0995316326531,,DOWNTOWN CINCINNATI,N/A,
a0F0L00000T8ufoUAB,309 SYCAMORE ST,03/02/2018 12:00:00 AM,REHAB,83880,10,23672.55438072,NOT CERTIFIED,,RENTAL,QUALIFIED,-84.5076433469388,39.0995316326531,,DOWNTOWN CINCINNATI,N/A,119130
a0F0L00000T8uftUAB,309 SYCAMORE ST,03/02/2018 12:00:00 AM,REHAB,83880,10,23672.55438072,NOT CERTIFIED,,RENTAL,QUALIFIED,-84.5076433469388,39.0995316326531,,DOWNTOWN CINCINNATI,N/A,119130
a0F0L00000T8ug8UAB,309 SYCAMORE ST,03/02/2018 12:00:00 AM,REHAB,70530,10,19904.92680582,NOT CERTIFIED,,RENTAL,QUALIFIED,-84.5076433469388,39.0995316326531,,DOWNTOWN CINCINNATI,N/A,100130
a0F0L00000T8ugDUAR,309 SYCAMORE ST,03/02/2018 12:00:00 AM,REHAB,72160,10,20364.94425504,NOT CERTIFIED,,RENTAL,QUALIFIED,-84.5076433469388,39.0995316326531,,DOWNTOWN CINCINNATI,N/A,100130
a0F0L00000T8ugIUAR,309 SYCAMORE ST,03/02/2018 12:00:00 AM,REHAB,72040,10,20331.07793976,NOT CERTIFIED,,RENTAL,QUALIFIED,-84.5076433469388,39.0995316326531,,DOWNTOWN CINCINNATI,N/A,100130
a0F0L00000U2NR6UAN,1226 LOUDEN ST,12/15/2017 12:00:00 AM,REHAB,275000,10,77610.30585,NOT CERTIFIED,,OWNER-OCCUPIED,QUALIFIED,-84.49709422,39.1102451100299,,MOUNT ADAMS,MOUNT ADAMS,600000
a0F0L00000U2NRGUA3,2820 MADISON RD,03/27/2018 12:00:00 AM,REHAB,140270,10,39586.90036938,NOT CERTIFIED,,OWNER-OCCUPIED,QUALIFIED,-84.43876063,39.1477271400299,,OAKLEY,OAKLEY,325000
a0F0L00000U2NfEUAV,270 DORCHESTER AV,03/28/2018 12:00:00 AM,REHAB,218370,10,61628.22723078,NOT CERTIFIED,,OWNER-OCCUPIED,QUALIFIED,-84.5059193,39.1179616000299,,MOUNT AUBURN,MOUNT AUBURN,265000
a0F0L00000U2NfJUAV,4920 JAMESON ST,03/30/2018 12:00:00 AM,REHAB,275000,10,77610.30585,NOT CERTIFIED,,OWNER-OCCUPIED,QUALIFIED,-84.38310377,39.1589848600299,,MADISONVILLE,MADISONVILLE,96000
a0F0L00000U2NfTUAV,2907 MINOT AV,03/30/2018 12:00:00 AM,REHAB,79200,10,22351.7680848,NOT CERTIFIED,,OWNER-OCCUPIED,QUALIFIED,-84.43519655,39.1523947700299,,OAKLEY,OAKLEY,62000
a0F0L00000U2NnBUAV,225 HUNSFORD ST,04/02/2018 12:00:00 AM,NEW,145880,10,41170.15060872,NOT CERTIFIED,,OWNER-OCCUPIED,QUALIFIED,-84.46592985,39.2130114100298,,HARTWELL,HARTWELL,100018
a0F0L00000U2NnuUAF,910 VOSS ST,04/02/2018 12:00:00 AM,NEW,129150,10,36448.6218201,NOT CERTIFIED,,OWNER-OCCUPIED,QUALIFIED,-84.5714721,39.1078769400299,,EAST PRICE HILL,EAST PRICE HILL,78073
a0F0L00000U2NoEUAV,6284 GRAND VISTA AV,04/02/2018 12:00:00 AM,REHAB,275000,10,77610.30585,NOT CERTIFIED,,OWNER-OCCUPIED,QUALIFIED,-84.42165852,39.1866370000299,,PLEASANT RIDGE,PLEASANT RIDGE,128726
a0F0L00000U2RmJUAV,1629 S ARGYLE AV,12/14/2017 12:00:00 AM,REHAB,13190,10,3722.47248786,NOT CERTIFIED,,OWNER-OCCUPIED,QUALIFIED,-84.54329366,39.1678056800299,,NORTHSIDE,NORTHSIDE,68500
a0F0L00000U2RoFUAV,2200 VICTORY PW,04/02/2018 12:00:00 AM,REHAB,39590,10,11173.06184946,NOT CERTIFIED,,OWNER-OCCUPIED,QUALIFIED,,,,DOWNTOWN CINCINNATI,N/A,62034
a0F0L00000U2SqaUAF,34 E FOURTEENTH ST,04/02/2018 12:00:00 AM,REHAB,221110,10,62401.50809634,NOT CERTIFIED,,OWNER-OCCUPIED,QUALIFIED,-84.51419,39.111209,,OVER-THE-RHINE,N/A,300000
a0F0L00000U2TtcUAF,3420 STETTINIUS AV,04/03/2018 12:00:00 AM,REHAB,77780,10,21951.01668732,NOT CERTIFIED,,OWNER-OCCUPIED,QUALIFIED,-84.44822263,39.1384739200299,,HYDE PARK,HYDE PARK,82708
a0F0L00000U2TthUAF,4245 DANE AV,04/03/2018 12:00:00 AM,REHAB,259000,10,73094.797146,NOT CERTIFIED,,OWNER-OCCUPIED,QUALIFIED,-84.53302833,39.1648464600299,,NORTHSIDE,NORTHSIDE,202538
a0F0L00000U2TtmUAF,35 WEEBETOOK LN,04/03/2018 12:00:00 AM,REHAB,460010,10,129823.69743294,NOT CERTIFIED,,OWNER-OCCUPIED,QUALIFIED,-84.45148945,39.1245452300299,,HYDE PARK,HYDE PARK,261650.42
a0F0L00000U2TvTUAV,4130 PILLARS DR,04/05/2018 12:00:00 AM,REHAB,54520,10,15386.59590888,NOT CERTIFIED,,OWNER-OCCUPIED,QUALIFIED,-84.41949726,39.1524771000299,,OAKLEY,OAKLEY,127850
a0F0L00000U2TvYUAV,4222 DELANEY ST,04/05/2018 12:00:00 AM,REHAB,263810,10,74452.27195014,NOT CERTIFIED,,OWNER-OCCUPIED,QUALIFIED,-84.54293988,39.1644588900299,,NORTHSIDE,NORTHSIDE,190548.59
a0F0L00000U2TvnUAF,2401 INGLESIDE AVE,04/06/2018 12:00:00 AM,REHAB,107620,10,30372.44042028,NOT CERTIFIED,,OWNER-OCCUPIED,QUALIFIED,-84.477862,39.123447,,EAST WALNUT HILLS,N/A,125000
a0F0L00000U2TvsUAF,1331 SUNCREST DR,04/11/2018 12:00:00 AM,REHAB,275000,10,77610.30585,NOT CERTIFIED,,OWNER-OCCUPIED,QUALIFIED,-84.42332937,39.1353397400299,,MOUNT LOOKOUT,MOUNT LOOKOUT,380083.09
a0F0L00000U2Tw2UAF,807 RACE ST,04/11/2018 12:00:00 AM,REHAB,183580,10,51809.81799252,NOT CERTIFIED,,OWNER-OCCUPIED,QUALIFIED,-84.515701122449,39.104815755102,,DOWNTOWN CINCINNATI,N/A,340302
a0F0L00000U2Tw7UAF,2138 CLIFTON AV,04/16/2018 12:00:00 AM,REHAB,39760,10,11221.03912944,NOT CERTIFIED,,OWNER-OCCUPIED,QUALIFIED,-84.52026586,39.1220708600299,,CUF,CUF,80000
a0F0L00000U2TwRUAV,3639 SOLAR VISTA PL,04/15/2018 12:00:00 AM,REHAB,118620,10,33476.85265428,NOT CERTIFIED,,OWNER-OCCUPIED,QUALIFIED,-84.41239847,39.1845243500299,,KENNEDY HEIGHTS,KENNEDY HEIGHTS,55086
a0F0L00000U2brYUAR,6728 DANIELS WALK,04/24/2018 12:00:00 AM,NEW,390000,15,165098.28699,SILVER,05/01/2018 12:00:00 AM,OWNER-OCCUPIED,QUALIFIED,-84.68865311,39.1185758700299,,SAYLER PARK,SAYLER PARK,363460
a0F0L00000U2cctUAB,59 MULBERRY ST,04/18/2018 12:00:00 AM,REHAB,0,10,0,NOT CERTIFIED,,RENTAL,QUALIFIED,-84.5157605,39.1179793100299,,OVER-THE-RHINE,MOUNT AUBURN,16382
a0F0L00000U2cdjUAB,2770 OBSERVATORY AVE,04/23/2018 12:00:00 AM,NEW,562000,15,237910.864842,GOLD,05/02/2018 12:00:00 AM,OWNER-OCCUPIED,QUALIFIED,-84.4402671,39.1378211,,HYDE PARK,N/A,1476035
a0F0L00000U2cdtUAB,5736 GLENWAY AV,04/18/2018 12:00:00 AM,REHAB,128630,10,36301.86778722,NOT CERTIFIED,,OWNER-OCCUPIED,QUALIFIED,-84.61266333,39.1356421300299,,WESTWOOD,WESTWOOD,35950
a0F0L00000U2ci0UAB,4121 FERGUS ST,04/18/2018 12:00:00 AM,NEW,275000,10,77610.30585,,,OWNER-OCCUPIED,QUALIFIED,-84.53654779,39.1623238700299,,NORTHSIDE,NORTHSIDE,426642
a0F0L00000U2ci5UAB,502 MILTON ST,04/18/2018 12:00:00 AM,NEW,817850,15,346219.57439685,PLATINUM,05/16/2018 12:00:00 AM,OWNER-OCCUPIED,QUALIFIED,-84.50651552,39.1133920700299,,MOUNT AUBURN,MOUNT AUBURN,937315
a0F0L00000U2cjmUAB,3200 GOLDEN AV,04/20/2018 12:00:00 AM,NEW,562000,15,237910.864842,GOLD,05/02/2018 12:00:00 AM,OWNER-OCCUPIED,QUALIFIED,-84.44360873,39.1220988600299,,COLUMBIA-TUSCULUM,COLUMBIA TUSCULUM,628357
a0F0L00000U2crMUAR,4119 ST LAWRENCE AV,04/18/2018 12:00:00 AM,REHAB,113030,10,31899.24680082,NOT CERTIFIED,,OWNER-OCCUPIED,QUALIFIED,-84.58276372,39.1098477800299,,WEST PRICE HILL,WEST PRICE HILL,78273
a0F0L00000U2crqUAB,3727 AULT PARK AV,04/19/2018 12:00:00 AM,REHAB,240710,10,67933.00625874,NOT CERTIFIED,,OWNER-OCCUPIED,QUALIFIED,-84.41296477,39.1400906400299,,HYDE PARK,HYDE PARK,404035
a0F0L00000U2hxCUAR,2770 OBSERVATORY AVE,04/23/2018 12:00:00 AM,REHAB,562000,10,158607.243228,GOLD,05/09/2018 12:00:00 AM,OWNER-OCCUPIED,QUALIFIED,-84.4402671,39.1378211,,HYDE PARK,N/A,1600059
a0F0L00000U2hxOUAR,536 CARPLIN PL,04/20/2018 12:00:00 AM,REHAB,61970,10,17489.12964918,NOT CERTIFIED,,RENTAL,QUALIFIED,-84.49654935,39.1390636000299,,AVONDALE,AVONDALE,60000
a0F0L00000U2hzIUAR,6119 WOODMONT AV,04/23/2018 12:00:00 AM,REHAB,275000,10,77610.30585,NOT CERTIFIED,,OWNER-OCCUPIED,QUALIFIED,-84.42447354,39.1824517200299,,PLEASANT RIDGE,PLEASANT RIDGE,275000
a0F0L00000U2hzSUAR,122 JUSTIS ST,04/24/2018 12:00:00 AM,REHAB,172790,10,48764.67181026,NOT CERTIFIED,,OWNER-OCCUPIED,QUALIFIED,-84.51205615,39.1218940000299,,MOUNT AUBURN,MOUNT AUBURN,160000
a0F0L00000U2i1EUAR,4670 HAMILTON AV,04/24/2018 12:00:00 AM,REHAB,145430,10,41043.15192642,NOT CERTIFIED,,OWNER-OCCUPIED,QUALIFIED,-84.5435698,39.1754331000298,,NORTHSIDE,NORTHSIDE,214700
a0F0L00000U2iOaUAJ,6321 ROE ST,04/25/2018 12:00:00 AM,REHAB,105850,10,29872.9122699,NOT CERTIFIED,,OWNER-OCCUPIED,QUALIFIED,-84.38769517,39.1550868800299,,MADISONVILLE,MADISONVILLE,162000
a0F0L00000U2iOfUAJ,1835 HEWITT AV,04/26/2018 12:00:00 AM,REHAB,275000,10,77610.30585,NOT CERTIFIED,,OWNER-OCCUPIED,QUALIFIED,-84.47051638,39.1370686400299,,EVANSTON,EVANSTON,185250
a0F0L00000U2iOpUAJ,1006 KINMONT AV,04/27/2018 12:00:00 AM,REHAB,124200,10,35051.6363148,NOT CERTIFIED,,OWNER-OCCUPIED,QUALIFIED,-84.43113279,39.1300535900299,,MOUNT LOOKOUT,MOUNT LOOKOUT,65828.88
a0F0L00000U2iOuUAJ,3619 DAVENANT AV,05/08/2018 12:00:00 AM,REHAB,214100,10,60423.1508454,NOT CERTIFIED,,OWNER-OCCUPIED,QUALIFIED,-84.41573031,39.1748398800299,,KENNEDY HEIGHTS,KENNEDY HEIGHTS,159500
a0F0L00000U2m2KUAR,4940 BOUTON ST,05/18/2018 12:00:00 AM,NEW,275000,10,77610.30585,,,OWNER-OCCUPIED,QUALIFIED,-84.41523966,39.1276470600299,,LINWOOD,LINWOOD,315651
a0F0L00000U2nKCUAZ,1053 RICHWOOD AV,05/08/2018 12:00:00 AM,NEW,562000,15,237910.864842,GOLD,05/24/2018 12:00:00 AM,OWNER-OCCUPIED,QUALIFIED,-84.41750057,39.1257372700299,,MOUNT LOOKOUT,MOUNT LOOKOUT,636000
a0F0L00000U2nolUAB,3534 BURCH AV,05/14/2018 12:00:00 AM,REHAB,145500,10,41062.907277,NOT CERTIFIED,,OWNER-OCCUPIED,QUALIFIED,-84.44671742,39.1413353000299,,HYDE PARK,HYDE PARK,225000
a0F0L00000U2noqUAB,2200 VICTORY PW,05/14/2018 12:00:00 AM,REHAB,116190,10,32791.05976986,NOT CERTIFIED,,OWNER-OCCUPIED,QUALIFIED,,,,WALNUT HILLS,N/A,289943
a0F0L00000U2novUAB,831 TWEED AV,04/25/2018 12:00:00 AM,NEW,1364530,15,577645.03986273,PLATINUM,05/29/2018 12:00:00 AM,OWNER-OCCUPIED,QUALIFIED,-84.42597569,39.1248504800299,,MOUNT LOOKOUT,MOUNT LOOKOUT,1152000
a0F0L00000U2np0UAB,34 E FOURTEENTH ST,04/25/2018 12:00:00 AM,REHAB,218250,10,61594.3609155,NOT CERTIFIED,,OWNER-OCCUPIED,QUALIFIED,-84.51419,39.111209,,OVER-THE-RHINE,N/A,283050
a0F0L00000U2np5UAB,1786 E MCMILLAN ST,05/04/2018 12:00:00 AM,REHAB,113560,10,32048.82302664,NOT CERTIFIED,,OWNER-OCCUPIED,QUALIFIED,-84.47265707,39.1262268700299,,EAST WALNUT HILLS,EAST WALNUT HILLS,107562
a0F0L00000U2npAUAR,4122 32ND AV,05/07/2018 12:00:00 AM,REHAB,204300,10,57657.4017642,NOT CERTIFIED,,OWNER-OCCUPIED,QUALIFIED,-84.43518277,39.1533717500299,,OAKLEY,OAKLEY,261930
a0F0L00000U2npoUAB,4250 WILLIAMSON PL,05/09/2018 12:00:00 AM,REHAB,80260,10,22650.92053644,NOT CERTIFIED,,OWNER-OCCUPIED,QUALIFIED,-84.53685502,39.1649322800299,,NORTHSIDE,NORTHSIDE,231500
a0F0L00000U2phEUAR,69 MULBERRY ST,04/13/2018 12:00:00 AM,REHAB,,10,,NOT CERTIFIED,,OWNER-OCCUPIED,QUALIFIED,-84.5124602,39.1014537,,OVER-THE-RHINE,N/A,4187
a0F0L00000U2phJUAR,4734 HOWARD AV,04/16/2018 12:00:00 AM,REHAB,120810,10,34094.91290814,NOT CERTIFIED,,OWNER-OCCUPIED,QUALIFIED,-84.54321284,39.1781345800298,,NORTHSIDE,NORTHSIDE,107507
a0F0L00000U2phOUAR,709 E MCMILLAN AVE,05/16/2018 12:00:00 AM,REHAB,172250,10,48612.2733915,NOT CERTIFIED,,OWNER-OCCUPIED,QUALIFIED,-84.5181034,39.1277522,,WALNUT HILLS,N/A,210000
a0F0L00000U2pxmUAB,34 E FOURTEENTH ST,06/08/2018 12:00:00 AM,REHAB,203000,10,57290.516682,NOT CERTIFIED,,OWNER-OCCUPIED,QUALIFIED,-84.51419,39.111209,,OVER-THE-RHINE,N/A,300000
a0F0L00000U2pxrUAB,24 W 9TH ST,05/09/2018 12:00:00 AM,REHAB,275000,10,77610.30585,NOT CERTIFIED,,OWNER-OCCUPIED,QUALIFIED,-84.5151962,39.1053228900299,,DOWNTOWN CINCINNATI,DOWNTOWN,599999
a0F0L00000U2pxwUAB,3101 MAPLELEAF AV,05/10/2018 12:00:00 AM,REHAB,190890,10,53872.84103166,NOT CERTIFIED,,OWNER-OCCUPIED,QUALIFIED,-84.43040641,39.1742881700298,,PLEASANT RIDGE,PLEASANT RIDGE,200250
a0F0L00000U2py1UAB,4620 CHICKERING AV,05/11/2018 12:00:00 AM,REHAB,90640,10,25580.35680816,NOT CERTIFIED,,OWNER-OCCUPIED,QUALIFIED,-84.51132818,39.1741163300299,,SPRING GROVE VILLAGE,SPRING GROVE VILLAGE,87000
a0F0L00000U2pyGUAR,965 LENOX PL,05/18/2018 12:00:00 AM,REHAB,275000,10,77610.30585,,,OWNER-OCCUPIED,QUALIFIED,-84.48001093,39.1538247000299,,NORTH AVONDALE,NORTH AVONDALE,133739
a0F0L00000U2pyLUAR,4150 LANGLAND ST,05/18/2018 12:00:00 AM,REHAB,124290,10,35077.03605126,NOT CERTIFIED,,OWNER-OCCUPIED,QUALIFIED,-84.53792482,39.1627963300299,,NORTHSIDE,NORTHSIDE,50550
a0F0L00000U2q39UAB,3227 LOOKOUT CIR,12/03/2018 12:00:00 AM,REHAB,198180,10,55930.21968492,NOT CERTIFIED,,OWNER-OCCUPIED,QUALIFIED,-84.42550383,39.1282885400299,,MOUNT LOOKOUT,MOUNT LOOKOUT,38000
a0F0L00000U2q3OUAR,1328 REPUBLIC ST,05/21/2018 12:00:00 AM,REHAB,275000,10,77610.30585,NOT CERTIFIED,,OWNER-OCCUPIED,QUALIFIED,-84.515865,39.1097245714286,,OVER-THE-RHINE,N/A,437000
a0F0L00000U2q3iUAB,3222 BACH AV,05/21/2018 12:00:00 AM,REHAB,239910,10,67707.23082354,NOT CERTIFIED,,OWNER-OCCUPIED,QUALIFIED,-84.4260957,39.1531981900299,,OAKLEY,OAKLEY,175700
a0F0L00000U2q3nUAB,3437 MOONEY AV,05/21/2018 12:00:00 AM,REHAB,275000,10,77610.30585,NOT CERTIFIED,,OWNER-OCCUPIED,QUALIFIED,-84.44627634,39.1390841600299,,HYDE PARK,HYDE PARK,314500
a0F0L00000U2qKIUAZ,4137 CHAMBERS ST,05/14/2018 12:00:00 AM,REHAB,201250,10,56796.6329175,NOT CERTIFIED,,OWNER-OCCUPIED,QUALIFIED,-84.53413225,39.1611791300299,,NORTHSIDE,NORTHSIDE,126550
a0F0L00000U2qKNUAZ,909 DAYTON ST,05/30/2018 12:00:00 AM,REHAB,275000,10,77610.30585,NOT CERTIFIED,,OWNER-OCCUPIED,QUALIFIED,-84.52956175,39.1181132700299,,WEST END,WEST END,255277.21
a0F0L00000U2qKcUAJ,1560 ST LEGER PL,05/24/2018 12:00:00 AM,NEW,275000,10,77610.30585,NOT CERTIFIED,,OWNER-OCCUPIED,QUALIFIED,-84.47658028,39.1383645400299,,EVANSTON,EVANSTON,250000
a0F0L00000U2qKmUAJ,3619 TAMARACK AV,05/25/2018 12:00:00 AM,REHAB,173720,10,49027.13575368,NOT CERTIFIED,,OWNER-OCCUPIED,QUALIFIED,-84.45449175,39.1445297100299,,HYDE PARK,HYDE PARK,283500
a0F0L00000U2qL1UAJ,6277 SAVANNAH AV,05/29/2018 12:00:00 AM,REHAB,213630,10,60290.50777722,NOT CERTIFIED,,OWNER-OCCUPIED,QUALIFIED,-84.55418045,39.2061059400299,,COLLEGE HILL,COLLEGE HILL,136000
a0F0L00000U2qL6UAJ,3638 ARCHER AV,06/02/2018 12:00:00 AM,NEW,562000,15,237910.864842,GOLD,06/14/2018 12:00:00 AM,OWNER-OCCUPIED,QUALIFIED,-84.41244467,39.1277637700299,,LINWOOD,LINWOOD,585000
a0F0L00000U2qLBUAZ,1336 SPRING ST,06/04/2018 12:00:00 AM,NEW,604950,15,256092.84285795,PLATINUM,,OWNER-OCCUPIED,QUALIFIED,-84.50791917,39.1115606600299,,PENDLETON,PENDLETON,750000
a0F0L00000U2qLGUAZ,3468 HALLWOOD PL,06/06/2018 12:00:00 AM,NEW,133260,10,37608.54311844,NOT CERTIFIED,,OWNER-OCCUPIED,QUALIFIED,-84.49647071,39.1424042100299,,AVONDALE,AVONDALE,98324
a0F0L00000U2r7aUAB,3011 LAVINIA AV,06/08/2018 12:00:00 AM,NEW,265280,15,112300.70146848,GOLD,06/21/2018 12:00:00 AM,OWNER-OCCUPIED,QUALIFIED,-84.46046116,39.1332231800299,,EVANSTON,HYDE PARK,350000
a0F0L00000U2r7pUAB,3449 HALLWOOD PL,08/06/2018 12:00:00 AM,NEW,120710,10,34066.69097874,NOT CERTIFIED,,OWNER-OCCUPIED,QUALIFIED,-84.49705776,39.1419645700299,,AVONDALE,AVONDALE,
a0F0L00000U2r7uUAB,5217 RAVENNA ST,05/03/2018 12:00:00 AM,REHAB,84150,10,23748.7535901,NOT CERTIFIED,,OWNER-OCCUPIED,QUALIFIED,-84.39427475,39.1632359200299,,MADISONVILLE,MADISONVILLE,145000
a0F0L00000U2r7zUAB,1530 BLAIR AV,05/31/2018 12:00:00 AM,REHAB,177480,10,50088.28029912,NOT CERTIFIED,,OWNER-OCCUPIED,QUALIFIED,-84.47719209,39.1403115200299,,EVANSTON,EVANSTON,254142
a0F0L00000U2r84UAB,3021 CLEINVIEW AV,06/06/2018 12:00:00 AM,REHAB,232850,10,65714.7626079,NOT CERTIFIED,,OWNER-OCCUPIED,QUALIFIED,-84.47373238,39.1323545400299,,EVANSTON,EVANSTON,249900
a0F0L00000U2r89UAB,1532 PULLAN AV,06/05/2018 12:00:00 AM,REHAB,275000,10,77610.30585,NOT CERTIFIED,,OWNER-OCCUPIED,QUALIFIED,-84.53759592,39.1659439300298,,NORTHSIDE,NORTHSIDE,123722
a0F0L00000U2r8EUAR,1752 JESTER ST,06/07/2018 12:00:00 AM,REHAB,156930,10,44288.67380742,NOT CERTIFIED,,OWNER-OCCUPIED,QUALIFIED,-84.54652032,39.1637448800299,,NORTHSIDE,NORTHSIDE,96771
a0F0L00000U2r8JUAR,4210 WILLIAMSON PL,06/07/2018 12:00:00 AM,REHAB,197450,10,55724.1996003,NOT CERTIFIED,,OWNER-OCCUPIED,QUALIFIED,-84.53696281,39.1635635300299,,NORTHSIDE,NORTHSIDE,251000
a0F0L00000U2r8OUAR,4244 CHAMBERS ST,06/11/2018 12:00:00 AM,REHAB,242040,10,68308.35791976,NOT CERTIFIED,,OWNER-OCCUPIED,QUALIFIED,-84.53392522,39.1648502300298,,NORTHSIDE,NORTHSIDE,282000
a0F0L00000U2r8TUAR,3741 MORRIS PL,06/11/2018 12:00:00 AM,REHAB,55050,10,15536.1721347,NOT CERTIFIED,,OWNER-OCCUPIED,QUALIFIED,-84.4358454657745,39.1127952596474,,COLUMBIA-TUSCULUM,N/A,67097
a0F0L00000U2r8nUAB,1328 REPUBLIC ST,06/04/2018 12:00:00 AM,REHAB,275000,10,77610.30585,NOT CERTIFIED,,OWNER-OCCUPIED,QUALIFIED,-84.515865,39.1097245714286,,OVER-THE-RHINE,N/A,1150000
a0F0L00000U2r8sUAB,1328 REPUBLIC ST,06/04/2018 12:00:00 AM,REHAB,275000,10,77610.30585,NOT CERTIFIED,,OWNER-OCCUPIED,QUALIFIED,-84.515865,39.1097245714286,,OVER-THE-RHINE,N/A,1150000
a0F0L00000U2r8xUAB,2200 VICTORY PW,06/13/2018 12:00:00 AM,REHAB,189270,10,53415.64577538,NOT CERTIFIED,,OWNER-OCCUPIED,QUALIFIED,,,,WALNUT HILLS,N/A,201292
a0F0L00000U2r9CUAR,1523 REPUBLIC ST,06/02/2018 12:00:00 AM,REHAB,193350,10,54567.1004949,NOT CERTIFIED,,RENTAL,QUALIFIED,-84.5166109795918,39.1119760612245,,DOWNTOWN CINCINNATI,N/A,189079
a0F0L00000U2r9HUAR,1523 REPUBLIC ST,06/02/2018 12:00:00 AM,REHAB,167790,10,47353.57534026,NOT CERTIFIED,,RENTAL,QUALIFIED,-84.5166109795918,39.1119760612245,,OVER-THE-RHINE,N/A,179128
a0F0L00000U2r9MUAR,1523 REPUBLIC ST,06/02/2018 12:00:00 AM,REHAB,192420,10,54304.63655148,NOT CERTIFIED,,RENTAL,QUALIFIED,-84.5166109795918,39.1119760612245,,OVER-THE-RHINE,N/A,208982
a0F0L00000U2r9WUAR,1523 REPUBLIC ST,06/02/2018 12:00:00 AM,REHAB,167330,10,47223.75446502,NOT CERTIFIED,,RENTAL,QUALIFIED,-84.5166109795918,39.1119760612245,,OVER-THE-RHINE,N/A,189079
a0F0L00000U2r9bUAB,3596 HANDMAN AV,06/14/2018 12:00:00 AM,NEW,656440,15,277890.05003004,PLATINUM,06/21/2018 12:00:00 AM,OWNER-OCCUPIED,QUALIFIED,-84.43259412,39.1174605500299,,COLUMBIA-TUSCULUM,COLUMBIA TUSCULUM,857000
a0F0L00000U2r9gUAB,1618 WESTMORELAND AV,06/15/2018 12:00:00 AM,REHAB,239870,10,67695.94205178,NOT CERTIFIED,,OWNER-OCCUPIED,QUALIFIED,-84.54300562,39.1665262800299,,NORTHSIDE,NORTHSIDE,173100
a0F0L00000U2r9lUAB,1509 BLAIR AV,06/15/2018 12:00:00 AM,REHAB,228920,10,64605.64078248,NOT CERTIFIED,,OWNER-OCCUPIED,QUALIFIED,-84.47848472,39.1399654000299,,EVANSTON,EVANSTON,224000
a0F0L00000U2rA0UAJ,551 RINGGOLD ST,06/18/2018 12:00:00 AM,REHAB,186950,10,52760.8970133,NOT CERTIFIED,,OWNER-OCCUPIED,QUALIFIED,-84.50451089,39.1148329000299,,MOUNT AUBURN,MOUNT AUBURN,202236
a0F0L00000U2rA5UAJ,1749 HANFIELD ST,06/18/2018 12:00:00 AM,REHAB,275000,10,77610.30585,NOT CERTIFIED,,OWNER-OCCUPIED,QUALIFIED,-84.54649523,39.1627742100299,,NORTHSIDE,NORTHSIDE,96808
a0F0L00000U2rAAUAZ,4227 LANGLAND ST,06/20/2018 12:00:00 AM,REHAB,167830,10,47364.86411202,NOT CERTIFIED,,OWNER-OCCUPIED,QUALIFIED,-84.53829808,39.1642203400299,,NORTHSIDE,NORTHSIDE,122100
a0F0L00000U2rAKUAZ,3505 HOLLY AV,06/20/2018 12:00:00 AM,REHAB,111580,10,31490.02882452,NOT CERTIFIED,,OWNER-OCCUPIED,QUALIFIED,-84.45835998,39.1405522300299,,HYDE PARK,HYDE PARK,246842
a0F0L00000U2tUzUAJ,3350 EVANSTON AV,06/26/2018 12:00:00 AM,REHAB,217310,10,61329.07477914,NOT CERTIFIED,,OWNER-OCCUPIED,QUALIFIED,-84.46313822,39.1383618200299,,EVANSTON,EVANSTON,115175
a0F0L00000U2tV4UAJ,5768 RHODE ISLAND AV,06/22/2018 12:00:00 AM,NEW,253320,10,71491.79155608,NOT CERTIFIED,,OWNER-OCCUPIED,QUALIFIED,-84.4585724347826,39.1787671304348,,BOND HILL,N/A,224871
a0F0L00000U2tV9UAJ,2994 SPRINGER AV,06/25/2018 12:00:00 AM,REHAB,275000,10,77610.30585,NOT CERTIFIED,,OWNER-OCCUPIED,QUALIFIED,-84.43056666,39.1356972900299,,HYDE PARK,HYDE PARK,291505
a0F0L00000U2tVEUAZ,1918 CRANE AV,06/26/2018 12:00:00 AM,REHAB,184690,10,52123.08140886,NOT CERTIFIED,,OWNER-OCCUPIED,QUALIFIED,-84.46582198,39.1405858900299,,EVANSTON,EVANSTON,185187
a0F0L00000U2tVYUAZ,1558 ST LEGER PL,06/27/2018 12:00:00 AM,NEW,273330,10,77138.99962902,NOT CERTIFIED,,OWNER-OCCUPIED,QUALIFIED,-84.47673967,39.1383892900299,,EVANSTON,EVANSTON,255000
a0F0L00000U2tn0UAB,3852 MT VERNON AV,06/28/2018 12:00:00 AM,REHAB,187740,10,52983.85025556,NOT CERTIFIED,,OWNER-OCCUPIED,QUALIFIED,-84.43111452,39.1491869600299,,OAKLEY,OAKLEY,148217
a0F0L00000U2tn5UAB,6689 IRIS AV,06/28/2018 12:00:00 AM,REHAB,166320,10,46938.71297808,NOT CERTIFIED,,OWNER-OCCUPIED,QUALIFIED,-84.41162064,39.1919136200298,,KENNEDY HEIGHTS,KENNEDY HEIGHTS,96000
a0F0L00000U2tnAUAR,3642 SAYBROOK AV,06/29/2018 12:00:00 AM,REHAB,116440,10,32861.61459336,NOT CERTIFIED,,OWNER-OCCUPIED,QUALIFIED,-84.41338118,39.1426018200299,,HYDE PARK,HYDE PARK,163121
a0F0L00000U2tnFUAR,2554 INGLESIDE AV,06/29/2018 12:00:00 AM,REHAB,93190,10,26300.01600786,NOT CERTIFIED,,OWNER-OCCUPIED,QUALIFIED,-84.47733171,39.1265545000299,,EAST WALNUT HILLS,EAST WALNUT HILLS,99845
a0F0L00000U2tnKUAR,219 CONGRESS AV,06/29/2018 12:00:00 AM,REHAB,107420,10,30315.99656148,NOT CERTIFIED,,OWNER-OCCUPIED,QUALIFIED,-84.43888565,39.1134101700299,,EAST END,COLUMBIA TUSCULUM - EAST END,85930
a0F0L00000U2tohUAB,3874 ISABELLA AV,06/27/2018 12:00:00 AM,NEW,435900,15,184529.0853819,GOLD,,OWNER-OCCUPIED,QUALIFIED,-84.43214166,39.1499852200299,,OAKLEY,OAKLEY,
a0F0L00000U2tomUAB,2353 KEMPER LN,07/02/2018 12:00:00 AM,REHAB,165360,10,46667.78245584,NOT CERTIFIED,,OWNER-OCCUPIED,QUALIFIED,-84.48842593,39.1242599300299,,WALNUT HILLS,WALNUT HILLS,110046
a0F0L00000U2uMeUAJ,1511 CHASE AV,05/25/2018 12:00:00 AM,REHAB,275000,10,77610.30585,NOT CERTIFIED,,OWNER-OCCUPIED,QUALIFIED,-84.53693639,39.1628587300299,,NORTHSIDE,NORTHSIDE,232836.43
a0F0L00000U2uZuUAJ,1923 RIVERSIDE DR,07/12/2018 12:00:00 AM,NEW,1116200,15,472519.7639442,PLATINUM,07/12/2018 12:00:00 AM,OWNER-OCCUPIED,QUALIFIED,-84.47788991,39.1200722600299,,EAST END,EAST END,950000
a0F0L00000U2w0rUAB,4433 HAMILTON AV,07/06/2018 12:00:00 AM,REHAB,202510,10,57152.22922794,NOT CERTIFIED,,,QUALIFIED,-84.54364797,39.1695683600299,,NORTHSIDE,NORTHSIDE,19897
a0F0L00000U2xEbUAJ,5752 RHODE ISLAND AV,07/02/2018 12:00:00 AM,NEW,275000,10,77610.30585,NOT CERTIFIED,,,QUALIFIED,-84.458594,39.17858,,BOND HILL,N/A,233656
a0F0L00000U2xEqUAJ,3443 LINWOOD AV,07/03/2018 12:00:00 AM,REHAB,146390,10,41314.08244866,NOT CERTIFIED,,,QUALIFIED,-84.42389308,39.1260037400299,,MOUNT LOOKOUT,MOUNT LOOKOUT,88133
a0F0L00000U2xF0UAJ,4234 WILLIAMSON PL,07/05/2018 12:00:00 AM,REHAB,275000,10,77610.30585,NOT CERTIFIED,,,QUALIFIED,-84.53688468,39.1643731500299,,NORTHSIDE,NORTHSIDE,252889
a0F0L00000U2xF5UAJ,1625 VANDALIA AV,07/09/2018 12:00:00 AM,NEW,275000,10,77610.30585,NOT CERTIFIED,,,QUALIFIED,-84.54072816,39.1593783900299,,NORTHSIDE,NORTHSIDE,420000
a0F0L00000U2xFAUAZ,3048 LAVINIA AV,07/18/2018 12:00:00 AM,NEW,275000,10,77610.30585,NOT CERTIFIED,,,QUALIFIED,-84.46018188,39.1346139800299,,EVANSTON,HYDE PARK,293180
a0F0L00000U2xFFUAZ,3137 KINMONT ST,07/24/2018 12:00:00 AM,NEW,562000,15,237910.864842,GOLD,,,QUALIFIED,-84.43159151,39.1297449500299,,MOUNT LOOKOUT,MOUNT LOOKOUT,396000
a0F0L00000U5U9AUAV,2200 VICTORY PW,03/14/2018 12:00:00 AM,REHAB,64140,10,18101.54551716,NOT CERTIFIED,,OWNER-OCCUPIED,QUALIFIED,,,,EAST WALNUT HILLS,N/A,460750
a0F0L00000U5U9KUAV,2200 VICTORY PW,03/14/2018 12:00:00 AM,REHAB,65060,10,18361.18726764,NOT CERTIFIED,,OWNER-OCCUPIED,QUALIFIED,,,,EAST WALNUT HILLS,N/A,460750
a0F0L00000U5U9ZUAV,2726 HYDE PARK AV,03/13/2018 12:00:00 AM,REHAB,198070,10,55899.17556258,NOT CERTIFIED,,OWNER-OCCUPIED,QUALIFIED,-84.44114396,39.1506935100299,,OAKLEY,OAKLEY,499039
a0F0L00000U5UCxUAN,1343 PAXTON AV,01/02/2018 12:00:00 AM,REHAB,275000,10,77610.30585,NOT CERTIFIED,,OWNER-OCCUPIED,QUALIFIED,-84.43452423,39.1363332600299,,HYDE PARK,HYDE PARK,300000
a0F0L00000U5Uo9UAF,1005 RICHWOOD CIR,02/20/2018 12:00:00 AM,REHAB,275000,10,77610.30585,NOT CERTIFIED,,OWNER-OCCUPIED,QUALIFIED,-84.41690385,39.1242960100299,,MOUNT LOOKOUT,MOUNT LOOKOUT,649903
a0F0L00000U5XHtUAN,3055 FAIRFIELD AV,10/07/2015 12:00:00 AM,REHAB,275000,10,77610.30585,NOT CERTIFIED,,OWNER-OCCUPIED,QUALIFIED,-84.47242602,39.1334890300298,,EAST WALNUT HILLS,EAST WALNUT HILLS,514000
a0F0L00000U5XI3UAN,3567 ST CHARLES PL,03/07/2018 12:00:00 AM,REHAB,275000,10,77610.30585,NOT CERTIFIED,,OWNER-OCCUPIED,QUALIFIED,-84.43822458,39.1412172500299,,HYDE PARK,HYDE PARK,415349
a0F0L00000U5XISUA3,21 E UNIVERSITY AV,01/29/2018 12:00:00 AM,REHAB,145260,10,40995.17464644,NOT CERTIFIED,,RENTAL,QUALIFIED,-84.50808907,39.1326122600299,,CORRYVILLE,CORRYVILLE,101348
a0F0L00000U5XUOUA3,1039 FISK AV,03/07/2018 12:00:00 AM,REHAB,117330,10,33112.78976502,NOT CERTIFIED,,OWNER-OCCUPIED,QUALIFIED,-84.58667947,39.1120587600299,,WEST PRICE HILL,WEST PRICE HILL,85494
a0F0L00000U5XUYUA3,1822 LOGAN ST,03/08/2018 12:00:00 AM,REHAB,275000,10,77610.30585,NOT CERTIFIED,,OWNER-OCCUPIED,QUALIFIED,-84.52089064,39.1157436000299,,DOWNTOWN CINCINNATI,OTR,292000
a0F0L00000U5XVMUA3,2861 OBSERVATORY AV,03/12/2018 12:00:00 AM,REHAB,275000,10,77610.30585,NOT CERTIFIED,,,QUALIFIED,-84.4361405,39.1368937100299,,HYDE PARK,HYDE PARK,602369
a0F0L00000U5XWAUA3,2600 HACKBERRY ST,03/13/2018 12:00:00 AM,REHAB,108110,10,30510.72787434,NOT CERTIFIED,,OWNER-OCCUPIED,QUALIFIED,-84.4747284316336,39.1270918,,EAST WALNUT HILLS,N/A,117635
a0F0L00000U5XWKUA3,2600 HACKBERRY ST,03/13/2018 12:00:00 AM,REHAB,143070,10,40377.11439258,NOT CERTIFIED,,OWNER-OCCUPIED,QUALIFIED,-84.4747284316336,39.1270918,,EAST WALNUT HILLS,N/A,117635
a0F0L00000U5XWjUAN,2600 HACKBERRY ST,03/13/2018 12:00:00 AM,REHAB,57350,10,16185.2765109,NOT CERTIFIED,,OWNER-OCCUPIED,QUALIFIED,-84.4747284316336,39.1270918,,EAST WALNUT HILLS,N/A,65352
a0F0L00000U5XWtUAN,2600 HACKBERRY ST,03/13/2018 12:00:00 AM,REHAB,143520,10,40504.11307488,NOT CERTIFIED,,OWNER-OCCUPIED,QUALIFIED,-84.4747284316336,39.1270918,,EAST WALNUT HILLS,N/A,117635
a0F0L00000U5XXDUA3,2600 HACKBERRY ST,03/13/2018 12:00:00 AM,REHAB,139810,10,39457.07949414,NOT CERTIFIED,,OWNER-OCCUPIED,QUALIFIED,-84.4747284316336,39.1270918,,EAST WALNUT HILLS,N/A,117635
a0F0L00000U5XXNUA3,2600 HACKBERRY ST,03/13/2018 12:00:00 AM,REHAB,170190,10,48030.90164586,NOT CERTIFIED,,OWNER-OCCUPIED,QUALIFIED,-84.47507802,39.1270671000299,,EAST WALNUT HILLS,EAST WALNUT HILLS,117635
a0F0L00000U5YYSUA3,4226 MILLSBRAE AV,03/14/2018 12:00:00 AM,REHAB,271560,10,76639.47147864,NOT CERTIFIED,,OWNER-OCCUPIED,QUALIFIED,-84.43861131,39.1545648600299,,OAKLEY,OAKLEY,254000
a0F0L00000U5YYXUA3,1528 ELM ST,03/16/2018 12:00:00 AM,NEW,275000,10,77610.30585,NOT CERTIFIED,,OWNER-OCCUPIED,QUALIFIED,-84.51882993,39.1120609500299,,OVER-THE-RHINE,OTR,100000
a0F0L00000U5YYcUAN,2311 PARK AV,03/16/2018 12:00:00 AM,REHAB,261720,10,73862.43362568,NOT CERTIFIED,,OWNER-OCCUPIED,QUALIFIED,-84.4869171,39.1225201900299,,WALNUT HILLS,WALNUT HILLS,243521
a0F0L00000U5YYmUAN,4328 BEECH HILL AV,03/20/2018 12:00:00 AM,REHAB,275000,10,77610.30585,NOT CERTIFIED,,OWNER-OCCUPIED,QUALIFIED,-84.53620136,39.1668801500299,,NORTHSIDE,NORTHSIDE,288000
a0F0L00000U5YYrUAN,1626 PULLAN AV,03/19/2018 12:00:00 AM,REHAB,178810,10,50463.63196014,NOT CERTIFIED,,OWNER-OCCUPIED,QUALIFIED,-84.54226846,39.1655175700299,,NORTHSIDE,NORTHSIDE,70614
a0F0L00000U5YZIUA3,266 BODMANN AV,03/19/2018 12:00:00 AM,REHAB,0,10,0,NOT CERTIFIED,,OWNER-OCCUPIED,QUALIFIED,-84.50596225,39.1186642000299,,MOUNT AUBURN,MOUNT AUBURN,128250
a0F0L00000U5cAmUAJ,3311 S STERLING WY,02/19/2014 12:00:00 AM,NEW,250430,15,106014.26669463,GOLD,03/23/2018 12:00:00 AM,OWNER-OCCUPIED,QUALIFIED,-84.42311905,39.1474094100299,,OAKLEY,OAKLEY,221031
a0F0L00000U5efpUAB,34 E FOURTEENTH ST,03/23/2018 12:00:00 AM,REHAB,275000,10,77610.30585,NOT CERTIFIED,,OWNER-OCCUPIED,QUALIFIED,-84.51419,39.111209,,OVER-THE-RHINE,N/A,367000
a0F0L00000U5efuUAB,1323 REPUBLIC ST,03/23/2018 12:00:00 AM,REHAB,370320,10,104511.44895408,GOLD,04/03/2018 12:00:00 AM,OWNER-OCCUPIED,QUALIFIED,-84.51637947,39.1100817900299,,OVER-THE-RHINE,OTR,496472
a0F0L00000U5egEUAR,3407 CARDIFF AV,03/26/2018 12:00:00 AM,REHAB,97490,10,27513.55897206,NOT CERTIFIED,,OWNER-OCCUPIED,QUALIFIED,-84.42234559,39.1546082900299,,OAKLEY,OAKLEY,10096
a0F0L00000UNQaGUAX,1648 PHILOMENA AV,08/10/2018 12:00:00 AM,REHAB,185370,10,52314.99052878,NOT CERTIFIED,,,QUALIFIED,-84.54599073,39.1724922900299,,NORTHSIDE,NORTHSIDE,39661
a0F0L00000UNQsUUAX,501 BARNSIDE LN,08/14/2018 12:00:00 AM,NEW,400000,15,169331.5764,SILVER,,,QUALIFIED,-84.68931011,39.1193537000299,,SAYLER PARK,SAYLER PARK,489000
a0F0L00000UNQsZUAX,1548 ST LEGER PL,07/05/2018 12:00:00 AM,REHAB,275000,10,77610.30585,NOT CERTIFIED,,,QUALIFIED,-84.47730823,39.1384469900299,,EVANSTON,EVANSTON,285000
a0F0L00000UNQseUAH,16 GARDEN PL,07/10/2018 12:00:00 AM,REHAB,550000,10,155220.6117,NOT CERTIFIED,,,QUALIFIED,-84.4569572420906,39.1388916059971,,HYDE PARK,N/A,246808
a0F0L00000UNQsjUAH,3482 BROOKLINE AV,07/13/2018 12:00:00 AM,REHAB,275000,10,77610.30585,NOT CERTIFIED,,,QUALIFIED,-84.51508903,39.1452758200299,,CLIFTON,CLIFTON,435698
a0F0L00000UNQsoUAH,4218 TURRILL ST,07/16/2018 12:00:00 AM,REHAB,275000,10,77610.30585,NOT CERTIFIED,,,QUALIFIED,-84.54115066,39.1642072500299,,NORTHSIDE,NORTHSIDE,150091
a0F0L00000UNQt8UAH,6513 PALMETTO ST,07/17/2018 12:00:00 AM,REHAB,67410,10,19024.40260854,NOT CERTIFIED,,,QUALIFIED,-84.38570785,39.1517841700299,,MADISONVILLE,MADISONVILLE,166812
a0F0L00000UNR78UAH,3806 MILLSBRAE AV,07/25/2018 12:00:00 AM,REHAB,194360,10,54852.14198184,NOT CERTIFIED,,,QUALIFIED,-84.43939289,39.1481576200299,,OAKLEY,OAKLEY,222556
a0F0L00000UNR7NUAX,3443 MANOR HILL DR,07/25/2018 12:00:00 AM,REHAB,266110,10,75101.37632634,NOT CERTIFIED,,,QUALIFIED,-84.52736183,39.1470252200299,,CLIFTON,CLIFTON,123166
a0F0L00000UNR7SUAX,23 W 69TH ST,07/27/2018 12:00:00 AM,REHAB,107820,10,30428.88427908,NOT CERTIFIED,,,QUALIFIED,-84.4831666,39.1928349500298,,CARTHAGE,CARTHAGE,110317
a0F0L00000UNTDaUAP,1507 ELM ST,08/20/2018 12:00:00 AM,NEW,562000,15,237910.864842,GOLD,,,QUALIFIED,-84.51916411,39.1116420200299,,OVER-THE-RHINE,OTR,829547
a0F0L00000UNTDpUAP,2445 RIVERSIDE DR,08/22/2018 12:00:00 AM,NEW,1111850,15,470678.28305085,PLATINUM,,,QUALIFIED,-84.4639364,39.1240459700299,,EAST END,EAST END,1060900
a0F0L00000UNTDzUAP,6726 DANIELS WALK,07/31/2018 12:00:00 AM,NEW,358970,15,151962.38995077,SILVER,,,QUALIFIED,-84.68864003,39.1181069500299,,SAYLER PARK,SAYLER PARK,285152
a0F0L00000UNTE4UAP,1544 ST LEGER PL,08/08/2018 12:00:00 AM,NEW,272880,10,77012.00094672,NOT CERTIFIED,,,QUALIFIED,-84.47738393,39.1384920900299,,EVANSTON,EVANSTON,260000
a0F0L00000UNTe1UAH,5805 PEABODY AV,08/17/2018 12:00:00 AM,REHAB,140630,10,39688.49931522,NOT CERTIFIED,,,QUALIFIED,-84.39418941,39.1582501200299,,MADISONVILLE,MADISONVILLE,143442
a0F0L00000UNTe6UAH,1667 GILSEY AV,08/09/2018 12:00:00 AM,REHAB,84590,10,23872.93007946,NOT CERTIFIED,,,QUALIFIED,-84.58119399,39.1195701900299,,WEST PRICE HILL,WEST PRICE HILL,66806
a0F0L00000UNTeBUAX,3589 OUTLOOK AVE,07/30/2018 12:00:00 AM,REHAB,245280,10,69222.74843232,NOT CERTIFIED,,,QUALIFIED,-84.4351401706173,39.1418147,,HYDE PARK,N/A,287389
a0F0L00000UNTeGUAX,1643 COOPER ST,08/02/2018 12:00:00 AM,REHAB,176190,10,49724.21740986,NOT CERTIFIED,,,QUALIFIED,-84.54216869,39.1576472400299,,NORTHSIDE,NORTHSIDE,59778
a0F0L00000UNTeLUAX,4117 JEROME AV,08/03/2018 12:00:00 AM,REHAB,244040,10,68872.79650776,NOT CERTIFIED,,,QUALIFIED,-84.55090983,39.1637640100299,,NORTHSIDE,NORTHSIDE,96530
a0F0L00000UNTkbUAH,3961 MARBURG AV,08/07/2018 12:00:00 AM,REHAB,148780,10,41988.58656132,NOT CERTIFIED,,,QUALIFIED,-84.42195799,39.1505362000299,,OAKLEY,OAKLEY,275000
a0F0L00000UNU8ZUAX,2932 EGGERS PL,08/13/2018 12:00:00 AM,REHAB,212730,10,60036.51041262,NOT CERTIFIED,,,QUALIFIED,-84.5973075,39.1456009000299,,WESTWOOD,WESTWOOD,97075
a0F0L00000UNWCzUAP,707 E MCMILLAN AVE,08/16/2018 12:00:00 AM,REHAB,136420,10,38500.35608748,NOT CERTIFIED,,,QUALIFIED,-84.5181034,39.1277522,,WALNUT HILLS,N/A,175000
a0F0L00000UNWDOUA5,1107 SUNNYSLOPE DR,08/20/2018 12:00:00 AM,REHAB,265740,10,74996.95518756,NOT CERTIFIED,,,QUALIFIED,-84.48024401,39.1647156000299,,PADDOCK HILLS,PADDOCK HILLS,132000
a0F0L00000UNWDTUA5,2026 FAITH ST,08/21/2018 12:00:00 AM,NEW,275000,15,116415.458775,SILVER,,,QUALIFIED,-84.45610636,39.1789840800299,,BOND HILL,BOND HILL,290289
a0F0L00000UNaMvUAL,3309 MENLO AV,08/17/2018 12:00:00 AM,NEW,1220210,15,516550.20709761,PLATINUM,,,QUALIFIED,-84.45099744,39.1363963700299,,HYDE PARK,HYDE PARK,1500000
a0F0L00000UNaOmUAL,5545 BOSWORTH PL,08/20/2018 12:00:00 AM,REHAB,60110,10,16964.20176234,NOT CERTIFIED,,,QUALIFIED,-84.44300618,39.1761018000298,,PLEASANT RIDGE,PLEASANT RIDGE,46571
a0F0L00000UNaOrUAL,6410 ROE ST,08/20/2018 12:00:00 AM,REHAB,195600,10,55202.0939064,NOT CERTIFIED,,,QUALIFIED,-84.3857477,39.1553602400298,,MADISONVILLE,MADISONVILLE,189900
a0F0L00000UNaOwUAL,3546 MICHIGAN AV,08/17/2018 12:00:00 AM,REHAB,236620,10,66778.72934628,NOT CERTIFIED,,,QUALIFIED,-84.44127451,39.1411456200299,,HYDE PARK,HYDE PARK,242395
a0F0L00000UNaP1UAL,4260 WILLIAMSON PL,08/23/2018 12:00:00 AM,REHAB,190730,10,53827.68594462,NOT CERTIFIED,,,QUALIFIED,-84.53678432,39.1652562200299,,NORTHSIDE,NORTHSIDE,170901
a0F0L00000UNaP6UAL,3312 EASTSIDE AV,08/23/2018 12:00:00 AM,REHAB,372070,10,105005.33271858,SILVER,,,QUALIFIED,-84.44423381,39.1366234200299,,HYDE PARK,HYDE PARK,695000
a0F0L00000UNaT8UAL,3219 ORION AV,08/23/2018 12:00:00 AM,REHAB,198050,10,55893.5311767,NOT CERTIFIED,,,QUALIFIED,-84.42638808,39.1814826400299,,PLEASANT RIDGE,PLEASANT RIDGE,166379
a0F0L00000UNaTDUA1,4162 MAD ANTHONY ST,08/22/2018 12:00:00 AM,REHAB,217660,10,61427.85153204,NOT CERTIFIED,,,QUALIFIED,-84.53518701,39.1622385600299,,NORTHSIDE,NORTHSIDE,120000
a0F0L00000UNaTIUA1,1339 AULT VIEW AV,08/24/2018 12:00:00 AM,NEW,562000,15,237910.864842,GOLD,,,QUALIFIED,-84.42002985,39.1347423500299,,MOUNT LOOKOUT,MOUNT LOOKOUT,659523
a0F0L00000UNaTNUA1,5806 DESTINY CT,08/28/2018 12:00:00 AM,NEW,275000,10,77610.30585,NOT CERTIFIED,,,QUALIFIED,-84.45710755,39.1795851100299,,,BOND HILL,268222
a0F0L00000UNaUQUA1,3932 DAVENANT AV,08/29/2018 12:00:00 AM,REHAB,275000,10,77610.30585,NOT CERTIFIED,,,QUALIFIED,-84.40584128,39.1741003800299,,KENNEDY HEIGHTS,KENNEDY HEIGHTS,836750
a0F0L00000UNavFUAT,1227 ROSSMORE AV,08/29/2018 12:00:00 AM,REHAB,103440,10,29192.76377136,NOT CERTIFIED,,,QUALIFIED,-84.47621009,39.1791357600299,,BOND HILL,BOND HILL,110747
a0F0L00000UNavKUAT,2061 MISTYOAK LN,08/31/2018 12:00:00 AM,NEW,275000,10,77610.30585,NOT CERTIFIED,,,QUALIFIED,-84.45746048,39.1781641800299,,,BOND HILL,329602
a0F0L00000UNavUUAT,5844 RHODE ISLAND AV,08/31/2018 12:00:00 AM,NEW,236270,15,100019.92889007,CERTIFIED,02/07/2022 12:00:00 AM,,QUALIFIED,-84.45832945,39.1797484900299,,BOND HILL,BOND HILL,258237
a0F0L00000UNavZUAT,587 TERRACE AVE,08/31/2018 12:00:00 AM,NEW,467850,15,198054.44504685,GOLD,,,QUALIFIED,-84.5262174848485,39.1421924040404,,CLIFTON,N/A,756271
a0F0L00000UNaveUAD,3224 GOLDEN AV,08/29/2018 12:00:00 AM,NEW,562000,15,237910.864842,GOLD,,,QUALIFIED,-84.44130423,39.1212504200299,,COLUMBIA-TUSCULUM,COLUMBIA TUSCULUM,693181
a0F0L00000UNavjUAD,3301 LOOKOUT CIR,09/04/2018 12:00:00 AM,REHAB,275000,10,77610.30585,NOT CERTIFIED,,,QUALIFIED,-84.42530381,39.1283237200299,,MOUNT LOOKOUT,MOUNT LOOKOUT,
a0F0L00000UNavyUAD,1628 S ARGYLE AV,09/04/2018 12:00:00 AM,REHAB,153640,10,43360.17233016,NOT CERTIFIED,,,QUALIFIED,-84.54335168,39.1682237500299,,NORTHSIDE,NORTHSIDE,137889
a0F0L00000UNaw3UAD,4339 PITTS AV,09/04/2018 12:00:00 AM,REHAB,275000,10,77610.30585,NOT CERTIFIED,,,QUALIFIED,-84.54525439,39.1665402000299,,,NORTHSIDE,212356
a0F0L00000UNb3HUAT,911 MCPHERSON AV,09/04/2018 12:00:00 AM,NEW,141340,10,39888.87501396,NOT CERTIFIED,,OWNER-OCCUPIED,QUALIFIED,-84.57095408,39.1080015700299,,EAST PRICE HILL,EAST PRICE HILL,96740
a0F0L00000UNb3MUAT,309 OREGON ST,12/20/2013 12:00:00 AM,NEW,530450,15,224554.83675345,CERTIFIED,,,QUALIFIED,-84.4981993394721,39.1046880496362,,MOUNT ADAMS,N/A,1087500
a0F0L00000UNbmiUAD,1623 S DIXON CIR,09/20/2018 12:00:00 AM,REHAB,245300,10,69228.3928182,NOT CERTIFIED,,,QUALIFIED,-84.54917623,39.2047086400298,,COLLEGE HILL,COLLEGE HILL,138850
a0F0L00000UNeSVUA1,1430 MAIN ST,09/27/2018 12:00:00 AM,REHAB,275000,10,77610.30585,NOT CERTIFIED,,,QUALIFIED,-84.5121631,39.1121440100299,,OVER-THE-RHINE,OTR,275000
a0F0L00000UNfOmUAL,123 GOETHE ST,09/27/2018 12:00:00 AM,NEW,275000,10,77610.30585,NOT CERTIFIED,,,QUALIFIED,-84.51347354,39.1170678100299,,OVER-THE-RHINE,MOUNT AUBURN,356250
a0F0L00000UNfOrUAL,6724 DANIELS WALK,09/06/2018 12:00:00 AM,NEW,400000,15,169331.5764,SILVER,,,QUALIFIED,-84.68879708,39.1179419400299,,SAYLER PARK,SAYLER PARK,399712
a0F0L00000UNfP1UAL,3314 ORMOND AV,10/03/2018 12:00:00 AM,REHAB,,10,,NOT CERTIFIED,,,QUALIFIED,-84.5124602,39.1014537,,CLIFTON,N/A,203650
a0F0L00000UNfPGUA1,740 LINDELL LN,09/10/2018 12:00:00 AM,REHAB,49190,10,13882.36707186,NOT CERTIFIED,,OWNER-OCCUPIED,QUALIFIED,-84.42860834,39.1235550700299,,MOUNT LOOKOUT,MOUNT LOOKOUT,42457
a0F0L00000UNfPLUA1,3913 CASS AV,09/12/2018 12:00:00 AM,REHAB,27500,10,7761.030585,NOT CERTIFIED,,,QUALIFIED,-84.55419345,39.1581244700299,,SOUTH CUMMINSVILLE,SOUTH CUMMINSVILLE,72554
a0F0L00000UNfPpUAL,1436 BURNEY LN,09/14/2018 12:00:00 AM,REHAB,59590,10,16817.44772946,NOT CERTIFIED,,,QUALIFIED,-84.37463462,39.0784936800299,,MOUNT WASHINGTON,MOUNT WASHINGTON,60181
a0F0L00000UNfPuUAL,2200 VICTORY PW,09/10/2018 12:00:00 AM,REHAB,28160,10,7947.29531904,NOT CERTIFIED,,,QUALIFIED,,,,WALNUT HILLS,N/A,186778
a0F0L00000UNfQ4UAL,410 WARNER ST,09/19/2018 12:00:00 AM,REHAB,275000,10,77610.30585,NOT CERTIFIED,,,QUALIFIED,-84.52639649,39.1252750000299,,CUF,CUF,234079
a0F0L00000UNhMpUAL,1335 AULT VIEW AV,10/01/2018 12:00:00 AM,NEW,562000,15,237910.864842,GOLD,,,QUALIFIED,-84.42000278,39.1346549200299,,,MOUNT LOOKOUT,756861
a0F0L00000UNhWGUA1,3548 SAYBROOK AV,09/17/2018 12:00:00 AM,NEW,529220,15,224034.14215602,GOLD,,,QUALIFIED,-84.41710179,39.1428737500299,,HYDE PARK,HYDE PARK,628171
a0F0L00000UNhWLUA1,1524 KNOWLTON ST,10/04/2018 12:00:00 AM,REHAB,275000,10,77610.30585,NOT CERTIFIED,,,QUALIFIED,-84.53766275,39.1615807300299,,NORTHSIDE,NORTHSIDE,269700
a0F0L00000UNhWQUA1,719 E MCMILLAN ST,10/02/2018 12:00:00 AM,REHAB,242570,10,68457.93414558,NOT CERTIFIED,,,QUALIFIED,-84.49406284,39.1259923000298,,WALNUT HILLS,WALNUT HILLS,315000
a0F0L00000UNhWVUA1,221 KEMP AL,10/11/2018 12:00:00 AM,REHAB,562000,10,158607.243228,GOLD,02/10/2022 12:00:00 AM,,QUALIFIED,-84.52009549,39.1128018700299,,OVER-THE-RHINE,OTR,615000
a0F0L00000UNhWfUAL,4388 INNES AV,09/17/2018 12:00:00 AM,REHAB,111790,10,31549.29487626,NOT CERTIFIED,,,QUALIFIED,-84.54497718,39.1684101400299,,NORTHSIDE,NORTHSIDE,152726
a0F0L00000UNhX9UAL,468 DAYTON ST,09/24/2018 12:00:00 AM,REHAB,250670,10,70743.91042698,NOT CERTIFIED,,,QUALIFIED,-84.52631673,39.1182548500299,,WEST END,WEST END,117300
a0F0L00000UNhXEUA1,2009 DUCK CREEK RD,09/28/2018 12:00:00 AM,NEW,182160,10,51409.06659504,NOT CERTIFIED,,,QUALIFIED,-84.46386726,39.1415475400299,,EVANSTON,EVANSTON,43161
a0F0L00000UNhXJUA1,1636 EDNA AV,10/01/2018 12:00:00 AM,REHAB,131340,10,37066.68207396,NOT CERTIFIED,,,QUALIFIED,-84.54240734,39.1784252100299,,NORTHSIDE,NORTHSIDE,151780
a0F0L00000UNhXTUA1,2311 SYMMES ST,10/03/2018 12:00:00 AM,REHAB,152930,10,43159.79663142,NOT CERTIFIED,,,QUALIFIED,-84.49851421,39.1231043300299,,WALNUT HILLS,WALNUT HILLS,72713
a0F0L00000UNhXYUA1,2235 RIVERSIDE DR,10/15/2018 12:00:00 AM,REHAB,168940,10,47678.12752836,NOT CERTIFIED,,,QUALIFIED,-84.4714210517254,39.1228737248314,,DOWNTOWN CINCINNATI,N/A,284427
a0F0L00000UNhXiUAL,2904 MARKBREIT AV,10/11/2018 12:00:00 AM,REHAB,36650,10,10343.3371251,NOT CERTIFIED,,,QUALIFIED,-84.43454324,39.1519090400299,,OAKLEY,OAKLEY,149322
a0F0L00000UNhXnUAL,1131 CRYER AV,10/11/2018 12:00:00 AM,REHAB,275000,10,77610.30585,NOT CERTIFIED,,,QUALIFIED,-84.43881845,39.1318301200299,,MOUNT LOOKOUT,HYDE PARK,325741
a0F0L00000UNhYqUAL,4204 FLORIDA AV,10/18/2018 12:00:00 AM,REHAB,129920,10,36665.93067648,NOT CERTIFIED,,,QUALIFIED,-84.54811252,39.1649707500299,,NORTHSIDE,NORTHSIDE,91488
a0F0L00000UNhZFUA1,1710 BREWSTER AV,10/19/2018 12:00:00 AM,REHAB,120640,10,34046.93562816,NOT CERTIFIED,,,QUALIFIED,-84.47110978,39.1441094200299,,EVANSTON,EVANSTON,135943
a0F0L00000UNhZKUA1,6424 MONTGOMERY RD,10/26/2018 12:00:00 AM,REHAB,139170,10,39276.45914598,NOT CERTIFIED,,,QUALIFIED,-84.41912725,39.1861154400299,,KENNEDY HEIGHTS,KENNEDY HEIGHTS,100240
a0F0L00000UNhZUUA1,1338 SPRING ST,10/05/2018 12:00:00 AM,NEW,628920,15,266240.03757372,PLATINUM,,,QUALIFIED,-84.50792097,39.1116238000299,,PENDLETON,PENDLETON,725000
a0F0L00000UNhZZUA1,209 KEMP AL,10/12/2018 12:00:00 AM,NEW,400000,15,169331.5764,SILVER,02/10/2022 12:00:00 AM,,QUALIFIED,-84.51986068,39.1128499000299,,OVER-THE-RHINE,OTR,600000
a0F0L00000UNhZeUAL,5858 RHODE ISLAND AV,10/11/2018 12:00:00 AM,NEW,242860,10,68539.77774084,NOT CERTIFIED,,,QUALIFIED,-84.45867389,39.1804594500299,,BOND HILL,BOND HILL,264250
a0F0L00000UNhZjUAL,1351 MICHIGAN AV,10/18/2018 12:00:00 AM,NEW,562000,15,237910.864842,GOLD,,,QUALIFIED,-84.44221391,39.1369170800299,,HYDE PARK,HYDE PARK,934027
a0F0L00000UNhZoUAL,1345 EDWARDS RD,10/22/2018 12:00:00 AM,NEW,562000,15,237910.864842,GOLD,,,QUALIFIED,-84.44377131,39.1368714800299,,HYDE PARK,HYDE PARK,700000
a0F0L00000UNhZtUAL,709 E MCMILLAN AVE,01/29/2018 12:00:00 AM,REHAB,207640,10,58600.01420616,NOT CERTIFIED,,,QUALIFIED,-84.5181034,39.1277522,,WALNUT HILLS,N/A,670421
a0F0L00000UNtSZUA1,1418 ELM ST,10/23/2018 12:00:00 AM,REHAB,400000,10,112887.7176,SILVER,,,QUALIFIED,-84.51859974,39.1107702700299,,OVER-THE-RHINE,OTR,920111
a0F0L00000UNtSeUAL,4530 PADDOCK RD,10/31/2018 12:00:00 AM,REHAB,158790,10,44813.60169426,NOT CERTIFIED,,,QUALIFIED,-84.47839189,39.1654291200299,,PADDOCK HILLS,PADDOCK HILLS,80000
a0F0L00000UNtSjUAL,1348 CRYER AV,10/29/2018 12:00:00 AM,REHAB,37380,10,10549.35720972,NOT CERTIFIED,,,QUALIFIED,-84.43611504,39.1363149500299,,HYDE PARK,HYDE PARK,192533
a0F0L00000UNtSoUAL,4706 WINONA TER,11/07/2018 12:00:00 AM,REHAB,165790,10,46789.13675226,NOT CERTIFIED,,,QUALIFIED,-84.38716322,39.1566751800299,,MADISONVILLE,MADISONVILLE,172177
a0F0L00000UNwaMUAT,3005 RIVERSIDE DR,11/07/2018 12:00:00 AM,NEW,562000,15,237910.864842,GOLD,,,QUALIFIED,-84.44821948,39.1203618400299,,EAST END,EAST END,538260
a0F0L00000UNwaRUAT,1342 SPRING ST,11/07/2018 12:00:00 AM,NEW,618920,15,262006.74816372,PLATINUM,,,QUALIFIED,-84.5079205,39.1117309100299,,PENDLETON,PENDLETON,700000
a0F0L00000UNwaWUAT,2734 CLEINVIEW AV,11/19/2018 12:00:00 AM,NEW,400000,15,169331.5764,SILVER,,,QUALIFIED,-84.47338204,39.1292024000299,,,EAST WALNUT HILLS,598303
a0F0L00000UNwabUAD,402 PARKVIEW CIR,11/15/2018 12:00:00 AM,NEW,359230,15,152072.45547543,SILVER,,,QUALIFIED,-84.68829242,39.1180393600299,,,SAYLER PARK,420808
a0F0L00000UNwagUAD,1621 VANDALIA AV,10/26/2018 12:00:00 AM,NEW,275000,10,77610.30585,NOT CERTIFIED,,,QUALIFIED,-84.54063731,39.1594667400299,,NORTHSIDE,NORTHSIDE,362535
a0F0L00000UZkYIUA1,417 PLUM ST,03/04/2020 12:00:00 AM,NEW,562000,15,237910.864842,GOLD,,,QUALIFIED,-84.51778638,39.0997441100299,,DOWNTOWN CINCINNATI,DOWNTOWN,777940
a0F0L00000UZkgeUAD,2401 INGLESIDE AVE,03/06/2020 12:00:00 AM,REHAB,92540,10,26116.57346676,NOT CERTIFIED,,,QUALIFIED,-84.477862,39.123447,,WALNUT HILLS,N/A,165640
a0F0L00000UZkgyUAD,2851 HARRISON AV,03/10/2020 12:00:00 AM,REHAB,250360,10,70656.42244584,NOT CERTIFIED,,,QUALIFIED,-84.59391549,39.1435474900299,,WESTWOOD,WESTWOOD,123263
a0F0L00000UZkh8UAD,4269 WILLIAMSON PL,03/12/2020 12:00:00 AM,REHAB,275000,10,77610.30585,NOT CERTIFIED,,,QUALIFIED,-84.53723384,39.1654166700299,,NORTHSIDE,NORTHSIDE,155350
a0F0L00000UZl3PUAT,852 BEECH AV,03/13/2020 12:00:00 AM,REHAB,154140,10,43501.28197716,NOT CERTIFIED,,,QUALIFIED,-84.57750085,39.1084331100299,,WEST PRICE HILL,WEST PRICE HILL,219704
a0F0L00000UZl3UUAT,1612 MERRIMAC ST,03/17/2020 12:00:00 AM,NEW,470860,15,199328.66515926,GOLD,,,QUALIFIED,-84.47536382,39.1348562600299,,EVANSTON,EVANSTON,557363
a0F0L00000UZl3ZUAT,3545 SAYBROOK AV,03/17/2020 12:00:00 AM,NEW,562000,15,237910.864842,GOLD,,,QUALIFIED,-84.41740009,39.1425483300299,,HYDE PARK,HYDE PARK,547000
a0F0L00000UZl3eUAD,431 GRAND AV,03/18/2020 12:00:00 AM,NEW,275000,15,116415.458775,CERTIFIED,04/06/2022 12:00:00 AM,,QUALIFIED,-84.56215885,39.0985178100299,,EAST PRICE HILL,EAST PRICE HILL,383819
a0F0L00000UZl3jUAD,3327 ARROW AV,03/13/2020 12:00:00 AM,REHAB,27780,10,7840.05198732,NOT CERTIFIED,,,QUALIFIED,-84.42298842,39.1824807400299,,PLEASANT RIDGE,PLEASANT RIDGE,30000
a0F0L00000UZl3tUAD,3508 WABASH AV,03/18/2020 12:00:00 AM,REHAB,275000,10,77610.30585,NOT CERTIFIED,,,QUALIFIED,-84.46391242,39.1419524000299,,EVANSTON,EVANSTON,254000
a0F0L00000UZl3yUAD,749 WAYNE ST,03/18/2020 12:00:00 AM,REHAB,275000,10,77610.30585,NOT CERTIFIED,,,QUALIFIED,-84.49278243,39.1251449500299,,WALNUT HILLS,WALNUT HILLS,400000
a0F0L00000UZl43UAD,3536 VINE ST,03/18/2020 12:00:00 AM,REHAB,151770,10,42832.42225038,NOT CERTIFIED,,,QUALIFIED,-84.51289966,39.1464986200299,,AVONDALE,AVONDALE,156000
a0F0L00000UZl48UAD,518 HOGE ST,03/20/2020 12:00:00 AM,NEW,562000,15,237910.864842,GOLD,,,QUALIFIED,-84.43721805,39.1180198500299,,COLUMBIA-TUSCULUM,COLUMBIA TUSCULUM,743500
a0F0L00000UZl4DUAT,3168 VICTORIA AV,03/25/2020 12:00:00 AM,REHAB,77140,10,21770.39633916,NOT CERTIFIED,,,QUALIFIED,-84.42567138,39.1423000200299,,HYDE PARK,HYDE PARK,352367
a0F0L00000UZl4IUAT,2972 WERK RD,03/25/2020 12:00:00 AM,REHAB,93100,10,26274.6162714,NOT CERTIFIED,,,QUALIFIED,-84.59936575,39.1406259100299,,WESTWOOD,WESTWOOD,59000
a0F0L00000UZl6nUAD,3778 ISABELLA AV,01/27/2020 12:00:00 AM,REHAB,71100,10,20065.7918034,NOT CERTIFIED,,,QUALIFIED,-84.432445,39.1469323400299,,OAKLEY,OAKLEY,68930
a0F0L00000UZl6sUAD,6223 ROE ST,02/07/2020 12:00:00 AM,REHAB,157380,10,44415.67248972,NOT CERTIFIED,,,QUALIFIED,-84.38861696,39.1551570100299,,MADISONVILLE,MADISONVILLE,95260
a0F0L00000UZl7bUAD,1421 HERSCHEL AV,03/09/2020 12:00:00 AM,NEW,842460,15,356637.69963486,PLATINUM,,,QUALIFIED,-84.42139452,39.1364244700299,,HYDE PARK,MOUNT LOOKOUT,834065
a0F0L00000UZt1zUAD,1617 FAIRFAX AV,04/03/2020 12:00:00 AM,NEW,562000,15,237910.864842,GOLD,,,QUALIFIED,-84.47514275,39.1353888100299,,EVANSTON,EVANSTON,647378
a0F0L00000UZt24UAD,3023 1/2 LAVINIA AV,04/17/2020 12:00:00 AM,NEW,562000,15,237910.864842,GOLD,,,QUALIFIED,-84.46043492,39.1336431600299,,EVANSTON,HYDE PARK,566102
a0F0L00000UZt2TUAT,3111 RUTH AV,10/05/2018 12:00:00 AM,REHAB,,10,,NOT CERTIFIED,,,QUALIFIED,-84.5124602,39.1014537,,WESTWOOD,N/A,9114
a0F0L00000UZt2dUAD,1800 RACE ST,10/11/2019 12:00:00 AM,REHAB,275000,10,77610.30585,,,,QUALIFIED,-84.5180901,39.1155861,,OVER-THE-RHINE,N/A,660189
a0F0L00000UZuX1UAL,5802 ADELPHI ST,02/26/2020 12:00:00 AM,REHAB,131830,10,37204.96952802,NOT CERTIFIED,,,QUALIFIED,-84.39506016,39.1531803200299,,MADISONVILLE,MADISONVILLE,52784
a0F0L00000UZuX6UAL,4715 KIRBY AV,03/31/2020 12:00:00 AM,REHAB,118630,10,33479.67484722,NOT CERTIFIED,,,QUALIFIED,-84.55170754,39.1766366100299,,,NORTHSIDE,100000
a0F0L00000UZuXBUA1,2031 DUNLAP ST,03/30/2020 12:00:00 AM,REHAB,275000,10,77610.30585,NOT CERTIFIED,,,QUALIFIED,-84.52187408,39.1183287000299,,OVER-THE-RHINE,OTR,340000
a0F0L00000UZuXGUA1,1314 KNOWLTON ST,03/30/2020 12:00:00 AM,REHAB,183570,10,51806.99579958,NOT CERTIFIED,,,QUALIFIED,-84.53329446,39.1615582600299,,NORTHSIDE,NORTHSIDE,198233
a0F0L00000UZuXLUA1,3766 MT VERNON AV,04/01/2020 12:00:00 AM,REHAB,162010,10,45722.34782094,NOT CERTIFIED,,,QUALIFIED,-84.4313081,39.1469897300299,,OAKLEY,OAKLEY,226958
a0F0L00000UZuXQUA1,267 GILMAN AV,05/04/2020 12:00:00 AM,REHAB,260360,10,73478.61538584,NOT CERTIFIED,,,QUALIFIED,-84.50563138,39.1215999900299,,MOUNT AUBURN,MOUNT AUBURN,197385
a0F0L00000UZuXVUA1,421 DORCHESTER AV,08/23/2019 12:00:00 AM,REHAB,147990,10,41765.63331906,NOT CERTIFIED,,,QUALIFIED,-84.50197523,39.1177222100299,,MOUNT AUBURN,MOUNT AUBURN,84752
a0F0L00000UZuYJUA1,525 VINEYARD BLUFF LN,12/04/2018 12:00:00 AM,NEW,1127820,15,477438.84623862,PLATINUM,,,QUALIFIED,-84.42971353,39.1173190800299,,COLUMBIA-TUSCULUM,COLUMBIA TUSCULUM,1550000
a0F0L00000UZuYOUA1,6269 GRAND VISTA AV,04/27/2020 12:00:00 AM,REHAB,270420,10,76317.74148348,NOT CERTIFIED,,,QUALIFIED,-84.42301501,39.1863533500299,,PLEASANT RIDGE,PLEASANT RIDGE,250345.06
a0F0L00000UZuYdUAL,434 CONSIDINE AV,04/07/2020 12:00:00 AM,REHAB,175700,10,49585.9299558,NOT CERTIFIED,,,QUALIFIED,-84.563951,39.0988390800299,,EAST PRICE HILL,EAST PRICE HILL,105000
a0F0L00000UZuYiUAL,4530 ERIE AV,04/07/2020 12:00:00 AM,REHAB,260070,10,73396.77179058,NOT CERTIFIED,,,QUALIFIED,-84.39622608,39.1556328900299,,MADISONVILLE,MADISONVILLE,23200
a0F0L00000UZwuwUAD,1413 HERSCHEL AV,03/02/2020 12:00:00 AM,NEW,1030650,15,436303.97304165,PLATINUM,,,QUALIFIED,-84.42171826,39.1362968700299,,MOUNT LOOKOUT,MOUNT LOOKOUT,908354
a0F0L00000UZwv1UAD,2555 GRANDIN VIEW LN,05/12/2020 12:00:00 AM,NEW,1890320,15,800227.16375112,PLATINUM,,,QUALIFIED,-84.44463206,39.1243961700299,,HYDE PARK,HYDE PARK,1639090.77
a0F0L00000Um9k9UAB,4052 COLERAIN AV,01/18/2019 12:00:00 AM,REHAB,228660,10,64532.26376604,NOT CERTIFIED,,,QUALIFIED,-84.54526554,39.1602797000299,,NORTHSIDE,NORTHSIDE,114935
a0F0L00000Um9kEUAR,3019 CLEINVIEW AV,12/24/2018 12:00:00 AM,REHAB,275000,10,77610.30585,NOT CERTIFIED,,,QUALIFIED,-84.47374243,39.1322854300299,,EVANSTON,EVANSTON,222000
a0F0L00000Um9lyUAB,412 LIBERTY HILL,12/19/2018 12:00:00 AM,REHAB,46300,10,13066.7533122,NOT CERTIFIED,,,QUALIFIED,-84.5065956,39.1129559,,DOWNTOWN CINCINNATI,N/A,42204
a0F0L00000Um9m8UAB,3110 PORTSMOUTH AV,01/24/2019 12:00:00 AM,REHAB,237480,10,67021.43793912,NOT CERTIFIED,,,QUALIFIED,-84.42893787,39.1435642100299,,HYDE PARK,HYDE PARK,293839
a0F0L00000Um9mNUAR,4913 JAMESON ST,01/16/2019 12:00:00 AM,REHAB,156500,10,44167.319511,NOT CERTIFIED,,,QUALIFIED,-84.38357274,39.1587281600299,,MADISONVILLE,MADISONVILLE,209730
a0F0L00000UmA4SUAV,1308 BROADWAY,01/22/2019 12:00:00 AM,REHAB,275000,10,77610.30585,NOT CERTIFIED,,,QUALIFIED,-84.5085379933303,39.1107154739587,,PENDLETON,N/A,346857
a0F0L00000UmA4XUAV,1306 BROADWAY,01/28/2019 12:00:00 AM,REHAB,230430,10,65031.79191642,NOT CERTIFIED,,,QUALIFIED,-84.5085209949977,39.110649105469,,PENDLETON,N/A,289356
a0F0L00000UmA4cUAF,3523 VISTA AV,01/15/2019 12:00:00 AM,REHAB,275000,10,77610.30585,NOT CERTIFIED,,,QUALIFIED,-84.45721847,39.1411871700299,,HYDE PARK,HYDE PARK,447070
a0F0L00000UmA4hUAF,3648 MONTEITH AV,12/14/2018 12:00:00 AM,REHAB,275000,10,77610.30585,NOT CERTIFIED,,,QUALIFIED,-84.43635438,39.1439557800299,,HYDE PARK,HYDE PARK,362626
a0F0L00000UmA4rUAF,220 ORCHARD ST,12/21/2018 12:00:00 AM,REHAB,531650,10,150041.8876551,PLATINUM,,,QUALIFIED,-84.51138374,39.1122039900299,,OVER-THE-RHINE,OTR,1522822
a0F0L00000UmA51UAF,2337 UPLAND PL,12/24/2018 12:00:00 AM,REHAB,313630,10,88512.43717722,NOT CERTIFIED,,OWNER-OCCUPIED,QUALIFIED,-84.48268657,39.1238938400299,,EAST WALNUT HILLS,EAST WALNUT HILLS,31364
a0F0L00000UmBagUAF,2613 MARLINGTON AV,12/17/2018 12:00:00 AM,REHAB,275000,10,77610.30585,NOT CERTIFIED,,,QUALIFIED,-84.44998844,39.1474169200299,,HYDE PARK,HYDE PARK,490390
a0F0L00000UmBalUAF,1438 PULLAN AV,12/17/2018 12:00:00 AM,REHAB,275000,10,77610.30585,NOT CERTIFIED,,,QUALIFIED,-84.53586736,39.1660209700299,,NORTHSIDE,NORTHSIDE,117700
a0F0L00000UmBaqUAF,4225 CHERRY ST,12/17/2018 12:00:00 AM,REHAB,275000,10,77610.30585,NOT CERTIFIED,,,QUALIFIED,-84.54240897,39.1645448600299,,NORTHSIDE,NORTHSIDE,230482
a0F0L00000UmBavUAF,793 DELTA AV,12/17/2018 12:00:00 AM,REHAB,146330,10,41297.14929102,NOT CERTIFIED,,,QUALIFIED,-84.43271185,39.1276583200299,,MOUNT LOOKOUT,MOUNT LOOKOUT,249000
a0F0L00000UmBilUAF,1325 DUNCAN AV,12/13/2018 12:00:00 AM,REHAB,194030,10,54759.00961482,NOT CERTIFIED,,,QUALIFIED,-84.43564292,39.1357021700299,,HYDE PARK,HYDE PARK,178819
a0F0L00000UmBivUAF,1301 BURDETTE AV,12/17/2018 12:00:00 AM,REHAB,275000,10,77610.30585,NOT CERTIFIED,,,QUALIFIED,-84.48262637,39.1280450000299,,EAST WALNUT HILLS,EAST WALNUT HILLS,326014
a0F0L00000UmBj5UAF,108 CORWINE ST,12/17/2018 12:00:00 AM,REHAB,641130,10,180939.25596222,PLATINUM,,,QUALIFIED,-84.51393286,39.1135215800299,,OVER-THE-RHINE,OTR,763939
a0F0L00000UmBjAUAV,4106 FERGUS ST,12/20/2018 12:00:00 AM,REHAB,175210,10,49447.64250174,NOT CERTIFIED,,,QUALIFIED,-84.53620521,39.1616332500299,,NORTHSIDE,NORTHSIDE,33470
a0F0L00000UmBjKUAV,999 PARKSIDE PL,12/31/2018 12:00:00 AM,NEW,870670,15,368579.80906047,PLATINUM,,,QUALIFIED,-84.49465782,39.1103028400299,,MOUNT ADAMS,MOUNT ADAMS,426320
a0F0L00000UmBjPUAV,2604 RIVERSIDE DR,12/21/2018 12:00:00 AM,NEW,534630,15,226324.35172683,GOLD,,,QUALIFIED,-84.45762812,39.1232899200299,,EAST END,EAST END,430964
a0F0L00000UmBjeUAF,544 SLACK ST,12/21/2018 12:00:00 AM,NEW,459380,15,194468.84891658,GOLD,,,QUALIFIED,-84.50475315,39.1146083400299,,MOUNT AUBURN,MOUNT AUBURN,341809
a0F0L00000UmBjjUAF,503 STANLEY AV,12/21/2018 12:00:00 AM,NEW,527800,15,223433.0150598,GOLD,,,QUALIFIED,-84.43223477,39.1174692900299,,,COLUMBIA TUSCULUM,717728
a0F0L00000UmBjtUAF,3641 SHAW AV,12/21/2018 12:00:00 AM,NEW,562000,15,237910.864842,GOLD,,,QUALIFIED,-84.44018279,39.1438293300299,,HYDE PARK,HYDE PARK,965000
a0F0L00000UmBkSUAV,353 W FOURTH ST,12/26/2018 12:00:00 AM,REHAB,0,10,0,NOT CERTIFIED,,,QUALIFIED,-84.5183001428571,39.0990314285714,,DOWNTOWN CINCINNATI,N/A,43019
a0F0L00000UmBkXUAV,3767 MARBURG AV,12/26/2018 12:00:00 AM,REHAB,48120,10,13580.39242728,NOT CERTIFIED,,,QUALIFIED,-84.4220904,39.1460397300299,,OAKLEY,OAKLEY,45700
a0F0L00000UmBkcUAF,2346 KENTON ST,12/26/2018 12:00:00 AM,REHAB,105350,10,29731.8026229,NOT CERTIFIED,,,QUALIFIED,-84.49412411,39.1243276400299,,WALNUT HILLS,WALNUT HILLS,32120
a0F0L00000UmBkhUAF,2342 BEDFORD AV,12/27/2018 12:00:00 AM,REHAB,275000,10,77610.30585,NOT CERTIFIED,,,QUALIFIED,-84.45673418,39.1339908700299,,HYDE PARK,HYDE PARK,581261
a0F0L00000UmBkwUAF,548 SLACK ST,12/24/2018 12:00:00 AM,NEW,455290,15,192737.43354789,GOLD,,,QUALIFIED,-84.50454831,39.1145954000299,,MOUNT AUBURN,MOUNT AUBURN,341809
a0F0L00000UmBl1UAF,2732 CLEINVIEW AV,12/24/2018 12:00:00 AM,NEW,400000,15,169331.5764,SILVER,,,QUALIFIED,-84.47357107,39.1292788300299,,EAST WALNUT HILLS,EAST WALNUT HILLS,687656
a0F0L00000UmBl6UAF,430 WHITMAN CT,12/26/2018 12:00:00 AM,NEW,757820,15,320807.13806862,PLATINUM,,,QUALIFIED,-84.46168317,39.1256199800299,,HYDE PARK,HYDE PARK,817828
a0F0L00000UmBlQUAV,2710 WALSH RD,12/17/2018 12:00:00 AM,NEW,1636580,15,692811.67826178,PLATINUM,,,QUALIFIED,-84.44351259,39.1307094500299,,HYDE PARK,HYDE PARK,1207580
a0F0L00000UmCWyUAN,2200 VICTORY PW,01/29/2019 12:00:00 AM,REHAB,0,10,0,NOT CERTIFIED,,,QUALIFIED,,,,DOWNTOWN CINCINNATI,N/A,386010
a0F0L00000UvWtcUAF,3422 AULT VIEW AV,11/13/2018 12:00:00 AM,REHAB,275000,10,77610.30585,NOT CERTIFIED,,,QUALIFIED,-84.41900779,39.1361837700299,,MOUNT LOOKOUT,MOUNT LOOKOUT,275000
a0F0L00000UvWtmUAF,3175 MARKBREIT AV,11/09/2018 12:00:00 AM,REHAB,101760,10,28718.63535744,NOT CERTIFIED,,,QUALIFIED,-84.42722546,39.1506072300299,,OAKLEY,OAKLEY,78800
a0F0L00000UvWtrUAF,3782 DRAKEWOOD DR,11/09/2018 12:00:00 AM,REHAB,212880,10,60078.84330672,NOT CERTIFIED,,,QUALIFIED,-84.43363527,39.1471868500299,,OAKLEY,OAKLEY,264966
a0F0L00000UvWtwUAF,3106 GRIEST AV,11/13/2018 12:00:00 AM,REHAB,94820,10,26760.03345708,NOT CERTIFIED,,,QUALIFIED,-84.42898403,39.1346295200299,,HYDE PARK,HYDE PARK,283000
a0F0L00000UvWu1UAF,152 E MCMICKEN AV,11/13/2018 12:00:00 AM,REHAB,275000,10,77610.30585,NOT CERTIFIED,,,QUALIFIED,-84.51301855,39.1136006300299,,OVER-THE-RHINE,OTR,260030
a0F0L00000UvXQ4UAN,1344 SPRING ST,11/29/2018 12:00:00 AM,NEW,607190,15,257041.09968579,PLATINUM,,,QUALIFIED,-84.50793272,39.1117883700299,,PENDLETON,PENDLETON,750000
a0F0L00000UvXQ9UAN,2827 LOWER GRANDIN RD,11/07/2018 12:00:00 AM,NEW,747310,15,316357.95089871,PLATINUM,,,QUALIFIED,-84.44151124,39.1267453600299,,HYDE PARK,HYDE PARK,1382714
a0F0L00000UvXQEUA3,505 BARNSIDE LN,11/14/2018 12:00:00 AM,NEW,400000,15,169331.5764,SILVER,,,QUALIFIED,-84.68895465,39.1195779600299,,SAYLER PARK,SAYLER PARK,411900
a0F0L00000UvXpvUAF,207 KEMP AL,11/26/2018 12:00:00 AM,REHAB,400000,10,112887.7176,,,,QUALIFIED,-84.51980102,39.1128591800299,,OVER-THE-RHINE,OTR,515000
a0F0L00000UvXqFUAV,3758 CLIFTON AV,11/16/2018 12:00:00 AM,REHAB,,10,,NOT CERTIFIED,,,QUALIFIED,-84.5124602,39.1014537,,CLIFTON,N/A,45790
a0F0L00000UvXqeUAF,3065 SIDNEY AV,11/15/2018 12:00:00 AM,REHAB,130320,10,36778.81839408,NOT CERTIFIED,,,QUALIFIED,-84.53659923,39.1401685500299,,CAMP WASHINGTON,CAMP WASHINGTON,32300
a0F0L00000UvXqyUAF,4117 SIMPSON AVE,11/19/2018 12:00:00 AM,REHAB,184300,10,52013.0158842,NOT CERTIFIED,,,QUALIFIED,-84.3907194081633,39.1498821632653,,MADISONVILLE,N/A,198900
a0F0L00000UvXr3UAF,4723 WARD ST,11/19/2018 12:00:00 AM,REHAB,208120,10,58735.47946728,NOT CERTIFIED,,,QUALIFIED,-84.39247165,39.1573491100299,,MADISONVILLE,MADISONVILLE,96000
a0F0L00000UvXr8UAF,4368 VIRGINIA AV,11/19/2018 12:00:00 AM,REHAB,138830,10,39180.50458602,NOT CERTIFIED,,,QUALIFIED,-84.54759752,39.1697079700299,,NORTHSIDE,NORTHSIDE,83610
a0F0L00000UvXrDUAV,3010 CLEINVIEW AV,11/21/2018 12:00:00 AM,REHAB,268190,10,75688.39245786,NOT CERTIFIED,,,QUALIFIED,-84.47323527,39.1320433300299,,WALNUT HILLS,EAST WALNUT HILLS,205150
a0F0L00000UvXrIUAV,1569 HOLLYWOOD AV,11/26/2018 12:00:00 AM,REHAB,,10,,NOT CERTIFIED,,,QUALIFIED,-84.5124602,39.1014537,,COLLEGE HILL,N/A,194390
a0F0L00000UvXrSUAV,732 SPRINGHILL LN,11/30/2018 12:00:00 AM,NEW,2078530,15,879901.90373673,PLATINUM,,,QUALIFIED,-84.42163223,39.1240478300299,,MOUNT LOOKOUT,MOUNT LOOKOUT,1359267
a0F0L00000UvXrXUAV,3222 GOLDEN AV,11/29/2018 12:00:00 AM,NEW,1337670,15,566274.42450747,PLATINUM,,,QUALIFIED,-84.44149355,39.1210543700299,,COLUMBIA-TUSCULUM,COLUMBIA TUSCULUM,1013831
a0F0L00000UvXrmUAF,3184 GOLDEN HOLLOW AV,11/29/2018 12:00:00 AM,NEW,562000,15,237910.864842,GOLD,,,QUALIFIED,-84.4439837,39.1227930700299,,COLUMBIA-TUSCULUM,COLUMBIA TUSCULUM,603784
a0F0L00000UvXrrUAF,543 LIBERTY HILL,11/29/2018 12:00:00 AM,NEW,2305810,15,976116.10544721,PLATINUM,,,QUALIFIED,-84.50523727,39.1121133300299,,MOUNT AUBURN,MOUNT AUBURN,1836345
a0F0L00000UvXsaUAF,249 ST PETERS ST,11/30/2018 12:00:00 AM,NEW,562000,15,237910.864842,GOLD,,,QUALIFIED,-84.44998842,39.1204985800299,,EAST END,EAST END,473000
a0F0L00000UvXsfUAF,2746 CLEINVIEW AV,12/03/2018 12:00:00 AM,NEW,400000,15,169331.5764,SILVER,,,QUALIFIED,-84.47336631,39.1295212400299,,EAST WALNUT HILLS,EAST WALNUT HILLS,670795
a0F0L00000UvY4gUAF,1417 HERSCHEL AV,12/18/2018 12:00:00 AM,NEW,562000,15,237910.864842,GOLD,,,QUALIFIED,-84.42162587,39.1364000200299,,,MOUNT LOOKOUT,1199000
a0F0L00000UvY4lUAF,2742 CLEINVIEW AV,12/03/2018 12:00:00 AM,NEW,400000,15,169331.5764,SILVER,,,QUALIFIED,-84.4735478,39.1294549900299,,WALNUT HILLS,EAST WALNUT HILLS,618090
a0F0L00000UvY4qUAF,2740 CLEINVIEW AV,12/04/2018 12:00:00 AM,NEW,400000,15,169331.5764,SILVER,,,QUALIFIED,-84.47364671,39.1294615400299,,EAST WALNUT HILLS,EAST WALNUT HILLS,627279
a0F0L00000UvY4vUAF,3332 MANNINGTON AV,12/04/2018 12:00:00 AM,NEW,1132750,15,479525.85791775,PLATINUM,,,QUALIFIED,-84.42627748,39.1247987800299,,MOUNT LOOKOUT,MOUNT LOOKOUT,1500000
a0F0L00000UvY50UAF,133 GOETHE ST,11/06/2018 12:00:00 AM,NEW,397500,15,168273.2540475,GOLD,,,QUALIFIED,-84.51315521,39.1168390800299,,MOUNT AUBURN,MOUNT AUBURN,395800
a0F0L00000UvY55UAF,247 ST PETERS ST,12/10/2018 12:00:00 AM,NEW,784760,15,332211.61973916,PLATINUM,,,QUALIFIED,-84.45011945,39.1204048800299,,EAST END,EAST END,842000
a0F0L00000UvY5AUAV,2413 RIVERSIDE DR,12/14/2018 12:00:00 AM,NEW,562000,15,237910.864842,GOLD,,,QUALIFIED,-84.46512003,39.1237567700299,,EAST END,EAST END,1400000
a0F0L00000UvY5FUAV,5804 CHANDLER ST,12/17/2018 12:00:00 AM,NEW,275000,10,77610.30585,NOT CERTIFIED,,,QUALIFIED,-84.39366421,39.1638421000298,,MADISONVILLE,MADISONVILLE,276209
a0F0L00000UvY5UUAV,1908 CHASE AV,12/06/2018 12:00:00 AM,NEW,224400,10,63330.0095736,,,,QUALIFIED,-84.55079478,39.1654432200299,,NORTHSIDE,NORTHSIDE,205001
a0F0L00000UvY5oUAF,3509 BAYARD DR,12/06/2018 12:00:00 AM,NEW,275000,10,77610.30585,,,,QUALIFIED,-84.42676499,39.1391214300299,,HYDE PARK,HYDE PARK,1690421
a0F0L00000UvY6IUAV,505 STANLEY AV,01/04/2019 12:00:00 AM,NEW,538400,15,227920.3018344,GOLD,,,QUALIFIED,-84.43210814,39.1174796400299,,COLUMBIA-TUSCULUM,COLUMBIA TUSCULUM,703842
a0F0L00000UvYmIUAV,4917 OAKLAWN DR,12/19/2018 12:00:00 AM,REHAB,34740,10,9804.29827356,,,,QUALIFIED,-84.41303351,39.1602435300299,,OAKLEY,MADISONVILLE,94946
a0F0L00000UvZ6SUAV,2901 OBSERVATORY AV,01/11/2019 12:00:00 AM,NEW,562000,15,237910.864842,GOLD,,,QUALIFIED,-84.43471361,39.1368387000299,,,HYDE PARK,975000
a0F0L00000UvZNLUA3,1415 VINE ST,12/15/2017 12:00:00 AM,REHAB,131900,10,37224.7248786,NOT CERTIFIED,,,QUALIFIED,-84.5155816363636,39.1110617727273,,OVER-THE-RHINE,N/A,138225
a0F0L00000UvZNQUA3,3420 GOLDEN AV,12/19/2018 12:00:00 AM,NEW,562000,15,237910.864842,GOLD,,,QUALIFIED,-84.43973156,39.1200903800299,,,COLUMBIA TUSCULUM,612434
a0F0L00000UvZNVUA3,221 W NINTH ST,12/17/2017 12:00:00 AM,REHAB,139820,10,39459.90168708,NOT CERTIFIED,,,QUALIFIED,-84.5374684,39.1047331,,DOWNTOWN CINCINNATI,N/A,21250
a0F0L00000UvZNaUAN,981 HATCH ST,12/29/2017 12:00:00 AM,NEW,1192370,15,504764.72938017,PLATINUM,,,QUALIFIED,-84.49579671,39.1090716600299,,MOUNT ADAMS,MOUNT ADAMS,860723
a0F0L00000UvZNuUAN,5184 SALEM HILLS LN,12/26/2018 12:00:00 AM,REHAB,188590,10,53223.73665546,NOT CERTIFIED,,,QUALIFIED,-84.41240868,39.0872982600299,,MOUNT WASHINGTON,MOUNT WASHINGTON,398719
a0F0L00000UvZNzUAN,970 LENOX PL,12/26/2018 12:00:00 AM,REHAB,275000,10,77610.30585,NOT CERTIFIED,,,QUALIFIED,-84.47954898,39.1544051900298,,NORTH AVONDALE,NORTH AVONDALE,174500
a0F0L00000UvZO4UAN,1347 OBSERVATORY DR,12/10/2018 12:00:00 AM,NEW,1193490,15,505238.85779409,PLATINUM,,,QUALIFIED,-84.42582867,39.1359658600299,,HYDE PARK,HYDE PARK,612000
a0F0L00000UvZO9UAN,310 MULBERRY ST,01/11/2019 12:00:00 AM,NEW,463730,15,196310.32980993,GOLD,,,QUALIFIED,-84.51168885,39.1152736100299,,,MOUNT AUBURN,585000
a0F0L00000UvZOYUA3,811 SUMMIT AVE,12/06/2018 12:00:00 AM,REHAB,166660,10,47034.66753804,NOT CERTIFIED,,,QUALIFIED,-84.559125,39.1058103265306,,EAST PRICE HILL,N/A,152755
a0F0L00000UvZOnUAN,8189 SOUTH PORT DR,12/03/2018 12:00:00 AM,REHAB,,10,,NOT CERTIFIED,,,QUALIFIED,-84.5124602,39.1014537,,EVANSTON,N/A,70009
a0F0L00000UvZOxUAN,4009 RED BUD AV,12/06/2018 12:00:00 AM,REHAB,42500,10,11994.319995,NOT CERTIFIED,,,QUALIFIED,-84.48961757,39.1584904800299,,NORTH AVONDALE,NORTH AVONDALE,375298
a0F0L00000UvZaDUAV,5039 ANDERSON PL,12/10/2018 12:00:00 AM,REHAB,144280,10,40718.59973832,NOT CERTIFIED,,,QUALIFIED,-84.39924934,39.1624092300299,,MADISONVILLE,MADISONVILLE,108555
a0F0L00000UvZaIUAV,3344 WOODFORD RD,12/06/2018 12:00:00 AM,REHAB,250760,10,70769.31016344,NOT CERTIFIED,,,QUALIFIED,-84.422257,39.18064,,PLEASANT RIDGE,N/A,372675
a0F0L00000UvZaNUAV,3307 STETTINIUS AV,12/10/2018 12:00:00 AM,REHAB,87090,10,24578.47831446,NOT CERTIFIED,,,QUALIFIED,-84.44900174,39.1363027900299,,HYDE PARK,HYDE PARK,206521
a0F0L00000UvZahUAF,4263 FERGUS ST,12/12/2018 12:00:00 AM,REHAB,153560,10,43337.59478664,NOT CERTIFIED,,,QUALIFIED,-84.53629814,39.1654009800299,,NORTHSIDE,NORTHSIDE,197500
a0F0L00000UvZamUAF,7272 FERNBANK AV,12/17/2018 12:00:00 AM,NEW,375930,15,159142.04879013,SILVER,,,QUALIFIED,-84.70022198,39.1263104400299,,SAYLER PARK,SAYLER PARK,356566
a0F0L00000UvZb1UAF,2744 CLEINVIEW AV,12/06/2018 12:00:00 AM,NEW,400000,15,169331.5764,SILVER,,,QUALIFIED,-84.4733571,39.1294445000299,,EAST WALNUT HILLS,EAST WALNUT HILLS,651235
a0F0L00000UvZbBUAV,3743 GROVEDALE PL,12/21/2018 12:00:00 AM,NEW,400000,15,169331.5764,SILVER,,,QUALIFIED,-84.45000473,39.1463724000299,,HYDE PARK,HYDE PARK,732000
a0F0L00000UvZbQUAV,3319 S WOODMONT AV,12/03/2018 12:00:00 AM,REHAB,88240,10,24903.03050256,NOT CERTIFIED,,,QUALIFIED,-84.42371393,39.1771969800299,,PLEASANT RIDGE,PLEASANT RIDGE,141901
a0F0L00000UvZdCUAV,1340 SPRING ST,12/07/2018 12:00:00 AM,NEW,578920,15,245073.59052372,PLATINUM,,,QUALIFIED,-84.50790445,39.1116625300299,,OVER-THE-RHINE,PENDLETON,712500
a0F0L00000UvZdHUAV,2738 CLEINVIEW AV,12/06/2018 12:00:00 AM,NEW,400000,15,169331.5764,SILVER,,,QUALIFIED,-84.47337601,39.1293645400299,,EAST WALNUT HILLS,EAST WALNUT HILLS,631235
a0F0L00000UvZdMUAV,457 STANLEY AV,12/11/2018 12:00:00 AM,NEW,400000,15,169331.5764,SILVER,,,QUALIFIED,-84.43395569,39.1164629100299,,COLUMBIA-TUSCULUM,COLUMBIA TUSCULUM,460000
a0F0L00000UvZdRUAV,459 STANLEY AV,12/11/2018 12:00:00 AM,NEW,400000,15,169331.5764,SILVER,,,QUALIFIED,-84.43390665,39.1165249900299,,COLUMBIA-TUSCULUM,COLUMBIA TUSCULUM,456084
a0F0L00000UvZdWUAV,6717 DANIELS WALK,12/10/2018 12:00:00 AM,NEW,475910,15,201466.47631131,GOLD,,,QUALIFIED,-84.68987169,39.1184355500299,,SAYLER PARK,SAYLER PARK,411482
a0F0L00000UvZdgUAF,2955 RIVERSIDE DR,12/20/2018 12:00:00 AM,NEW,562000,15,237910.864842,GOLD,,,QUALIFIED,-84.44859739,39.1205465800299,,EAST END,EAST END,711192
a0F0L00000UvZfNUAV,1921 WASHBURN ST,12/17/2018 12:00:00 AM,NEW,275000,10,77610.30585,NOT CERTIFIED,,,QUALIFIED,-84.55052389,39.1666783700299,,NORTHSIDE,NORTHSIDE,253500
a0F0L00000UvZfXUAV,314 MULBERRY ST,12/19/2018 12:00:00 AM,NEW,468570,15,198359.24188437,PLATINUM,,,QUALIFIED,-84.51147266,39.1152504900299,,MOUNT AUBURN,MOUNT AUBURN,510200
a0F0L00000UvZfcUAF,2736 CLEINVIEW AV,12/19/2018 12:00:00 AM,NEW,400000,15,169331.5764,SILVER,,,QUALIFIED,-84.47338435,39.1292847500299,,EAST WALNUT HILLS,EAST WALNUT HILLS,665551
a0F0L00000UvZfmUAF,546 SLACK ST,12/19/2018 12:00:00 AM,NEW,459380,15,194468.84891658,GOLD,,,QUALIFIED,-84.50464721,39.1146019300299,,MOUNT AUBURN,MOUNT AUBURN,341809
a0F0L00000UvZfrUAF,1613 PLEASANT ST,12/18/2018 12:00:00 AM,NEW,1524810,15,645496.20252621,PLATINUM,,,QUALIFIED,-84.51882366,39.1135444400299,,OVER-THE-RHINE,OTR,1193220
a0F0L00000UvZfwUAF,501 STANLEY AV,12/14/2018 12:00:00 AM,REHAB,562000,10,158607.243228,GOLD,,,QUALIFIED,-84.43233519,39.1174759600299,,COLUMBIA-TUSCULUM,COLUMBIA TUSCULUM,700000
a0F0L00000UvZg6UAF,3808 DRAKE AV,12/13/2018 12:00:00 AM,NEW,543080,15,229901.48127828,GOLD,,,QUALIFIED,-84.43502109,39.1478058100299,,OAKLEY,OAKLEY,378500
a0F0L00000UvZlbUAF,1414 ELM ST,12/11/2018 12:00:00 AM,REHAB,400000,10,112887.7176,SILVER,,,QUALIFIED,-84.51842011,39.1106573500299,,OVER-THE-RHINE,OTR,966810
a0F0L00000UvZlgUAF,5736 BRAMBLE AV,12/12/2018 12:00:00 AM,REHAB,181400,10,51194.5799316,NOT CERTIFIED,,,QUALIFIED,-84.39628086,39.1521327100298,,MADISONVILLE,MADISONVILLE,77347
a0F0L00000UvZllUAF,2317 FAIRVIEW AV,12/13/2018 12:00:00 AM,REHAB,168580,10,47576.52858252,NOT CERTIFIED,,,QUALIFIED,-84.52964467,39.1245047800299,,CUF,CUF,148047
a0F0L00000UvZlqUAF,3823 BROADVIEW DR,12/06/2018 12:00:00 AM,REHAB,272970,10,77037.40068318,NOT CERTIFIED,,,QUALIFIED,-84.4118538497952,39.1511495,,HYDE PARK,N/A,375716
a0F0L00000UvanOUAR,975 RICHWOOD CIR,12/31/2018 12:00:00 AM,NEW,562000,15,237910.864842,GOLD,,,QUALIFIED,-84.41722419,39.1240535900299,,MOUNT LOOKOUT,MOUNT LOOKOUT,985000
a0F0L00000UzFVzUAN,2129 ST MICHAEL ST,03/06/2020 12:00:00 AM,REHAB,138690,10,39140.99388486,NOT CERTIFIED,,,QUALIFIED,-84.55253889,39.1021908500299,,LOWER PRICE HILL,LOWER PRICE HILL,150000
a0F0L00000UzFgAUAV,4788 READING RD,04/07/2020 12:00:00 AM,REHAB,194180,10,54801.34250892,NOT CERTIFIED,,,QUALIFIED,-84.46735467,39.1728132700299,,BOND HILL,BOND HILL,60000
a0F0L00000UzFgjUAF,1633 COOPER ST,04/08/2020 12:00:00 AM,REHAB,269450,10,76043.9887683,NOT CERTIFIED,,,QUALIFIED,-84.5416002,39.1573971700299,,NORTHSIDE,NORTHSIDE,165000
a0F0L00000UzFgoUAF,2555 HANDASYDE AV,04/14/2020 12:00:00 AM,REHAB,275000,10,77610.30585,NOT CERTIFIED,,,QUALIFIED,-84.44797711,39.1346145600299,,HYDE PARK,HYDE PARK,364631.36
a0F0L00000UzFgtUAF,3760 EARLSCOURT VIEW,04/14/2020 12:00:00 AM,REHAB,238760,10,67382.67863544,NOT CERTIFIED,,,QUALIFIED,-84.42520544,39.1218715900299,,MOUNT LOOKOUT,MOUNT LOOKOUT,184622.85
a0F0L00000UzFgyUAF,1600 ELIZABETH PL,04/14/2020 12:00:00 AM,REHAB,116490,10,32875.72555806,NOT CERTIFIED,,,QUALIFIED,-84.469153910146,39.1778014607778,,BOND HILL,N/A,190000
a0F0L00000UzFh3UAF,4210 WHETSEL AV,04/22/2020 12:00:00 AM,REHAB,176910,10,49927.41530154,NOT CERTIFIED,,,QUALIFIED,-84.39332831,39.1512153800299,,MADISONVILLE,MADISONVILLE,91729
a0F0L00000UzFhDUAV,3286 BEREDITH PL,05/08/2020 12:00:00 AM,REHAB,275000,10,77610.30585,NOT CERTIFIED,,,QUALIFIED,-84.42515302,39.1874823100298,,PLEASANT RIDGE,PLEASANT RIDGE,260000
a0F0L00000UzFhNUAV,3642 BRENTWOOD AV,05/08/2020 12:00:00 AM,REHAB,130250,10,36759.0630435,NOT CERTIFIED,,,QUALIFIED,-84.41604602,39.1421788200299,,HYDE PARK,HYDE PARK,132861.37
a0F0L00000UzFhSUAV,2469 GRANDIN RD,05/08/2020 12:00:00 AM,REHAB,269250,10,75987.5449095,NOT CERTIFIED,,,QUALIFIED,-84.4465623,39.1271601700299,,HYDE PARK,HYDE PARK,326447.01
a0F0L00000UzG94UAF,4318 SIMPSON AV,03/27/2020 12:00:00 AM,REHAB,70800,10,19981.1260152,NOT CERTIFIED,,,QUALIFIED,-84.38997809,39.1522172100299,,MADISONVILLE,MADISONVILLE,59000
a0F0L00000UzG99UAF,5738 WHITNEY AV,05/04/2020 12:00:00 AM,REHAB,209240,10,59051.56507656,NOT CERTIFIED,,,QUALIFIED,-84.39669976,39.1543113300299,,MADISONVILLE,MADISONVILLE,34552
a0F0L00000UzG9EUAV,1635 POWERS ST,05/29/2020 12:00:00 AM,REHAB,238960,10,67439.12249424,NOT CERTIFIED,,,QUALIFIED,-84.54237522,39.1568521100299,,NORTHSIDE,NORTHSIDE,194400
a0F0L00000UzG9OUAV,4604 WHETSEL AV,05/26/2020 12:00:00 AM,REHAB,216030,10,60967.83408282,NOT CERTIFIED,,,QUALIFIED,-84.39335428,39.1559247800299,,MADISONVILLE,MADISONVILLE,114784
a0F0L00000UzG9YUAV,2200 VICTORY PW,05/29/2020 12:00:00 AM,REHAB,56260,10,15877.65748044,NOT CERTIFIED,,,QUALIFIED,,,,EAST WALNUT HILLS,N/A,242104
a0F0L00000UzG9dUAF,3812 AULT PARK AV,05/29/2020 12:00:00 AM,NEW,562000,15,237910.864842,GOLD,,,QUALIFIED,-84.40985072,39.1403266900299,,HYDE PARK,HYDE PARK,755000
a0F0L00000UzG9nUAF,4227 FLORIDA AV,05/29/2020 12:00:00 AM,REHAB,187390,10,52885.07350266,NOT CERTIFIED,,,QUALIFIED,-84.54816488,39.1660170100299,,NORTHSIDE,NORTHSIDE,275000
a0F0L00000UzGAgUAN,3124 WOODBURN AV,05/08/2020 12:00:00 AM,NEW,400000,15,169331.5764,SILVER,,,QUALIFIED,-84.47585325,39.1350813600299,,EVANSTON,EVANSTON,460379
a0F0L00000UzGAlUAN,2124 GOLD ST,05/12/2020 12:00:00 AM,NEW,562000,15,237910.864842,GOLD,,,QUALIFIED,-84.45979662,39.1346536100299,,EVANSTON,HYDE PARK,505967
a0F0L00000UzjmwUAB,6 RAWSON WOODS CIR,04/03/2019 12:00:00 AM,REHAB,88470,10,24967.94094018,NOT CERTIFIED,,,QUALIFIED,-84.52253236,39.1520634200299,,CLIFTON,CLIFTON,359504
a0F0L00000V4opMUAR,3653 BROTHERTON RD,02/19/2019 12:00:00 AM,NEW,432030,15,182890.80238023,GOLD,,,QUALIFIED,-84.41509597,39.1542984100299,,,OAKLEY,405000
a0F0L00000V4oplUAB,2817 HIGHLAND AV,01/07/2019 12:00:00 AM,REHAB,275000,10,77610.30585,NOT CERTIFIED,,,QUALIFIED,-84.50318202,39.1316642100299,,,CORRYVILLE,254818
a0F0L00000V4opvUAB,1308 BROADWAY,01/28/2019 12:00:00 AM,REHAB,275000,10,77610.30585,NOT CERTIFIED,,,QUALIFIED,-84.5085379933303,39.1107154739587,,PENDLETON,N/A,488489
a0F0L00000V4oq0UAB,1308 BROADWAY,01/22/2019 12:00:00 AM,REHAB,266750,10,75281.9966745,NOT CERTIFIED,,,QUALIFIED,-84.50832375,39.1107620600299,,PENDLETON,PENDLETON,286316
a0F0L00000V4oq5UAB,528 LIBERTY HILL,01/09/2019 12:00:00 AM,REHAB,275000,10,77610.30585,NOT CERTIFIED,,,QUALIFIED,-84.50566079,39.1125212000299,,MOUNT AUBURN,MOUNT AUBURN,195000
a0F0L00000V4oqAUAR,526 LIBERTY HILL,01/09/2019 12:00:00 AM,REHAB,170650,10,48160.7225211,NOT CERTIFIED,,,QUALIFIED,-84.50569922,39.1125248000299,,MOUNT AUBURN,MOUNT AUBURN,195000
a0F0L00000V4oqKUAR,4123 FERGUS ST,01/04/2019 12:00:00 AM,NEW,395180,15,167291.13090438,GOLD,,,QUALIFIED,-84.53654625,39.1623925600299,,NORTHSIDE,NORTHSIDE,445536
a0F0L00000V4oqPUAR,1554 ST LEGER PL,12/28/2018 12:00:00 AM,NEW,260340,10,73472.97099996,NOT CERTIFIED,,,QUALIFIED,-84.47700112,39.1384068000299,,EVANSTON,EVANSTON,264500
a0F0L00000V4oqUUAR,2124 GOLD ST,12/28/2018 12:00:00 AM,NEW,562000,10,158607.243228,,,,QUALIFIED,-84.45979662,39.1346536100299,,EVANSTON,HYDE PARK,600000
a0F0L00000V4oqZUAR,1907 RIVERSIDE DR,12/28/2018 12:00:00 AM,NEW,926620,15,392265.06330942,PLATINUM,,,QUALIFIED,-84.47834863,39.1198430700299,,EAST END,EAST END,759912
a0F0L00000V4oqeUAB,1285 MORTEN ST,12/28/2018 12:00:00 AM,NEW,837560,15,354563.38782396,PLATINUM,,,QUALIFIED,-84.441042,39.1350954800299,,HYDE PARK,HYDE PARK,995000
a0F0L00000V4oqjUAB,6440 LISBON AV,12/28/2018 12:00:00 AM,NEW,366350,15,155086.55753535,SILVER,,,QUALIFIED,-84.43491059,39.1884318400299,,PLEASANT RIDGE,PLEASANT RIDGE,455000
a0F0L00000V4oqtUAB,6727 DANIELS WALK,12/27/2018 12:00:00 AM,NEW,400000,15,169331.5764,SILVER,,,QUALIFIED,-84.68925447,39.1185946700299,,SAYLER PARK,SAYLER PARK,397124
a0F0L00000V4or3UAB,949 EDWARDS RD,12/27/2018 12:00:00 AM,NEW,562000,15,237910.864842,GOLD,,,QUALIFIED,-84.4445844693878,39.1273915714286,,HYDE PARK,N/A,620104
a0F0L00000V4p9zUAB,2821 W 8TH ST,12/28/2018 12:00:00 AM,REHAB,100300,10,28306.5951882,NOT CERTIFIED,,,QUALIFIED,-84.55996306,39.1054462700299,,EAST PRICE HILL,EAST PRICE HILL,84000
a0F0L00000V4qBDUAZ,3399 OBSERVATORY AV,03/04/2019 12:00:00 AM,REHAB,190320,10,53711.97603408,NOT CERTIFIED,,,QUALIFIED,-84.42114008,39.1377208100299,,HYDE PARK,MOUNT LOOKOUT,272343
a0F0L00000V4sg9UAB,5530 LEAFWOOD DR,01/14/2019 12:00:00 AM,NEW,432290,15,183000.86790489,GOLD,,,QUALIFIED,-84.53637395,39.1907817700299,,COLLEGE HILL,COLLEGE HILL,541302
a0F0L00000V4shCUAR,4121 MARBURG AV,02/11/2019 12:00:00 AM,REHAB,119890,10,33835.27115766,,,,QUALIFIED,-84.42264251,39.1521454300299,,OAKLEY,OAKLEY,72187.91
a0F0L00000V4tUrUAJ,4247 VIRGINIA AV,02/22/2019 12:00:00 AM,REHAB,202250,10,57078.8522115,NOT CERTIFIED,,,QUALIFIED,-84.54976581,39.1666673500299,,NORTHSIDE,NORTHSIDE,265100
a0F0L00000V4tUwUAJ,2509 FOXCOVE CT,12/26/2018 12:00:00 AM,NEW,210500,10,59407.161387,NOT CERTIFIED,,,QUALIFIED,-84.57992799,39.1493387200299,,WESTWOOD,WESTWOOD,120000
a0F0L00000V4tV1UAJ,2489 DEERCOVE CT,12/26/2018 12:00:00 AM,NEW,194070,10,54770.29838658,NOT CERTIFIED,,,QUALIFIED,-84.58048789,39.1491886100299,,WESTWOOD,WESTWOOD,120000
a0F0L00000V4tV6UAJ,2485 DEERCOVE CT,12/26/2018 12:00:00 AM,NEW,194070,10,54770.29838658,NOT CERTIFIED,,,QUALIFIED,-84.58027808,39.1492500500299,,WESTWOOD,WESTWOOD,120000
a0F0L00000V4tVBUAZ,2501 DEERCOVE CT,12/28/2018 12:00:00 AM,NEW,194070,10,54770.29838658,NOT CERTIFIED,,,QUALIFIED,-84.58119033,39.1490881200299,,WESTWOOD,WESTWOOD,120000
a0F0L00000V4tVGUAZ,2497 DEERCOVE CT,12/28/2018 12:00:00 AM,NEW,193940,10,54733.60987836,NOT CERTIFIED,,,QUALIFIED,-84.58094194,39.1490376500299,,,WESTWOOD,120000
a0F0L00000V4tVQUAZ,2493 DEERCOVE CT,12/28/2018 12:00:00 AM,NEW,194070,10,54770.29838658,NOT CERTIFIED,,,QUALIFIED,-84.58069729,39.1491134500299,,WESTWOOD,WESTWOOD,120000
a0F0L00000V4tVVUAZ,3614 MICHIGAN AV,01/16/2019 12:00:00 AM,NEW,275000,10,77610.30585,NOT CERTIFIED,,,QUALIFIED,-84.44111067,39.1429263100299,,HYDE PARK,HYDE PARK,700000
a0F0L00000V4tVaUAJ,219 W 15TH ST,12/31/2018 12:00:00 AM,NEW,400000,15,169331.5764,SILVER,,,QUALIFIED,-84.51964361,39.1110603200299,,OVER-THE-RHINE,OTR,857872
a0F0L00000V4tVfUAJ,210 W 15TH ST,12/31/2018 12:00:00 AM,NEW,400000,15,169331.5764,SILVER,,,QUALIFIED,-84.51945366,39.1114707000299,,OVER-THE-RHINE,OTR,719708
a0F0L00000V4tVkUAJ,214 W 15TH ST,12/31/2018 12:00:00 AM,NEW,400000,15,169331.5764,SILVER,,,QUALIFIED,-84.51958786,39.1114512700299,,OVER-THE-RHINE,OTR,621064
a0F0L00000V4tVpUAJ,216 W 15TH ST,12/31/2018 12:00:00 AM,NEW,400000,15,169331.5764,SILVER,,,QUALIFIED,-84.51966592,39.1114691400299,,OVER-THE-RHINE,OTR,812996
a0F0L00000V4u5tUAB,3242 HILDRETH AV,03/15/2019 12:00:00 AM,REHAB,173140,10,48863.44856316,NOT CERTIFIED,,,QUALIFIED,-84.60966754,39.1459946000299,,WESTWOOD,WESTWOOD,121375
a0F0L00000V4uL9UAJ,1426 MAIN ST,01/04/2019 12:00:00 AM,REHAB,275000,10,77610.30585,NOT CERTIFIED,,,QUALIFIED,-84.51208915,39.1120670600299,,OVER-THE-RHINE,OTR,275000
a0F0L00000V4uLiUAJ,1428 MAIN ST,01/04/2019 12:00:00 AM,REHAB,275000,10,77610.30585,NOT CERTIFIED,,,QUALIFIED,-84.51209903,39.1121069600299,,OVER-THE-RHINE,OTR,275000
a0F0L00000V4uMHUAZ,3106 KINMONT ST,02/28/2019 12:00:00 AM,REHAB,275000,10,77610.30585,NOT CERTIFIED,,,QUALIFIED,-84.43270734,39.1302270000299,,MOUNT LOOKOUT,MOUNT LOOKOUT,198913
a0F0L00000V4uMRUAZ,3938 KILBOURNE AV,02/11/2019 12:00:00 AM,REHAB,178090,10,50260.43406846,NOT CERTIFIED,,,QUALIFIED,-84.42385312,39.1502416800299,,OAKLEY,OAKLEY,196981
a0F0L00000V4uMqUAJ,2363 GRANDIN RD,02/11/2019 12:00:00 AM,REHAB,275000,10,77610.30585,NOT CERTIFIED,,,QUALIFIED,-84.45082443,39.1284322800299,,HYDE PARK,HYDE PARK,510000
a0F0L00000V4uMvUAJ,433 CLARK ST,02/26/2019 12:00:00 AM,REHAB,229080,10,64650.79586952,NOT CERTIFIED,,,QUALIFIED,-84.5225313235294,39.1074476764706,,WEST END,N/A,225000
a0F0L00000V4uN0UAJ,1939 LANGDON FARM RD,01/24/2019 12:00:00 AM,NEW,197160,10,55642.35600504,NOT CERTIFIED,,,QUALIFIED,-84.45967596,39.1817924700298,,BOND HILL,BOND HILL,224789
a0F0L00000V4uSCUAZ,3430 WABASH AV,01/18/2019 12:00:00 AM,REHAB,150560,10,42490.93690464,NOT CERTIFIED,,,QUALIFIED,-84.46427893,39.1394185000299,,EVANSTON,EVANSTON,101213
a0F0L00000V4uSHUAZ,1402 LUDLOW PL,01/07/2019 12:00:00 AM,REHAB,205990,10,58134.35237106,NOT CERTIFIED,,,QUALIFIED,-84.53422942,39.1625376900299,,NORTHSIDE,NORTHSIDE,161100
a0F0L00000V4uSMUAZ,615 EVENING STAR LN,12/26/2018 12:00:00 AM,REHAB,149450,10,42177.6734883,NOT CERTIFIED,,,QUALIFIED,-84.52975219,39.1437438100299,,CLIFTON,CLIFTON,358100
a0F0L00000V4uSRUAZ,1545 PULLAN AV,12/26/2018 12:00:00 AM,REHAB,236360,10,66705.35232984,NOT CERTIFIED,,,QUALIFIED,-84.53855961,39.1654527000299,,NORTHSIDE,NORTHSIDE,23917
a0F0L00000V4uSWUAZ,4221 MAD ANTHONY ST,01/10/2019 12:00:00 AM,REHAB,189870,10,53584.97735178,NOT CERTIFIED,,,QUALIFIED,-84.53571272,39.1639221800299,,NORTHSIDE,NORTHSIDE,177490
a0F0L00000V4uSgUAJ,2822 ASTORIA AV,01/14/2019 12:00:00 AM,REHAB,172030,10,48550.18514682,NOT CERTIFIED,,,QUALIFIED,-84.4393442,39.1385170500299,,HYDE PARK,HYDE PARK,250425
a0F0L00000V4uSlUAJ,4219 DANE AV,01/14/2019 12:00:00 AM,REHAB,175270,10,49464.57565938,NOT CERTIFIED,,,QUALIFIED,-84.53300235,39.1640334400299,,NORTHSIDE,NORTHSIDE,204000
a0F0L00000V4v34UAB,1832 CHASE AV,02/11/2019 12:00:00 AM,REHAB,275000,10,77610.30585,NOT CERTIFIED,,,QUALIFIED,-84.54885789,39.1650289900299,,NORTHSIDE,NORTHSIDE,177806
a0F0L00000V4v4IUAR,1844 GREENBRIAR PL,03/22/2019 12:00:00 AM,REHAB,129590,10,36572.79830946,NOT CERTIFIED,,,QUALIFIED,-84.45660966,39.1949933200299,,ROSELAWN,ROSELAWN,100000
a0F0L00000V4v4hUAB,3109 MARKBREIT AV,03/22/2019 12:00:00 AM,REHAB,136380,10,38489.06731572,NOT CERTIFIED,,,QUALIFIED,-84.42966228,39.1507605900299,,OAKLEY,OAKLEY,357540
a0F0L00000V4v56UAB,1406 WEIGOLD AV,03/15/2019 12:00:00 AM,REHAB,156040,10,44037.49863576,NOT CERTIFIED,,,QUALIFIED,-84.53331355,39.1670714900299,,NORTHSIDE,NORTHSIDE,99686
a0F0L00000V4v6tUAB,817 BROADWAY,02/13/2019 12:00:00 AM,REHAB,265670,10,74977.19983698,NOT CERTIFIED,,,QUALIFIED,-84.5058165,39.0996425,,DOWNTOWN CINCINNATI,N/A,672604
a0F0L00000V4v73UAB,817 BROADWAY,02/13/2019 12:00:00 AM,REHAB,222590,10,62819.19265146,NOT CERTIFIED,,,QUALIFIED,-84.5058165,39.0996425,,DOWNTOWN CINCINNATI,N/A,672604
a0F0L00000V4v78UAB,3572 KROGER AV,02/14/2019 12:00:00 AM,REHAB,275000,10,77610.30585,NOT CERTIFIED,,,QUALIFIED,-84.43145828,39.1228405400299,,MOUNT LOOKOUT,MOUNT LOOKOUT,151327
a0F0L00000V4v7DUAR,1994 KINNEY AV,01/31/2019 12:00:00 AM,REHAB,199480,10,56297.10476712,NOT CERTIFIED,,,QUALIFIED,-84.46385757,39.1360748700299,,EVANSTON,EVANSTON,250933
a0F0L00000V4v7IUAR,3920 BRIGGS PL,03/13/2019 12:00:00 AM,REHAB,169730,10,47901.08077062,NOT CERTIFIED,,,QUALIFIED,-84.44062598,39.1513542600299,,OAKLEY,OAKLEY,70000
a0F0L00000V4v7SUAR,1530 CHASE AV,01/28/2019 12:00:00 AM,REHAB,251300,10,70921.7085822,NOT CERTIFIED,,,QUALIFIED,-84.53787913,39.1633859500299,,NORTHSIDE,NORTHSIDE,118000
a0F0L00000V4v7XUAR,1718 1/2 HANFIELD ST,01/31/2019 12:00:00 AM,REHAB,262510,10,74085.38686794,NOT CERTIFIED,,,QUALIFIED,-84.54517253,39.1628181200299,,NORTHSIDE,NORTHSIDE,187000
a0F0L00000V4vCdUAJ,2541 ERIE AV,03/29/2019 12:00:00 AM,REHAB,275000,10,77610.30585,NOT CERTIFIED,,,QUALIFIED,-84.44752835,39.1398645000299,,HYDE PARK,HYDE PARK,397450
a0F0L00000V4vKVUAZ,761 MORGAN ST,03/01/2019 12:00:00 AM,REHAB,275000,10,77610.30585,NOT CERTIFIED,,,QUALIFIED,-84.49243719,39.1243395400299,,WALNUT HILLS,WALNUT HILLS,254000
a0F0L00000V4vKaUAJ,3500 VISTA TER,03/04/2019 12:00:00 AM,REHAB,162320,10,45809.83580208,NOT CERTIFIED,,,QUALIFIED,-84.45595089,39.1404397400299,,HYDE PARK,HYDE PARK,397256
a0F0L00000V4vKkUAJ,2741 OBSERVATORY AVE,03/04/2019 12:00:00 AM,REHAB,183630,10,51823.92895722,NOT CERTIFIED,,,QUALIFIED,-84.4415417985513,39.13723155,,HYDE PARK,N/A,108000
a0F0L00000V4vKpUAJ,2813 COLERAIN AV,03/07/2019 12:00:00 AM,REHAB,158430,10,44712.00274842,NOT CERTIFIED,,,QUALIFIED,-84.5358043,39.1327868600299,,CAMP WASHINGTON,CAMP WASHINGTON,200300
a0F0L00000V4vLJUAZ,1115 ELM PARK DR,03/08/2019 12:00:00 AM,REHAB,40060,10,11305.70491764,NOT CERTIFIED,,,QUALIFIED,-84.4805946,39.1840795700299,,BOND HILL,BOND HILL,29158
a0F0L00000V4vLnUAJ,1994 JESSE LN,03/21/2019 12:00:00 AM,NEW,275000,10,77610.30585,NOT CERTIFIED,,,QUALIFIED,-84.55915996,39.2020659400299,,COLLEGE HILL,COLLEGE HILL,304990
a0F0L00000V4vLsUAJ,1008 ELM ST,03/13/2019 12:00:00 AM,REHAB,400000,10,112887.7176,SILVER,,,QUALIFIED,-84.51739546,39.1061752800299,,DOWNTOWN CINCINNATI,DOWNTOWN,284861
a0F0L00000V4vLxUAJ,1421 PULLAN AV,03/20/2019 12:00:00 AM,REHAB,193530,10,54617.89996782,NOT CERTIFIED,,,QUALIFIED,-84.53508908,39.1656669000299,,NORTHSIDE,NORTHSIDE,171758
a0F0L00000V4vM7UAJ,227 MAGNOLIA ST,03/18/2019 12:00:00 AM,REHAB,226930,10,64044.02438742,NOT CERTIFIED,,,QUALIFIED,-84.51969688,39.1104211700299,,OVER-THE-RHINE,OTR,324007
a0F0L00000V4vUsUAJ,825 MAIN ST,03/19/2019 12:00:00 AM,REHAB,275000,10,77610.30585,NOT CERTIFIED,,,QUALIFIED,-84.5105262045454,39.1051046704545,,DOWNTOWN CINCINNATI,N/A,135000
a0F0L00000V4vf0UAB,1607 DEXTER AV,04/05/2019 12:00:00 AM,REHAB,148850,10,42008.3419119,NOT CERTIFIED,,,QUALIFIED,-84.47580095,39.1338393800299,,EVANSTON,EVANSTON,85000
a0F0L00000V4vluUAB,3574 BURCH AV,04/08/2019 12:00:00 AM,REHAB,275000,10,77610.30585,NOT CERTIFIED,,,QUALIFIED,-84.4464933,39.1427682300299,,HYDE PARK,HYDE PARK,405350
a0F0L00000V4vnvUAB,2944 VAN DYKE DR,03/14/2019 12:00:00 AM,REHAB,275000,10,77610.30585,NOT CERTIFIED,,,QUALIFIED,-84.42667347,39.1283266600299,,MOUNT LOOKOUT,MOUNT LOOKOUT,277594
a0F0L00000VASSXUA5,2145 LURAY AVE,04/08/2018 12:00:00 AM,REHAB,235070,10,66341.28944058,NOT CERTIFIED,,,QUALIFIED,-84.4881499242358,39.1191545570845,,WALNUT HILLS,N/A,1650000
a0F0L00000VASWKUA5,2145 LURAY AVE,04/12/2018 12:00:00 AM,REHAB,272710,10,76964.02366674,NOT CERTIFIED,,,QUALIFIED,-84.4881499242358,39.1191545570845,,WALNUT HILLS,N/A,1650000
a0F0L00000VASYxUAP,1306 BROADWAY,03/07/2019 12:00:00 AM,REHAB,200180,10,56494.65827292,NOT CERTIFIED,,,QUALIFIED,-84.5085209949977,39.110649105469,,PENDLETON,N/A,203595
a0F0L00000VASa5UAH,6915 MERWIN AV,02/11/2019 12:00:00 AM,NEW,275000,10,77610.30585,NOT CERTIFIED,,,QUALIFIED,-84.37658662,39.1525991600299,,MADISONVILLE,MADISONVILLE,313325
a0F0L00000VASaFUAX,6913 MERWIN AV,02/22/2019 12:00:00 AM,NEW,275000,10,77610.30585,NOT CERTIFIED,,,QUALIFIED,-84.37670913,39.1526069000299,,MADISONVILLE,MADISONVILLE,309700
a0F0L00000VASddUAH,203 MULBERRY ST,02/15/2019 12:00:00 AM,REHAB,239060,10,67467.34442364,NOT CERTIFIED,,,QUALIFIED,-84.51291152,39.1156708400299,,OVER-THE-RHINE,MOUNT AUBURN,284543
a0F0L00000VAShpUAH,1850 COLUMBIA PKWY,02/15/2019 12:00:00 AM,REHAB,172840,10,48778.78277496,NOT CERTIFIED,,,QUALIFIED,-84.4813532,39.1208061400299,,WALNUT HILLS,EAST WALNUT HILLS,266197
a0F0L00000VASv1UAH,6325 MONTGOMERY RD,04/15/2019 12:00:00 AM,REHAB,275000,10,77610.30585,NOT CERTIFIED,,,QUALIFIED,-84.42195431,39.1854141300299,,PLEASANT RIDGE,PLEASANT RIDGE,305400
a0F0L00000VASvGUAX,3499 WINDISCH AVE,04/15/2019 12:00:00 AM,REHAB,275000,10,77610.30585,NOT CERTIFIED,,,QUALIFIED,-84.418057754159,39.1306027223883,,MOUNT LOOKOUT,N/A,1194376
a0F0L00000VASvpUAH,34 E FOURTEENTH ST,02/15/2019 12:00:00 AM,REHAB,275000,10,77610.30585,NOT CERTIFIED,,,QUALIFIED,-84.51419,39.111209,,OVER-THE-RHINE,N/A,330000
a0F0L00000VAT8yUAH,2926 VAN DYKE DR,03/08/2019 12:00:00 AM,REHAB,257710,10,72730.73425674,NOT CERTIFIED,,,QUALIFIED,-84.42734968,39.1277708300299,,MOUNT LOOKOUT,MOUNT LOOKOUT,275272
a0F0L00000VATPgUAP,813 BROADWAY,04/10/2019 12:00:00 AM,REHAB,205310,10,57942.44325114,NOT CERTIFIED,,,QUALIFIED,-84.5058165,39.0996425,,DOWNTOWN CINCINNATI,N/A,151551
a0F0L00000VATPlUAP,813 BROADWAY,04/10/2019 12:00:00 AM,REHAB,191380,10,54011.12848572,NOT CERTIFIED,,,QUALIFIED,-84.5058165,39.0996425,,DOWNTOWN CINCINNATI,N/A,132479
a0F0L00000VATPqUAP,813 BROADWAY,03/29/2019 12:00:00 AM,REHAB,245470,10,69276.37009818,NOT CERTIFIED,,,QUALIFIED,-84.5058165,39.0996425,,DOWNTOWN CINCINNATI,N/A,318893
a0F0L00000VATPvUAP,813 BROADWAY,03/29/2019 12:00:00 AM,REHAB,252800,10,71345.0375232,NOT CERTIFIED,,,QUALIFIED,-84.5058165,39.0996425,,DOWNTOWN CINCINNATI,N/A,194412
a0F0L00000VATR3UAP,218 W 15TH ST,12/31/2018 12:00:00 AM,NEW,1745820,15,739056.13177662,PLATINUM,,,QUALIFIED,-84.51973129,39.1114130700299,,OVER-THE-RHINE,OTR,1358912
a0F0L00000VATR8UAP,215 W 15TH ST,12/31/2018 12:00:00 AM,NEW,400000,15,169331.5764,SILVER,,,QUALIFIED,-84.51948897,39.1110767500299,,OVER-THE-RHINE,OTR,684043
a0F0L00000VATRDUA5,217 W 15TH ST,12/31/2018 12:00:00 AM,NEW,562000,15,237910.864842,GOLD,,,QUALIFIED,-84.51955265,39.1110879800299,,OVER-THE-RHINE,OTR,754907
a0F0L00000VATRSUA5,221 W 15TH ST,12/31/2018 12:00:00 AM,NEW,562000,15,237910.864842,GOLD,,,QUALIFIED,-84.5197155,39.1110621300299,,OVER-THE-RHINE,OTR,745632
a0F0L00000VAUelUAH,1306 BROADWAY,04/24/2019 12:00:00 AM,REHAB,275000,10,77610.30585,NOT CERTIFIED,,,QUALIFIED,-84.50839156,39.1106675100299,,PENDLETON,PENDLETON,498682
a0F0L00000VAUgKUAX,3938 TAYLOR AV,01/03/2019 12:00:00 AM,NEW,541400,15,229190.2886574,GOLD,,,QUALIFIED,-84.42644924,39.1502457000299,,OAKLEY,OAKLEY,444067
a0F0L00000VAUgUUAX,6217 PRENTICE ST,01/16/2019 12:00:00 AM,REHAB,124330,10,35088.32482302,NOT CERTIFIED,,,QUALIFIED,-84.38857657,39.1591809200299,,MADISONVILLE,MADISONVILLE,90306
a0F0L00000VAUgtUAH,813 BROADWAY,03/15/2019 12:00:00 AM,REHAB,229450,10,64755.2170083,NOT CERTIFIED,,,QUALIFIED,-84.5058165,39.0996425,,DOWNTOWN CINCINNATI,N/A,135350
a0F0L00000VAVnrUAH,4443 BRAZEE ST,02/01/2019 12:00:00 AM,NEW,588730,15,249226.44743493,PLATINUM,,,QUALIFIED,-84.42881218,39.1559274000299,,OAKLEY,OAKLEY,542424
a0F0L00000VAVnwUAH,3951 DEVONSHIRE DR,12/26/2018 12:00:00 AM,NEW,1111480,15,470521.65134268,PLATINUM,,,QUALIFIED,-84.4215372,39.1249509900299,,MOUNT LOOKOUT,MOUNT LOOKOUT,1064000
a0F0L00000VAVo1UAH,5870 RHODE ISLAND AV,04/19/2019 12:00:00 AM,NEW,227860,10,64306.48833084,NOT CERTIFIED,,,QUALIFIED,-84.45887615,39.1808789900299,,BOND HILL,BOND HILL,289900
a0F0L00000VAVo6UAH,1556 ST LEGER PL,01/16/2019 12:00:00 AM,NEW,260340,10,73472.97099996,NOT CERTIFIED,,,QUALIFIED,-84.47687039,39.1383980400299,,EVANSTON,EVANSTON,257000
a0F0L00000VAVoGUAX,3218 GOLDEN AV,02/27/2019 12:00:00 AM,NEW,1161640,15,491755.83102324,PLATINUM,01/12/2023 12:00:00 AM,,QUALIFIED,-84.44181238,39.1216202600299,,COLUMBIA-TUSCULUM,COLUMBIA TUSCULUM,850000
a0F0L00000VAVoLUAX,3050 LAVINIA AV,03/12/2019 12:00:00 AM,NEW,275000,10,77610.30585,NOT CERTIFIED,,,QUALIFIED,-84.4602702222222,39.1344331111111,,EVANSTON,N/A,293598
a0F0L00000VAVpOUAX,3454 RUTHER AV,02/26/2019 12:00:00 AM,REHAB,16150,10,4557.8415981,NOT CERTIFIED,,,QUALIFIED,-84.51249629,39.1446051600299,,AVONDALE,AVONDALE,28920
a0F0L00000VAVpTUAX,3484 FORESTOAK CT,04/18/2019 12:00:00 AM,REHAB,122540,10,34583.15228676,NOT CERTIFIED,,,QUALIFIED,-84.40641846,39.1410121900299,,HYDE PARK,HYDE PARK,189643
a0F0L00000VAVqbUAH,1800 RACE ST,02/13/2019 12:00:00 AM,REHAB,275000,10,77610.30585,,,,QUALIFIED,-84.5180901,39.1155861,,OVER-THE-RHINE,N/A,320000
a0F0L00000VAVwcUAH,707 E MCMILLAN AVE,01/02/2019 12:00:00 AM,REHAB,136420,10,38500.35608748,NOT CERTIFIED,,,QUALIFIED,-84.5181034,39.1277522,,WALNUT HILLS,N/A,169000
a0F0L00000VAVxGUAX,4605 WHETSEL AV,04/18/2019 12:00:00 AM,REHAB,158850,10,44830.5348519,NOT CERTIFIED,,,QUALIFIED,-84.39388276,39.1559938700299,,MADISONVILLE,MADISONVILLE,125977
a0F0L00000VAVxkUAH,1331 AULT VIEW AV,04/18/2019 12:00:00 AM,REHAB,275000,10,77610.30585,NOT CERTIFIED,,,QUALIFIED,-84.42009221,39.1345468800299,,MOUNT LOOKOUT,MOUNT LOOKOUT,441949
a0F0L00000VAWAgUAP,1219 GRACE AV,04/09/2019 12:00:00 AM,NEW,562000,15,237910.864842,GOLD,,,QUALIFIED,-84.4322351,39.1325585000299,,HYDE PARK,MOUNT LOOKOUT,548002
a0F0L00000VAWU9UAP,3035 ALPINE TER,04/29/2019 12:00:00 AM,NEW,562000,15,237910.864842,GOLD,,,QUALIFIED,-84.43314013,39.1287571100299,,MOUNT LOOKOUT,MOUNT LOOKOUT,625000
a0F0L00000VAWUOUA5,3725 MAPLE PARK AV,04/25/2019 12:00:00 AM,NEW,514790,15,217925.50553739,GOLD,,,QUALIFIED,-84.44060406,39.1455520000299,,OAKLEY,HYDE PARK - OAKLEY,689500
a0F0L00000VAWb6UAH,3023 COHOON ST,05/02/2019 12:00:00 AM,NEW,262670,15,111195.81293247,GOLD,,,QUALIFIED,-84.46314468,39.1328968400299,,EVANSTON,EVANSTON,240170
a0F0L00000VAWbGUAX,227 MCGREGOR AV,05/02/2019 12:00:00 AM,REHAB,267130,10,75389.24000622,NOT CERTIFIED,,,QUALIFIED,-84.50726478,39.1229945900299,,MOUNT AUBURN,MOUNT AUBURN,274674
a0F0L00000VAWgCUAX,1534 ST LEGER PL,04/18/2019 12:00:00 AM,REHAB,245670,10,69332.81395698,NOT CERTIFIED,,,QUALIFIED,-84.47792107,39.1384826700299,,,EVANSTON,275000
a0F0L00000VAXFAUA5,813 BROADWAY,04/30/2019 12:00:00 AM,REHAB,189520,10,53486.20059888,NOT CERTIFIED,,,QUALIFIED,-84.5058165,39.0996425,,DOWNTOWN CINCINNATI,N/A,149295
a0F0L00000VAXFeUAP,4303 33RD AV,04/26/2019 12:00:00 AM,REHAB,167570,10,47291.48709558,,,,QUALIFIED,-84.43443712,39.1547433200299,,OAKLEY,OAKLEY,138956
a0F0L00000VAXFtUAP,1539 DONALDSON PL,04/22/2019 12:00:00 AM,REHAB,192300,10,54270.7702362,,,,QUALIFIED,-84.53811179,39.1663729100299,,NORTHSIDE,NORTHSIDE,93576
a0F0L00000VAXGIUA5,6107 BRAMBLE AV,04/24/2019 12:00:00 AM,REHAB,224380,10,63324.36518772,NOT CERTIFIED,,,QUALIFIED,-84.39166805,39.1514418400299,,MADISONVILLE,MADISONVILLE,130019
a0F0L00000VAXOxUAP,6420 DESMOND ST,04/30/2019 12:00:00 AM,REHAB,249720,10,70475.80209768,NOT CERTIFIED,,,QUALIFIED,-84.38456962,39.1621984900299,,MADISONVILLE,MADISONVILLE,170389
a0F0L00000VAYcCUAX,1293 MORTEN ST,04/22/2019 12:00:00 AM,NEW,180470,10,50932.11598818,NOT CERTIFIED,,,QUALIFIED,-84.44103137,39.1353278300299,,HYDE PARK,HYDE PARK,224000
a0F0L00000VAYcbUAH,3942 TAYLOR AV,01/01/2019 12:00:00 AM,NEW,506810,15,214547.34058821,GOLD,,,QUALIFIED,-84.4264863,39.1503109900299,,OAKLEY,OAKLEY,450000
a0F0L00000VAYcgUAH,2900 CORBIN PARK CT,05/03/2019 12:00:00 AM,NEW,765710,15,324147.20341311,PLATINUM,,,QUALIFIED,-84.45064316,39.1210290200299,,EAST END,EAST END,727495
a0F0L00000VAYclUAH,2063 E SEYMOUR AV,04/10/2019 12:00:00 AM,NEW,239250,10,67520.9660895,NOT CERTIFIED,,,QUALIFIED,-84.45874,39.185245,,PLEASANT RIDGE,N/A,199900
a0F0L00000VAYdAUAX,3416 PRINCIPIO AV,02/05/2019 12:00:00 AM,REHAB,247730,10,69914.18570262,NOT CERTIFIED,,,QUALIFIED,-84.42072992,39.1321169600299,,MOUNT LOOKOUT,MOUNT LOOKOUT,72305
a0F0L00000VAYdUUAX,5318 RESERVE CIR,04/30/2019 12:00:00 AM,NEW,236170,10,66651.73066398,NOT CERTIFIED,,,QUALIFIED,-84.3970514,39.1041043300299,,MOUNT WASHINGTON,MOUNT WASHINGTON,207500
a0F0L00000VAZ5rUAH,2835 OBSERVATORY AV,03/29/2019 12:00:00 AM,REHAB,225420,10,63617.87325348,NOT CERTIFIED,,,QUALIFIED,-84.43796568,39.1369678500299,,HYDE PARK,HYDE PARK,31962
a0F0L00000VAZ8WUAX,2938 HACKBERRY ST,04/11/2019 12:00:00 AM,REHAB,212210,10,59889.75637974,NOT CERTIFIED,,,QUALIFIED,-84.47445507,39.1311300100299,,EAST WALNUT HILLS,EAST WALNUT HILLS,116585
a0F0L00000VAZISUA5,4245 LANGLAND ST,05/08/2019 12:00:00 AM,REHAB,232610,10,65647.02997734,NOT CERTIFIED,,,QUALIFIED,-84.53823174,39.1648644300299,,NORTHSIDE,NORTHSIDE,272500
a0F0L00000VAZIXUA5,2200 VICTORY PW,05/08/2019 12:00:00 AM,REHAB,29530,10,8333.93575182,NOT CERTIFIED,,,QUALIFIED,,,,EAST WALNUT HILLS,N/A,58865
a0F0L00000VAZIcUAP,1561 PULLAN AV,05/08/2019 12:00:00 AM,REHAB,264410,10,74621.60352654,NOT CERTIFIED,,,QUALIFIED,-84.53947029,39.1654086800299,,NORTHSIDE,NORTHSIDE,200000
a0F0L00000VAZIrUAP,3607 BURCH AV,05/09/2019 12:00:00 AM,REHAB,80300,10,22662.2093082,NOT CERTIFIED,,,QUALIFIED,-84.44699297,39.1434796300299,,HYDE PARK,HYDE PARK,107621
a0F0L00000VAZJBUA5,4165 TURRILL ST,05/10/2019 12:00:00 AM,REHAB,275000,10,77610.30585,,,,QUALIFIED,-84.54161966,39.1628158500299,,NORTHSIDE,NORTHSIDE,303340
a0F0L00000VAZMPUA5,2808 PRESTON ST,05/13/2019 12:00:00 AM,REHAB,173610,10,48996.09163134,NOT CERTIFIED,,,QUALIFIED,-84.48287443,39.1299937800299,,WALNUT HILLS,WALNUT HILLS,48100
a0F0L00000VAZSPUA5,3837 MILLSBRAE AV,05/13/2019 12:00:00 AM,REHAB,6870,10,1938.84654978,NOT CERTIFIED,,,QUALIFIED,-84.43996406,39.1491092700299,,OAKLEY,OAKLEY,97600
a0F0L00000VAZiEUAX,5722 WYATT AV,04/01/2019 12:00:00 AM,REHAB,275000,10,77610.30585,NOT CERTIFIED,,,QUALIFIED,-84.41192249,39.1755906600299,,KENNEDY HEIGHTS,KENNEDY HEIGHTS,215000
a0F0L00000VAZm6UAH,1539 TEAKWOOD AV,05/20/2019 12:00:00 AM,REHAB,9380,10,2647.21697772,NOT CERTIFIED,,,QUALIFIED,-84.54591778,39.2069135000299,,COLLEGE HILL,COLLEGE HILL,36879
a0F0L00000VAZmaUAH,3322 COLUMBIA PKWY,05/20/2019 12:00:00 AM,REHAB,275000,10,77610.30585,NOT CERTIFIED,,,QUALIFIED,-84.44120176,39.1189455300299,,COLUMBIA-TUSCULUM,COLUMBIA TUSCULUM,429000
a0F0L00000VAZnOUAX,3090 CELERON AV,05/24/2019 12:00:00 AM,REHAB,104260,10,29424.18359244,NOT CERTIFIED,,,QUALIFIED,-84.43049382,39.1502801500299,,OAKLEY,OAKLEY,80000
a0F0L00000VAZovUAH,15 WEEBETOOK LN,02/15/2019 12:00:00 AM,REHAB,166370,10,46952.82394278,NOT CERTIFIED,,,QUALIFIED,-84.45427791,39.1257862700299,,HYDE PARK,HYDE PARK,148750
a0F0L00000VAaOQUA1,1751 HANFIELD ST,02/05/2019 12:00:00 AM,REHAB,188730,10,53263.24735662,NOT CERTIFIED,,,QUALIFIED,-84.54662434,39.1627980200299,,NORTHSIDE,NORTHSIDE,166300
a0F0L00000VAaOVUA1,3850 MT VERNON AV,02/06/2019 12:00:00 AM,REHAB,115580,10,32618.90600052,NOT CERTIFIED,,,QUALIFIED,-84.43108927,39.1490764300299,,OAKLEY,OAKLEY,68057
a0F0L00000VAaOfUAL,4241 MAD ANTHONY ST,02/07/2019 12:00:00 AM,REHAB,244180,10,68912.30720892,NOT CERTIFIED,,,QUALIFIED,-84.53576634,39.1646039800299,,NORTHSIDE,NORTHSIDE,180146
a0F0L00000VAaOkUAL,2011 FAITH ST,02/11/2019 12:00:00 AM,NEW,275000,10,77610.30585,NOT CERTIFIED,,,QUALIFIED,-84.45760565,39.1789725200299,,BOND HILL,BOND HILL,310000
a0F0L00000VAaOpUAL,1708 FAIRFAX AV,02/19/2019 12:00:00 AM,REHAB,179900,10,50771.2509906,NOT CERTIFIED,,,QUALIFIED,-84.47372551,39.1356524300299,,EVANSTON,EVANSTON,149717
a0F0L00000VAaOuUAL,1825 FAIRFAX AV,02/19/2019 12:00:00 AM,REHAB,242460,10,68426.89002324,NOT CERTIFIED,,,QUALIFIED,-84.47110352,39.1351183900299,,EVANSTON,EVANSTON,168133
a0F0L00000VAaedUAD,3126 ONONTA AVE,04/08/2019 12:00:00 AM,REHAB,109910,10,31018.72260354,NOT CERTIFIED,,,QUALIFIED,-84.4456859090909,39.1217349090909,,COLUMBIA-TUSCULUM,N/A,299781
a0F0L00000VAafHUAT,1554 BRANDON AV,04/10/2019 12:00:00 AM,REHAB,147980,10,41762.81112612,NOT CERTIFIED,,,QUALIFIED,-84.38923055,39.0826798000299,,MOUNT WASHINGTON,MOUNT WASHINGTON,119772
a0F0L00000VAaqvUAD,3174 PORTSMOUTH AV,05/28/2019 12:00:00 AM,NEW,275000,10,77610.30585,NOT CERTIFIED,,,QUALIFIED,-84.42599929,39.1434175300299,,HYDE PARK,HYDE PARK,803740
a0F0L00000VAarAUAT,1616 PLEASANT ST,05/30/2019 12:00:00 AM,NEW,368110,15,155831.61647151,GOLD,,,QUALIFIED,-84.51845495,39.1136401400299,,,OTR,450073
a0F0L00000VAbOqUAL,5760 RHODE ISLAND AV,03/12/2019 12:00:00 AM,NEW,264240,10,74573.62624656,NOT CERTIFIED,,,QUALIFIED,-84.4585832173913,39.1786735652174,,BOND HILL,N/A,244121
a0F0L00000VAberUAD,3816 SPRING HOUSE LN,06/03/2019 12:00:00 AM,NEW,275000,10,77610.30585,,,,QUALIFIED,-84.50059405,39.1551919800299,,NORTH AVONDALE,AVONDALE - NORTH AVONDALE,501825
a0F0L00000VAbmUUAT,3542 BROTHERTON RD,05/13/2019 12:00:00 AM,REHAB,88570,10,24996.16286958,NOT CERTIFIED,,,QUALIFIED,-84.41733893,39.1545307700299,,OAKLEY,OAKLEY,186500
a0F0L00000VCxRtUAL,3463 WABASH AV,06/14/2019 12:00:00 AM,REHAB,162470,10,45852.16869618,NOT CERTIFIED,,,QUALIFIED,-84.46465837,39.1409197900299,,EVANSTON,EVANSTON,87535
a0F0L00000VCxT6UAL,1537 ST LEGER PL,03/12/2019 12:00:00 AM,NEW,275000,10,77610.30585,NOT CERTIFIED,,,QUALIFIED,-84.47787356,39.1379552500299,,EVANSTON,EVANSTON,255000
a0F0L00000VCxixUAD,713 E MCMILLAN AVE,05/30/2019 12:00:00 AM,REHAB,203420,10,57409.04878548,NOT CERTIFIED,,,QUALIFIED,-84.5181034,39.1277522,,WALNUT HILLS,N/A,216500
a0F0L00000VCxjqUAD,1310 CEDAR AV,05/22/2019 12:00:00 AM,NEW,126200,10,35616.0749028,,,,QUALIFIED,-84.54128578,39.1983880500299,,COLLEGE HILL,COLLEGE HILL,
a0F0L00000VCxkoUAD,825 MAIN ST,06/03/2019 12:00:00 AM,REHAB,207700,10,58616.9473638,NOT CERTIFIED,,,QUALIFIED,-84.5105262045454,39.1051046704545,,DOWNTOWN CINCINNATI,N/A,132200
a0F0L00000VCxlXUAT,5219 EBERSOLE AV,03/21/2019 12:00:00 AM,REHAB,143600,10,40526.6906184,NOT CERTIFIED,,,QUALIFIED,-84.39596491,39.1633428700299,,MADISONVILLE,MADISONVILLE,123372
a0F0L00000VCxlcUAD,4933 CHARLEMAR DR,03/21/2019 12:00:00 AM,REHAB,214180,10,60445.72838892,NOT CERTIFIED,,,QUALIFIED,-84.41016307,39.1597729000299,,OAKLEY,MADISONVILLE,145204
a0F0L00000VCxwyUAD,5207 RAVENNA ST,03/25/2019 12:00:00 AM,NEW,216170,10,61007.34478398,NOT CERTIFIED,,,QUALIFIED,-84.39430104,39.1628897400299,,MADISONVILLE,MADISONVILLE,186946
a0F0L00000VCxx3UAD,2730 CLEINVIEW AV,02/22/2019 12:00:00 AM,NEW,400000,15,169331.5764,SILVER,,,QUALIFIED,-84.47368668,39.1292521400299,,EAST WALNUT HILLS,EAST WALNUT HILLS,807023
a0F0L00000VCxx8UAD,458 CONROY ST,02/15/2019 12:00:00 AM,NEW,231440,10,65316.83340336,NOT CERTIFIED,,,QUALIFIED,-84.52807984,39.1228101200299,,CUF,OTR,312481
a0F0L00000VCyB6UAL,1208 CEDAR AV,05/21/2019 12:00:00 AM,NEW,140610,10,39682.85492934,,,,QUALIFIED,-84.54073381,39.1983900500298,,COLLEGE HILL,COLLEGE HILL,158631.5
a0F0L00000VCyFXUA1,2344 KENTON ST,05/13/2019 12:00:00 AM,REHAB,,10,,NOT CERTIFIED,,,QUALIFIED,-84.5124602,39.1014537,,WALNUT HILLS,N/A,50430
a0F0L00000VCyLWUA1,446 DELTA AV,06/07/2019 12:00:00 AM,REHAB,135690,10,38294.33600286,NOT CERTIFIED,,,QUALIFIED,-84.43795188,39.1187895700299,,,COLUMBIA TUSCULUM,110100
a0F0L00000VCyLbUAL,4240 FERGUS ST,05/24/2019 12:00:00 AM,REHAB,112700,10,31806.1144338,NOT CERTIFIED,,,QUALIFIED,-84.53596345,39.1646614900299,,NORTHSIDE,NORTHSIDE,189391
a0F0L00000VCyLgUAL,3235 NASH AV,06/04/2019 12:00:00 AM,REHAB,111810,10,31554.93926214,NOT CERTIFIED,,,QUALIFIED,-84.43201362,39.1251527400299,,MOUNT LOOKOUT,MOUNT LOOKOUT,128307
a0F0L00000VCyLlUAL,716 WAYNE ST,06/10/2019 12:00:00 AM,REHAB,177100,10,49981.0369674,NOT CERTIFIED,,,QUALIFIED,-84.49438133,39.1256150900299,,WALNUT HILLS,WALNUT HILLS,209000
a0F0L00000VCyM5UAL,2136 ST JAMES AV,06/10/2019 12:00:00 AM,REHAB,275000,10,77610.30585,NOT CERTIFIED,,,QUALIFIED,-84.490381,39.1194840400299,,WALNUT HILLS,WALNUT HILLS,595000
a0F0L00000VCydVUAT,430 BOAL ST,07/31/2018 12:00:00 AM,NEW,1104980,15,467770.01322618,PLATINUM,,,QUALIFIED,-84.50762376,39.1139022700299,,MOUNT AUBURN,MOUNT AUBURN,1473945
a0F0L00000VCydaUAD,6507 GLEN AV,04/05/2019 12:00:00 AM,NEW,259610,10,73266.95091534,,,,QUALIFIED,-84.41758892,39.1893088900299,,KENNEDY HEIGHTS,KENNEDY HEIGHTS,237374
a0F0L00000VCydfUAD,116 W FIFTEENTH ST,06/13/2019 12:00:00 AM,NEW,198270,10,55955.61942138,NOT CERTIFIED,,,QUALIFIED,-84.518297,39.111427,,OVER-THE-RHINE,N/A,237807
a0F0L00000VCydpUAD,5846 RHODE ISLAND AV,06/17/2019 12:00:00 AM,NEW,275000,10,77610.30585,NOT CERTIFIED,,,QUALIFIED,-84.45832661,39.1798995800299,,BOND HILL,BOND HILL,
a0F0L00000VCye9UAD,5205 RAVENNA ST,06/12/2019 12:00:00 AM,NEW,202400,10,57121.1851056,NOT CERTIFIED,,,QUALIFIED,-84.39439781,39.1627822400299,,MADISONVILLE,MADISONVILLE,187333
a0F0L00000VCyeJUAT,5733 PEABODY AV,06/07/2019 12:00:00 AM,NEW,183590,10,51812.64018546,NOT CERTIFIED,,,QUALIFIED,-84.39475729,39.1581663100298,,MADISONVILLE,MADISONVILLE,179803
a0F0L00000VCyeOUAT,2558 GRANDIN VIEW LN,10/23/2018 12:00:00 AM,NEW,2159840,15,914322.77992944,PLATINUM,,,QUALIFIED,-84.44427623,39.1240231500299,,HYDE PARK,HYDE PARK,1817621
a0F0L00000VCyeYUAT,3448 WELLSTON PL,11/05/2018 12:00:00 AM,REHAB,275000,10,77610.30585,NOT CERTIFIED,,,QUALIFIED,-84.42383907,39.1381420900299,,MOUNT LOOKOUT,HYDE PARK,280000
a0F0L00000VCyedUAD,1626 WALNUT ST,06/13/2019 12:00:00 AM,REHAB,275000,10,77610.30585,NOT CERTIFIED,,,QUALIFIED,-84.51419994,39.1137509300299,,OVER-THE-RHINE,OTR,268323
a0F0L00000VCyg5UAD,212 W 15TH ST,05/31/2019 12:00:00 AM,NEW,1487750,15,629807.63197275,PLATINUM,,,QUALIFIED,-84.51954055,39.1114569200299,,OVER-THE-RHINE,OTR,1454956
a0F0L00000VCyhXUAT,136 DORSEY ST,03/28/2019 12:00:00 AM,NEW,380790,15,161199.42744339,GOLD,,,QUALIFIED,-84.51297849,39.1176453200299,,MOUNT AUBURN,MOUNT AUBURN,695000
a0F0L00000VCyhcUAD,6003 SIERRA ST,12/19/2018 12:00:00 AM,NEW,136870,10,38627.35476978,NOT CERTIFIED,,,QUALIFIED,-84.39154227,39.1613630900299,,MADISONVILLE,MADISONVILLE,
a0F0L00000VCyi1UAD,737 TWEED AV,05/29/2019 12:00:00 AM,NEW,400000,15,169331.5764,SILVER,,,QUALIFIED,-84.42626638,39.1229815900299,,MOUNT LOOKOUT,MOUNT LOOKOUT,2314890
a0F0L00000VCyp9UAD,1 MERCER ST,05/13/2019 12:00:00 AM,NEW,275000,10,77610.30585,NOT CERTIFIED,,,QUALIFIED,-84.515103,39.110259,,OVER-THE-RHINE,N/A,459000
a0F0L00000VCypJUAT,503 E THIRTEENTH ST,07/01/2019 12:00:00 AM,REHAB,230460,10,65040.25849524,NOT CERTIFIED,,,QUALIFIED,-84.5066850015685,39.1103968,,PENDLETON,N/A,160000
a0F0L00000VCypOUAT,1028 GRANDIN RIDGE DR,06/28/2019 12:00:00 AM,REHAB,194980,10,55027.11794412,NOT CERTIFIED,,,QUALIFIED,-84.43945209,39.1271384700299,,MOUNT LOOKOUT,MOUNT LOOKOUT,371539
a0F0L00000VCyukUAD,3484 ARNOLD ST,06/27/2019 12:00:00 AM,REHAB,63180,10,17830.61499492,NOT CERTIFIED,,,QUALIFIED,-84.41811613,39.1282564100299,,MOUNT LOOKOUT,MOUNT LOOKOUT,159205
a0F0L00000VCyupUAD,1657 PULLAN AV,06/26/2019 12:00:00 AM,REHAB,95730,10,27016.85301462,NOT CERTIFIED,,,QUALIFIED,-84.54330556,39.1651085500299,,NORTHSIDE,NORTHSIDE,361681
a0F0L00000VCzqpUAD,925 MT HOPE AV,05/29/2019 12:00:00 AM,REHAB,0,10,0,NOT CERTIFIED,,,QUALIFIED,-84.55805764,39.1076848000299,,EAST PRICE HILL,EAST PRICE HILL,334343
a0F0L00000VD0DBUA1,2151 STAEBLER ST,02/01/2019 12:00:00 AM,REHAB,77770,10,21948.19449438,NOT CERTIFIED,,,QUALIFIED,-84.55266114,39.1035954800299,,LOWER PRICE HILL,LOWER PRICE HILL,81377
a0F0L00000VD0TnUAL,5866 RHODE ISLAND AV,07/01/2019 12:00:00 AM,NEW,275000,10,77610.30585,NOT CERTIFIED,,,QUALIFIED,-84.45883659,39.1807258600299,,BOND HILL,BOND HILL,310000
a0F0L00000VD0TsUAL,3598 HANDMAN AV,07/02/2019 12:00:00 AM,NEW,671420,15,284231.51756622,PLATINUM,,,QUALIFIED,-84.43246007,39.1174573000299,,COLUMBIA-TUSCULUM,COLUMBIA TUSCULUM,867500
a0F0L00000VD0hwUAD,1231 GRACE AV,06/07/2019 12:00:00 AM,REHAB,275000,10,77610.30585,NOT CERTIFIED,,,QUALIFIED,-84.43218917,39.1328503700299,,,MOUNT LOOKOUT,366200
a0F0L00000VD1G0UAL,2407 COPELEN ST,07/19/2019 12:00:00 AM,NEW,183180,10,51696.93027492,NOT CERTIFIED,,,QUALIFIED,-84.49218079,39.1246796300299,,WALNUT HILLS,WALNUT HILLS,254000
a0F0L00000VD1GFUA1,3752 MT VERNON AV,07/22/2019 12:00:00 AM,NEW,400000,15,169331.5764,SILVER,,,QUALIFIED,-84.43137981,39.1461207100299,,OAKLEY,OAKLEY,505000
a0F0L00000VD1ycUAD,6649 IRIS AV,06/17/2019 12:00:00 AM,REHAB,226060,10,63798.49360164,NOT CERTIFIED,,,QUALIFIED,-84.41251387,39.1907605700299,,KENNEDY HEIGHTS,KENNEDY HEIGHTS,96000
a0F0L00000VD1yhUAD,1573 PULLAN AV,07/12/2019 12:00:00 AM,REHAB,229570,10,64789.08332358,NOT CERTIFIED,,,QUALIFIED,-84.53998222,39.1653733100299,,,NORTHSIDE,125360
a0F0L00000VD29GUAT,3721 KIRKUP AV,06/14/2019 12:00:00 AM,REHAB,31280,10,8827.81951632,NOT CERTIFIED,,,QUALIFIED,-84.40958154,39.1865034400299,,KENNEDY HEIGHTS,KENNEDY HEIGHTS,31634.74
a0F0L00000VD29uUAD,1505 RACE ST,06/21/2019 12:00:00 AM,NEW,275000,10,77610.30585,NOT CERTIFIED,,,QUALIFIED,-84.5173980612245,39.1116607959184,,OVER-THE-RHINE,N/A,541540
a0F0L00000VD2EfUAL,4170 CHAMBERS ST,07/22/2019 12:00:00 AM,NEW,345000,15,146048.484645,PLATINUM,,,QUALIFIED,-84.53378587,39.1625215800299,,NORTHSIDE,NORTHSIDE,307580
a0F0L00000VD2GMUA1,1505 RACE ST,07/18/2019 12:00:00 AM,NEW,260970,10,73650.76915518,NOT CERTIFIED,,,QUALIFIED,-84.5175683,39.1116668700299,,OVER-THE-RHINE,OTR,329633
a0F0L00000VD2GlUAL,3821 MILLSBRAE AV,07/30/2019 12:00:00 AM,NEW,562000,15,237910.864842,GOLD,,,QUALIFIED,-84.44004522,39.1487869200299,,OAKLEY,OAKLEY,691705
a0F0L00000VD2GqUAL,3747 MT VERNON AV,08/07/2019 12:00:00 AM,NEW,562000,15,237910.864842,GOLD,,,QUALIFIED,-84.43187313,39.1459252000299,,OAKLEY,OAKLEY,505000
a0F0L00000VD2Q9UAL,3603 SECTION RD,04/15/2019 12:00:00 AM,REHAB,40020,10,11294.41614588,NOT CERTIFIED,,,QUALIFIED,-84.41206697,39.1942399300298,,KENNEDY HEIGHTS,KENNEDY HEIGHTS,44000
a0F0L00000VD2QEUA1,3975 WARWICK AV,02/21/2019 12:00:00 AM,REHAB,209000,10,58983.832446,NOT CERTIFIED,,,QUALIFIED,-84.49230827,39.1594211500299,,NORTH AVONDALE,NORTH AVONDALE,211500
a0F0L00000VD2QJUA1,2506 MOORMAN AV,02/21/2019 12:00:00 AM,REHAB,275000,10,77610.30585,NOT CERTIFIED,,,QUALIFIED,-84.47645044,39.1249058100299,,EAST WALNUT HILLS,EAST WALNUT HILLS,146000
a0F0L00000VD2QOUA1,3323 MONTEITH AV,02/22/2019 12:00:00 AM,REHAB,190680,10,53813.57497992,NOT CERTIFIED,,,QUALIFIED,-84.43773141,39.1363365500299,,HYDE PARK,HYDE PARK,312740
a0F0L00000VD2QTUA1,3586 PAXTON AV,03/08/2019 12:00:00 AM,REHAB,76890,10,21699.84151566,NOT CERTIFIED,,,QUALIFIED,-84.43334289,39.1419287500299,,HYDE PARK,HYDE PARK,480000
a0F0L00000VD2QYUA1,439 WOOD AV,03/11/2019 12:00:00 AM,REHAB,115190,10,32508.84047586,NOT CERTIFIED,,,QUALIFIED,-84.52380146,39.1490131600299,,CLIFTON,CLIFTON,151494
a0F0L00000VD2QdUAL,1403 MYRTLE AV,03/12/2019 12:00:00 AM,REHAB,203240,10,57358.24931256,NOT CERTIFIED,,,QUALIFIED,-84.4780466,39.1288302600299,,EAST WALNUT HILLS,EAST WALNUT HILLS,140600
a0F0L00000VD2QiUAL,1250 CLIFF LAINE DR,03/12/2019 12:00:00 AM,REHAB,275000,10,77610.30585,NOT CERTIFIED,,,QUALIFIED,-84.41927198,39.1290982400299,,MOUNT LOOKOUT,MOUNT LOOKOUT,490000
a0F0L00000VD2QnUAL,2200 VICTORY PW,03/18/2019 12:00:00 AM,REHAB,105940,10,29898.31200636,NOT CERTIFIED,,,QUALIFIED,,,,EAST WALNUT HILLS,N/A,350000
a0F0L00000VD2QsUAL,105 W CLIFTON AV,03/21/2019 12:00:00 AM,REHAB,267000,10,75352.551498,NOT CERTIFIED,,,QUALIFIED,-84.51854044,39.1191449100299,,CLIFTON,OTR,285000
a0F0L00000VD2QxUAL,767 CLINTON SPRINGS AV,03/15/2019 12:00:00 AM,REHAB,275000,10,77610.30585,NOT CERTIFIED,,,QUALIFIED,-84.48693365,39.1553395900299,,NORTH AVONDALE,AVONDALE - NORTH AVONDALE,376785
a0F0L00000VD2R2UAL,433 CLARK ST,04/08/2019 12:00:00 AM,REHAB,199130,10,56198.32801422,NOT CERTIFIED,,,QUALIFIED,-84.5225313235294,39.1074476764706,,WEST END,N/A,205000
a0F0L00000VD2R7UAL,2266 RICE ST,04/15/2019 12:00:00 AM,REHAB,275000,10,77610.30585,NOT CERTIFIED,,,QUALIFIED,-84.51295724,39.1221626000299,,MOUNT AUBURN,MOUNT AUBURN,100000
a0F0L00000VD2RCUA1,116 W FIFTEENTH ST,06/10/2019 12:00:00 AM,NEW,213740,10,60321.55189956,NOT CERTIFIED,,,QUALIFIED,-84.518297,39.111427,,OVER-THE-RHINE,N/A,249916
a0F0L00000VD2RHUA1,5114 BLAESI ST,04/16/2019 12:00:00 AM,REHAB,129070,10,36426.04427658,NOT CERTIFIED,,,QUALIFIED,-84.38190927,39.1612336500299,,MADISONVILLE,MADISONVILLE,78750
a0F0L00000VD2RMUA1,116 W FIFTEENTH ST,06/10/2019 12:00:00 AM,NEW,210410,10,59381.76165054,NOT CERTIFIED,,,QUALIFIED,-84.518297,39.111427,,OVER-THE-RHINE,N/A,249243
a0F0L00000VD3RPUA1,5639 ISLINGTON AV,06/14/2019 12:00:00 AM,REHAB,125530,10,35426.98797582,NOT CERTIFIED,,,QUALIFIED,-84.39754074,39.1499112500299,,MADISONVILLE,MADISONVILLE,108690
a0F0L00000VD3YBUA1,2701 JOHNSTONE PL,06/20/2019 12:00:00 AM,REHAB,189970,10,53613.19928118,NOT CERTIFIED,,,QUALIFIED,-84.4729851,39.1272618700299,,WALNUT HILLS,EAST WALNUT HILLS,280327
a0F0L00000VD3YGUA1,1532 REPUBLIC ST,06/21/2019 12:00:00 AM,REHAB,275000,10,77610.30585,NOT CERTIFIED,,,QUALIFIED,-84.51654708,39.1126023000299,,OVER-THE-RHINE,OTR,389000
a0F0L00000VD4XAUA1,4724 WINONA TER,07/03/2019 12:00:00 AM,REHAB,275000,10,77610.30585,NOT CERTIFIED,,,QUALIFIED,-84.38711952,39.1573579700299,,MADISONVILLE,MADISONVILLE,260956
a0F0L00000VD4XjUAL,503 E THIRTEENTH ST,07/03/2019 12:00:00 AM,REHAB,275000,10,77610.30585,NOT CERTIFIED,,,QUALIFIED,-84.5066850015685,39.1103968,,PENDLETON,N/A,245000
a0F0L00000VD4ZzUAL,3304 BROTHERTON RD,07/03/2019 12:00:00 AM,REHAB,92570,10,26125.04004558,NOT CERTIFIED,,,QUALIFIED,-84.42453691,39.1539485100299,,OAKLEY,OAKLEY,35000
a0F0L00000VD68eUAD,630 ORIENT AV,04/16/2019 12:00:00 AM,REHAB,135730,10,38305.62477462,NOT CERTIFIED,,,QUALIFIED,-84.51429974,39.1723447400299,,SPRING GROVE VILLAGE,SPRING GROVE VILLAGE,116189.76
a0F0L00000VD68tUAD,4132 MAD ANTHONY ST,06/27/2019 12:00:00 AM,REHAB,237880,10,67134.32565672,NOT CERTIFIED,,,QUALIFIED,-84.53509424,39.1611301200299,,NORTHSIDE,NORTHSIDE,90000
a0F0L00000VD68yUAD,114 E CLIFTON AV,07/03/2019 12:00:00 AM,REHAB,181270,10,51157.89142338,NOT CERTIFIED,,,QUALIFIED,-84.51476871,39.1164016100299,,OVER-THE-RHINE,OTR,184947
a0F0L00000VD6PgUAL,1851 HANFIELD ST,08/30/2019 12:00:00 AM,REHAB,208280,10,58780.63455432,NOT CERTIFIED,,,QUALIFIED,-84.55055644,39.1637189000299,,,NORTHSIDE,262665
a0F0L00000VDALWUA5,3572 HANDMAN AV,08/13/2019 12:00:00 AM,NEW,562000,15,237910.864842,GOLD,,,QUALIFIED,-84.43426425,39.1174372100299,,COLUMBIA-TUSCULUM,COLUMBIA TUSCULUM,560942
a0F0L00000VDALbUAP,3572 1/2 HANDMAN AV,09/13/2019 12:00:00 AM,NEW,562000,15,237910.864842,GOLD,,,QUALIFIED,-84.4341946,39.1174347800299,,COLUMBIA-TUSCULUM,COLUMBIA TUSCULUM,584573
a0F0L00000VDALgUAP,3570 HANDMAN AV,08/14/2019 12:00:00 AM,NEW,562000,15,237910.864842,GOLD,,,QUALIFIED,-84.43436373,39.1174367300299,,COLUMBIA-TUSCULUM,COLUMBIA TUSCULUM,582262
a0F0L00000VDALvUAP,3264 LINWOOD AV,08/19/2019 12:00:00 AM,NEW,562000,15,237910.864842,GOLD,05/03/2022 12:00:00 AM,,QUALIFIED,-84.42821602,39.1272189800299,,MOUNT LOOKOUT,MOUNT LOOKOUT,584900
a0F0L00000VDB4FUAX,1722 ELM ST,08/09/2019 12:00:00 AM,REHAB,0,10,0,NOT CERTIFIED,,,QUALIFIED,-84.5196293589744,39.1146694102564,,OVER-THE-RHINE,N/A,454450
a0F0L00000VDBRdUAP,130 E CLIFTON AV,07/03/2019 12:00:00 AM,REHAB,182750,10,51575.5759785,NOT CERTIFIED,,,QUALIFIED,-84.51431786,39.1159849500299,,OVER-THE-RHINE,OTR,270647
a0F0L00000VDBRnUAP,5543 TOMPKINS AV,07/08/2019 12:00:00 AM,REHAB,245240,10,69211.45966056,NOT CERTIFIED,,,QUALIFIED,-84.39790541,39.1568214500299,,MADISONVILLE,MADISONVILLE,189800
a0F0L00000VDBSCUA5,1976 KINNEY AV,07/08/2019 12:00:00 AM,REHAB,149750,10,42262.3392765,NOT CERTIFIED,,,QUALIFIED,-84.46481928,39.1361404100299,,EVANSTON,EVANSTON,202824
a0F0L00000VDBSRUA5,3687 TRASKWOOD CIR,07/15/2019 12:00:00 AM,REHAB,35650,10,10061.1178311,NOT CERTIFIED,,,QUALIFIED,-84.40871353,39.1426418200299,,HYDE PARK,HYDE PARK,83251
a0F0L00000VDBVOUA5,112 E UNIVERSITY AV,07/25/2019 12:00:00 AM,REHAB,156750,10,44237.8743345,NOT CERTIFIED,,,QUALIFIED,-84.50691187,39.1329407900299,,CORRYVILLE,CORRYVILLE,143503
a0F0L00000VDGoeUAH,2874 VICTORIA AV,07/26/2019 12:00:00 AM,REHAB,186360,10,52594.38762984,NOT CERTIFIED,,,QUALIFIED,-84.43601036,39.1424387100299,,HYDE PARK,HYDE PARK,324000
a0F0L00000VDHL9UAP,4230 BADGELEY ST,02/02/2014 12:00:00 AM,NEW,219690,15,93001.13504829,SILVER,,,QUALIFIED,-84.55072752,39.1664028800299,,NORTHSIDE,NORTHSIDE,206191
a0F0L00000VDHViUAP,3011 CLEINVIEW AV,07/05/2019 12:00:00 AM,REHAB,162560,10,45877.56843264,NOT CERTIFIED,,,QUALIFIED,-84.47370238,39.1320771200299,,EVANSTON,EVANSTON,160700
a0F0L00000VDHVsUAP,1505 RACE ST,08/16/2019 12:00:00 AM,NEW,251510,10,70980.97463394,NOT CERTIFIED,,,QUALIFIED,-84.5173980612245,39.1116607959184,,OVER-THE-RHINE,N/A,278843
a0F0L00000VDHVxUAP,116 W FIFTEENTH ST,08/30/2019 12:00:00 AM,NEW,205750,10,58066.6197405,NOT CERTIFIED,,,QUALIFIED,-84.518297,39.111427,,OVER-THE-RHINE,N/A,242516
a0F0L00000VDJLXUA5,3266 LINWOOD AV,08/19/2019 12:00:00 AM,NEW,562000,15,237910.864842,GOLD,05/03/2022 12:00:00 AM,,QUALIFIED,-84.42810662,39.1272153100299,,MOUNT LOOKOUT,MOUNT LOOKOUT,635114
a0F0L00000VDJYxUAP,6309 CHANDLER ST,09/13/2019 12:00:00 AM,REHAB,204270,10,57648.93518538,NOT CERTIFIED,,,QUALIFIED,-84.38690607,39.1630086400299,,MADISONVILLE,MADISONVILLE,175382
a0F0L00000VDKFgUAP,3036 LAVINIA AV,08/29/2019 12:00:00 AM,NEW,562000,15,237910.864842,GOLD,,,QUALIFIED,-84.45999833,39.1342405700299,,EVANSTON,HYDE PARK,539717
a0F0L00000VDKhwUAH,21 ARCADIA PL,07/15/2019 12:00:00 AM,REHAB,86030,10,24279.32586282,NOT CERTIFIED,,,QUALIFIED,-84.43989921,39.1349106700299,,HYDE PARK,HYDE PARK,128961
a0F0L00000VDKi1UAH,935 PARADROME ST,07/18/2019 12:00:00 AM,REHAB,216910,10,61216.18706154,NOT CERTIFIED,,,QUALIFIED,-84.49788886,39.1098884600299,,MOUNT ADAMS,MOUNT ADAMS,245845
a0F0L00000VDKi6UAH,566 DELTA AV,07/18/2019 12:00:00 AM,REHAB,91750,10,25893.6202245,NOT CERTIFIED,,,QUALIFIED,-84.43622959,39.1210741600299,,COLUMBIA-TUSCULUM,COLUMBIA TUSCULUM,115632
a0F0L00000VDKjTUAX,3975 MARBURG AV,07/22/2019 12:00:00 AM,REHAB,187030,10,52783.47455682,NOT CERTIFIED,,,QUALIFIED,-84.42206925,39.1508905500299,,OAKLEY,OAKLEY,83275
a0F0L00000VDKjiUAH,877 GRANDIN VIEW DR,09/03/2019 12:00:00 AM,NEW,562000,15,237910.864842,GOLD,,,QUALIFIED,-84.44529172,39.1251732900299,,HYDE PARK,HYDE PARK,1295536
a0F0L00000VDKoTUAX,1227 IDA ST,07/22/2019 12:00:00 AM,REHAB,275000,10,77610.30585,NOT CERTIFIED,,,QUALIFIED,-84.49931255,39.1099352300299,,MOUNT ADAMS,MOUNT ADAMS,611225
a0F0L00000VDKoiUAH,3677 TRASKWOOD CIR,07/24/2019 12:00:00 AM,REHAB,39900,10,11260.5498306,NOT CERTIFIED,,,QUALIFIED,-84.40874148,39.1420876000299,,HYDE PARK,HYDE PARK,246924
a0F0L00000VDKyOUAX,206 WADE ST,07/30/2019 12:00:00 AM,REHAB,400000,10,112887.7176,SILVER,02/11/2022 12:00:00 AM,,QUALIFIED,-84.51975793,39.1127088800299,,OVER-THE-RHINE,OTR,301099
a0F0L00000VDKyTUAX,208 WADE ST,07/30/2019 12:00:00 AM,REHAB,344090,10,97108.83687246,GOLD,04/12/2022 12:00:00 AM,,QUALIFIED,-84.51982103,39.1126968000299,,OVER-THE-RHINE,OTR,352358
a0F0L00000VDKyYUAX,210 WADE ST,07/30/2019 12:00:00 AM,NEW,449950,15,190476.85700295,GOLD,04/22/2022 12:00:00 AM,,QUALIFIED,-84.51989471,39.1126845300299,,OVER-THE-RHINE,OTR,353272
a0F0L00000VDKydUAH,211 KEMP AL,07/30/2019 12:00:00 AM,NEW,449950,15,190476.85700295,GOLD,,,QUALIFIED,-84.51993092,39.1128404400299,,OVER-THE-RHINE,OTR,348418
a0F0L00000VDKyiUAH,213 KEMP AL,07/30/2019 12:00:00 AM,NEW,562000,15,237910.864842,GOLD,02/24/2022 12:00:00 AM,,QUALIFIED,-84.52000451,39.1128254200299,,OVER-THE-RHINE,OTR,345270
a0F0L00000VDKynUAH,212 WADE ST,07/30/2019 12:00:00 AM,REHAB,261350,10,73758.0124869,SILVER,02/10/2022 12:00:00 AM,,QUALIFIED,-84.51996642,39.1126671000299,,OVER-THE-RHINE,OTR,304699
a0F0L00000VDKysUAH,207 KEMP AL,07/30/2019 12:00:00 AM,REHAB,400000,10,112887.7176,SILVER,02/10/2022 12:00:00 AM,,QUALIFIED,-84.51980102,39.1128591800299,,OVER-THE-RHINE,OTR,329520
a0F0L00000VDKyxUAH,209 KEMP AL,07/30/2019 12:00:00 AM,REHAB,400000,10,112887.7176,,,,QUALIFIED,-84.51986068,39.1128499000299,,OVER-THE-RHINE,OTR,406135
a0F0L00000VDKz2UAH,221 KEMP AL,07/30/2019 12:00:00 AM,REHAB,562000,10,158607.243228,,,,QUALIFIED,-84.52009549,39.1128018700299,,OVER-THE-RHINE,OTR,395176
a0F0L00000VDL0AUAX,1315 SPRING ST,07/31/2019 12:00:00 AM,REHAB,123750,10,34924.6376325,NOT CERTIFIED,,,QUALIFIED,-84.50809183,39.1108615500299,,PENDLETON,PENDLETON,120531
a0F0L00000VDL76UAH,871 GRANDIN VIEW DR,09/13/2019 12:00:00 AM,NEW,2257980,15,955868.28219918,PLATINUM,,,QUALIFIED,-84.44560926,39.1249262900299,,HYDE PARK,HYDE PARK,1397360
a0F0L00000VDL7BUAX,32 E UNIVERSITY AV,08/02/2019 12:00:00 AM,REHAB,198040,10,55890.70898376,NOT CERTIFIED,,,QUALIFIED,-84.50784262,39.1329707200299,,CORRYVILLE,CORRYVILLE,179331
a0F0L00000VDL7QUAX,4012 WHETSEL AV,09/13/2019 12:00:00 AM,NEW,275000,10,77610.30585,NOT CERTIFIED,,,QUALIFIED,-84.39355257,39.1497165400299,,MADISONVILLE,MADISONVILLE,319118.15
a0F0L00000VDL7aUAH,3626 RUSSELL AV,09/13/2019 12:00:00 AM,NEW,781770,15,330945.86620557,PLATINUM,,,QUALIFIED,-84.41418693,39.1273917500299,,LINWOOD,LINWOOD,875000
a0F0L00000VDL7fUAH,116 W FIFTEENTH ST,09/16/2019 12:00:00 AM,NEW,220440,10,62212.42116936,NOT CERTIFIED,,,QUALIFIED,-84.518297,39.111427,,OVER-THE-RHINE,N/A,253279.87
a0F0L00000VDLDyUAP,207 W MCMICKEN AV,08/05/2019 12:00:00 AM,REHAB,275000,10,77610.30585,NOT CERTIFIED,,,QUALIFIED,-84.52121457,39.1189775900299,,OVER-THE-RHINE,OTR,423387
a0F0L00000VDLEDUA5,575 ELBERON AV,08/22/2019 12:00:00 AM,REHAB,,10,,NOT CERTIFIED,,,QUALIFIED,-84.5124602,39.1014537,,EAST PRICE HILL,N/A,127759
a0F0L00000VDLErUAP,3141 DURRELL AV,08/22/2019 12:00:00 AM,REHAB,164640,10,46464.58456416,NOT CERTIFIED,,,QUALIFIED,-84.47851959,39.1363671400299,,EVANSTON,EVANSTON,120000
a0F0L00000VDLF1UAP,3265 LAMBERT PL,08/26/2019 12:00:00 AM,REHAB,231900,10,65446.6542786,NOT CERTIFIED,,,QUALIFIED,-84.42534925,39.1293138200299,,MOUNT LOOKOUT,MOUNT LOOKOUT,252790
a0F0L00000VDLFVUA5,3743 MAYFIELD AV,08/26/2019 12:00:00 AM,REHAB,68290,10,19272.75558726,NOT CERTIFIED,,,QUALIFIED,-84.57428013,39.1156218000299,,WEST PRICE HILL,EAST PRICE HILL,172500
a0F0L00000VDLG4UAP,3429 EVANSTON AV,08/26/2019 12:00:00 AM,REHAB,149950,10,42318.7831353,NOT CERTIFIED,,,QUALIFIED,-84.46375259,39.1393741400299,,EVANSTON,EVANSTON,77080
a0F0L00000VDLG9UAP,1733 E MCMILLAN AVE,08/30/2019 12:00:00 AM,REHAB,275000,10,77610.30585,NOT CERTIFIED,,,QUALIFIED,-84.5181034,39.1277522,,EAST WALNUT HILLS,N/A,221320.33
a0F0L00000VDLGEUA5,E MCMILLAN AVE,08/30/2019 12:00:00 AM,REHAB,184720,10,52131.54798768,NOT CERTIFIED,,,QUALIFIED,-84.5181034,39.1277522,,WALNUT HILLS,N/A,219000
a0F0L00000VDLGsUAP,1411 APJONES ST,09/03/2019 12:00:00 AM,REHAB,121790,10,34371.48781626,NOT CERTIFIED,,,QUALIFIED,-84.53471878,39.1647789100299,,NORTHSIDE,NORTHSIDE,73777.6
a0F0L00000VDLH2UAP,3543 VISTA AV,09/04/2019 12:00:00 AM,REHAB,149770,10,42267.98366238,NOT CERTIFIED,,,QUALIFIED,-84.45700124,39.1421041500299,,HYDE PARK,HYDE PARK,169358.75
a0F0L00000VDLH7UAP,1335 PAXTON AV,08/07/2019 12:00:00 AM,REHAB,275000,10,77610.30585,NOT CERTIFIED,,,QUALIFIED,-84.43456086,39.1360283700299,,HYDE PARK,HYDE PARK,243444.97
a0F0L00000VDLHHUA5,3636 MICHIGAN AV,09/16/2019 12:00:00 AM,NEW,917010,15,388196.87218641,PLATINUM,,,QUALIFIED,-84.44101551,39.1437165300299,,HYDE PARK,HYDE PARK,1087700
a0F0L00000VDLHRUA5,5764 RHODE ISLAND AV,09/23/2019 12:00:00 AM,NEW,275000,10,77610.30585,NOT CERTIFIED,,,QUALIFIED,-84.458577826087,39.1787203478261,,BOND HILL,N/A,305772.64
a0F0L00000VDLHgUAP,5357 GRAND VISTA CT,09/26/2019 12:00:00 AM,NEW,275000,10,77610.30585,NOT CERTIFIED,,,QUALIFIED,-84.38628322,39.1655112500299,,MADISONVILLE,MADISONVILLE,438940
a0F0L00000VDLJwUAP,2528 FOXCOVE CT,09/27/2019 12:00:00 AM,NEW,178490,10,50373.32178606,NOT CERTIFIED,,,QUALIFIED,-84.57877529,39.1497191700299,,WESTWOOD,WESTWOOD,120000
a0F0L00000VDLK1UAP,540 SLACK ST,10/03/2019 12:00:00 AM,NEW,475220,15,201174.37934202,GOLD,,,QUALIFIED,-84.50494405,39.1146270100299,,MOUNT AUBURN,MOUNT AUBURN,399139.27
a0F0L00000VDLKpUAP,3645 SHAW AV,10/04/2019 12:00:00 AM,NEW,562000,15,237910.864842,GOLD,,,QUALIFIED,-84.44016536,39.1439583300299,,HYDE PARK,HYDE PARK,737620.54
a0F0L00000VDLLTUA5,542 SLACK ST,10/04/2019 12:00:00 AM,NEW,459380,15,194468.84891658,GOLD,,,QUALIFIED,-84.5048486,39.1146176700299,,MOUNT AUBURN,MOUNT AUBURN,341809
a0F0L00000VDLLYUA5,3301 CLARAMONT AV,10/03/2019 12:00:00 AM,NEW,562000,15,237910.864842,GOLD,,,QUALIFIED,-84.42361151,39.1486678000299,,OAKLEY,OAKLEY,612231
a0F0L00000VDLLdUAP,2524 FOXCOVE CT,10/11/2019 12:00:00 AM,NEW,178490,10,50373.32178606,NOT CERTIFIED,,,QUALIFIED,-84.57905845,39.1497525400299,,WESTWOOD,WESTWOOD,120000
a0F0L00000VDLLsUAP,3214 WALWORTH AV,10/16/2019 12:00:00 AM,NEW,275000,10,77610.30585,NOT CERTIFIED,,,QUALIFIED,-84.4441373,39.1195078300299,,EAST END,COLUMBIA TUSCULUM - EAST END,407734.59
a0F0L00000VDLLxUAP,3212 WALWORTH AV,10/16/2019 12:00:00 AM,NEW,275000,10,77610.30585,NOT CERTIFIED,,,QUALIFIED,-84.44416962,39.1195292600299,,EAST END,COLUMBIA TUSCULUM - EAST END,407734.59
a0F0L00000VDLU3UAP,3138 BELLEWOOD AV,08/12/2019 12:00:00 AM,REHAB,67620,10,19083.66866028,NOT CERTIFIED,,,QUALIFIED,-84.42959235,39.1783840500298,,PLEASANT RIDGE,PLEASANT RIDGE,61060
a0F0L00000VDLUDUA5,6659 KENNEDY AV,08/12/2019 12:00:00 AM,REHAB,136290,10,38463.66757926,NOT CERTIFIED,,,QUALIFIED,-84.41526089,39.1905403200299,,KENNEDY HEIGHTS,KENNEDY HEIGHTS,106697.9
a0F0L00000VDLUIUA5,3639 RAVENWOOD AV,08/12/2019 12:00:00 AM,REHAB,197810,10,55825.79854614,NOT CERTIFIED,,,QUALIFIED,-84.41259104,39.1833021200299,,KENNEDY HEIGHTS,KENNEDY HEIGHTS,165447.34
a0F0L00000VDLUSUA5,3443 ARNOLD ST,08/12/2019 12:00:00 AM,REHAB,412660,10,116460.61386204,NOT CERTIFIED,,OWNER-OCCUPIED,QUALIFIED,-84.41977462,39.1279040700299,,MOUNT LOOKOUT,MOUNT LOOKOUT,209276.05
a0F0L00000VDLUwUAP,2304 ST JAMES AVE,08/12/2019 12:00:00 AM,REHAB,115740,10,32664.06108756,NOT CERTIFIED,,,QUALIFIED,-84.4897005714286,39.122615,,WALNUT HILLS,N/A,155000
a0F0L00000VDLV1UAP,713 E MCMILLAN ST,08/13/2019 12:00:00 AM,REHAB,275000,10,77610.30585,NOT CERTIFIED,,,QUALIFIED,-84.49449074,39.1260371200299,,WALNUT HILLS,WALNUT HILLS,279500
a0F0L00000VDLVfUAP,2855 PINEGROVE AV,08/13/2019 12:00:00 AM,REHAB,275000,10,77610.30585,NOT CERTIFIED,,,QUALIFIED,-84.43717585,39.1405545200299,,HYDE PARK,HYDE PARK,265000
a0F0L00000VJv9tUAD,3319 MENLO AV,10/24/2019 12:00:00 AM,NEW,1177850,15,498617.99315685,PLATINUM,,,QUALIFIED,-84.45092695,39.1367919300299,,HYDE PARK,HYDE PARK,1706463.15
a0F0L00000VJv9yUAD,110 W 15TH ST,10/31/2019 12:00:00 AM,NEW,227000,10,64063.779738,NOT CERTIFIED,,,QUALIFIED,-84.51777931,39.1115202800299,,OVER-THE-RHINE,OTR,253616.23
a0F0L00000VJvBaUAL,3025 SPRINGER AV,09/12/2019 12:00:00 AM,REHAB,,10,,NOT CERTIFIED,,,QUALIFIED,-84.5124602,39.1014537,,HYDE PARK,N/A,57001.76
a0F0L00000VJvBfUAL,1800 RACE ST,08/20/2019 12:00:00 AM,REHAB,247070,10,69727.92096858,GOLD,,,QUALIFIED,-84.5180901,39.1155861,,OVER-THE-RHINE,N/A,300000
a0F0L00000VJvBkUAL,1800 RACE ST,08/20/2019 12:00:00 AM,REHAB,562000,10,158607.243228,GOLD,,,QUALIFIED,-84.5180901,39.1155861,,OVER-THE-RHINE,N/A,742000
a0F0L00000VJvCOUA1,116 W FIFTEENTH ST,10/31/2019 12:00:00 AM,NEW,210000,10,59266.05174,NOT CERTIFIED,,,QUALIFIED,-84.518297,39.111427,,OVER-THE-RHINE,N/A,265725.23
a0F0L00000VJvCYUA1,116 W FIFTEENTH ST,10/31/2019 12:00:00 AM,NEW,198270,10,55955.61942138,NOT CERTIFIED,,,QUALIFIED,-84.518297,39.111427,,OVER-THE-RHINE,N/A,237807.26
a0F0L00000VJvCdUAL,116 W FIFTEENTH ST,10/31/2019 12:00:00 AM,NEW,205750,10,58066.6197405,NOT CERTIFIED,,,QUALIFIED,-84.518297,39.111427,,OVER-THE-RHINE,N/A,242516.31
a0F0L00000VJvCiUAL,116 W FIFTEENTH ST,10/31/2019 12:00:00 AM,NEW,213740,10,60321.55189956,NOT CERTIFIED,,,QUALIFIED,-84.518297,39.111427,,OVER-THE-RHINE,N/A,249916.26
a0F0L00000VJvCnUAL,116 W FIFTEENTH ST,10/31/2019 12:00:00 AM,NEW,230000,10,64910.43762,NOT CERTIFIED,,,QUALIFIED,-84.518297,39.111427,,OVER-THE-RHINE,N/A,265725.23
a0F0L00000VJvCsUAL,1505 RACE ST,10/31/2019 12:00:00 AM,NEW,270000,10,76199.20938,NOT CERTIFIED,,,QUALIFIED,-84.5173980612245,39.1116607959184,,OVER-THE-RHINE,N/A,429533.05
a0F0L00000VJvD2UAL,2841 OBSERVATORY AV,08/20/2019 12:00:00 AM,REHAB,105130,10,29669.71437822,NOT CERTIFIED,,,QUALIFIED,-84.43728628,39.1369470800299,,,HYDE PARK,201296.27
a0F0L00000VJvDCUA1,4133 WITLER ST,07/23/2019 12:00:00 AM,REHAB,89230,10,25182.42760362,NOT CERTIFIED,,,QUALIFIED,-84.54533732,39.1621890700299,,,NORTHSIDE,61284
a0F0L00000VJvDRUA1,2200 VICTORY PW,09/04/2019 12:00:00 AM,REHAB,118370,10,33406.29783078,NOT CERTIFIED,,,QUALIFIED,,,,EAST WALNUT HILLS,N/A,69013.59
a0F0L00000VJvDWUA1,4319 32ND AV,09/04/2019 12:00:00 AM,REHAB,550000,10,155220.6117,NOT CERTIFIED,,,QUALIFIED,-84.43557452,39.1551481000299,,OAKLEY,OAKLEY,253817
a0F0L00000VJvFUUA1,717 E MCMILLAN ST,09/05/2019 12:00:00 AM,REHAB,173730,10,49029.95794662,NOT CERTIFIED,,,QUALIFIED,-84.49430678,39.1260179400299,,WALNUT HILLS,WALNUT HILLS,174719
a0F0L00000VJvFZUA1,3229 WOODBURN AV,09/03/2019 12:00:00 AM,REHAB,264780,10,74726.02466532,NOT CERTIFIED,,,QUALIFIED,-84.47619621,39.1367492300299,,EVANSTON,EVANSTON,302000
a0F0L00000VJvFeUAL,535 FAIRWAY LN,09/06/2019 12:00:00 AM,REHAB,311150,10,87812.5333281,NOT CERTIFIED,,,QUALIFIED,-84.40913835,39.0720427700299,,CALIFORNIA,CALIFORNIA,137579
a0F0L00000VJvFjUAL,4501 PLAINVILLE RD,09/09/2019 12:00:00 AM,REHAB,149720,10,42253.87269768,NOT CERTIFIED,,,QUALIFIED,-84.38070577,39.1540917900299,,MADISONVILLE,MADISONVILLE,100000
a0F0L00000VJvFtUAL,1313 KNOWLTON ST,09/09/2019 12:00:00 AM,REHAB,228460,10,64475.81990724,NOT CERTIFIED,,,QUALIFIED,-84.53318295,39.1612034700299,,NORTHSIDE,NORTHSIDE,234106.95
a0F0L00000VJvG3UAL,1307 CHASE AV,09/10/2019 12:00:00 AM,REHAB,210170,10,59314.02901998,NOT CERTIFIED,,,QUALIFIED,-84.5330393,39.1629694100299,,NORTHSIDE,NORTHSIDE,124006
a0F0L00000VJvGTUA1,1333 MYRTLE AV,09/12/2019 12:00:00 AM,REHAB,105070,10,29652.78122058,NOT CERTIFIED,,,QUALIFIED,-84.48116807,39.1290894800299,,WALNUT HILLS,EAST WALNUT HILLS,92501.29
a0F0L00000VJvGYUA1,2979 SPRINGER AV,09/12/2019 12:00:00 AM,REHAB,235270,10,66397.73329938,NOT CERTIFIED,,,QUALIFIED,-84.43115905,39.1353581700299,,HYDE PARK,HYDE PARK,323085.24
a0F0L00000VJvHCUA1,1846 WEST FORK RD,09/19/2019 12:00:00 AM,REHAB,196950,10,55583.0899533,NOT CERTIFIED,,,QUALIFIED,-84.5633111391747,39.1606585770117,,NORTHSIDE,N/A,187615
a0F0L00000VJvHRUA1,3638 TAMARACK AV,09/24/2019 12:00:00 AM,REHAB,157420,10,44426.96126148,NOT CERTIFIED,,,QUALIFIED,-84.45392745,39.1449478700299,,HYDE PARK,HYDE PARK,48400
a0F0L00000VJvHWUA1,1629 PLEASANT ST,09/24/2019 12:00:00 AM,REHAB,259450,10,73221.7958283,NOT CERTIFIED,,,QUALIFIED,-84.51885876,39.1139774500299,,OVER-THE-RHINE,OTR,399464
a0F0L00000VJvHlUAL,26 W ELDER ST,08/09/2019 12:00:00 AM,REHAB,400000,10,112887.7176,SILVER,,,QUALIFIED,-84.51744125,39.11564225,,OVER-THE-RHINE,N/A,525000
a0F0L00000VJvHvUAL,454 KLOTTER AV,09/27/2019 12:00:00 AM,REHAB,162030,10,45727.99220682,NOT CERTIFIED,,,QUALIFIED,-84.52793311,39.1224832100299,,CUF,OTR,205395.81
a0F0L00000VJvI0UAL,5 FOX ST,09/27/2019 12:00:00 AM,REHAB,58860,10,16611.42764484,NOT CERTIFIED,,,QUALIFIED,-84.52516922,39.1239452400299,,CUF,CUF,43208.26
a0F0L00000VJvIAUA1,1533 REPUBLIC ST,09/30/2019 12:00:00 AM,REHAB,400000,10,112887.7176,SILVER,03/17/2023 12:00:00 AM,,QUALIFIED,-84.51688239,39.1125813300299,,OVER-THE-RHINE,OTR,425000
a0F0L00000VJvIPUA1,503 E 13TH ST,10/03/2019 12:00:00 AM,REHAB,230270,10,64986.63682938,NOT CERTIFIED,,,QUALIFIED,-84.50666526,39.1104557400299,,PENDLETON,PENDLETON,180000
a0F0L00000VJvJhUAL,2425 RIVERSIDE DR,10/01/2019 12:00:00 AM,NEW,1086800,15,460073.8930788,PLATINUM,,,QUALIFIED,-84.46455012,39.1238021400299,,EAST END,EAST END,1516525
a0F0L00000VJvJrUAL,459 PURCELL AV,10/01/2019 12:00:00 AM,REHAB,167080,10,47153.19964152,NOT CERTIFIED,,,QUALIFIED,-84.5655825,39.0997745300299,,EAST PRICE HILL,EAST PRICE HILL,100000
a0F0L00000VJvK1UAL,3580 MADISON PARK AV,09/25/2019 12:00:00 AM,REHAB,92500,10,26105.284695,NOT CERTIFIED,,,QUALIFIED,-84.41845124,39.1590733800299,,OAKLEY,OAKLEY,88250
a0F0L00000VJvKGUA1,1635 COOPER ST,10/11/2019 12:00:00 AM,REHAB,105200,10,29689.4697288,NOT CERTIFIED,,,QUALIFIED,-84.54162221,39.1575843600299,,NORTHSIDE,NORTHSIDE,80850
a0F0L00000VJvKVUA1,1625 PLEASANT ST,10/08/2019 12:00:00 AM,REHAB,254410,10,71799.41058654,GOLD,,,QUALIFIED,-84.51884995,39.1138727000299,,OVER-THE-RHINE,OTR,226572
a0F0L00000VJvOsUAL,6122 NAVARRE PL,10/10/2019 12:00:00 AM,REHAB,275000,10,77610.30585,NOT CERTIFIED,,,QUALIFIED,-84.38990764,39.1571272800299,,MADISONVILLE,MADISONVILLE,189336
a0F0L00000VJvVHUA1,2303 KEMPER LN,10/10/2019 12:00:00 AM,REHAB,105750,10,29844.6903405,NOT CERTIFIED,,,QUALIFIED,-84.48854998,39.1224375400299,,WALNUT HILLS,WALNUT HILLS,68407
a0F0L00000VJvVMUA1,2503 HANDASYDE CT,10/07/2019 12:00:00 AM,REHAB,275000,10,77610.30585,NOT CERTIFIED,,,QUALIFIED,-84.45062863,39.1350761200299,,HYDE PARK,HYDE PARK,825580
a0F0L00000VJwDxUAL,2353 KENTON ST,10/16/2019 12:00:00 AM,REHAB,119730,10,33790.11607062,NOT CERTIFIED,,,QUALIFIED,-84.4945904,39.1245732100299,,WALNUT HILLS,WALNUT HILLS,225000
a0F0L00000VJwFUUA1,1336 GRACE AV,10/15/2019 12:00:00 AM,REHAB,275000,10,77610.30585,NOT CERTIFIED,,,QUALIFIED,-84.43184222,39.1359443500299,,HYDE PARK,HYDE PARK,368708.63
a0F0L00000VJwFoUAL,411 PLUM ST,10/21/2019 12:00:00 AM,REHAB,368660,10,104042.96492604,GOLD,,,QUALIFIED,-84.5177065714286,39.0996027142857,,DOWNTOWN CINCINNATI,N/A,475000
a0F0L00000VJwHkUAL,2356 PARK AVE,10/22/2019 12:00:00 AM,REHAB,55750,10,15733.7256405,NOT CERTIFIED,,,QUALIFIED,-84.48623,39.1246,,WALNUT HILLS,N/A,162705
a0F0L00000VJwK0UAL,113 DORSEY ST,07/22/2019 12:00:00 AM,REHAB,62440,10,17621.77271736,NOT CERTIFIED,,,QUALIFIED,-84.51372974,39.1178780700299,,MOUNT AUBURN,MOUNT AUBURN,48725
a0F0L00000VJwOqUAL,1507 BLAIR AV,10/28/2019 12:00:00 AM,REHAB,212590,10,59996.99971146,NOT CERTIFIED,,,QUALIFIED,-84.47861151,39.1399593900299,,EVANSTON,EVANSTON,152256.6
a0F0L00000VJwP5UAL,2915 MONTCLAIR AV,10/29/2019 12:00:00 AM,REHAB,135950,10,38367.7130193,NOT CERTIFIED,,,QUALIFIED,-84.59772415,39.1514909700299,,WESTWOOD,WESTWOOD,32535
a0F0L00000VJwSEUA1,409 TORRENCE CT,12/06/2019 12:00:00 AM,NEW,1277810,15,540933.95409921,PLATINUM,,,QUALIFIED,-84.46262922,39.1257100000299,,EAST WALNUT HILLS,HYDE PARK,859239.88
a0F0L00000VJwSYUA1,968 HATCH ST,10/31/2019 12:00:00 AM,REHAB,275000,10,77610.30585,NOT CERTIFIED,,,QUALIFIED,-84.49611118,39.1093698800299,,MOUNT ADAMS,MOUNT ADAMS,187279.22
a0F0L00000VJwSsUAL,2803 HIGHLAND AV,10/31/2019 12:00:00 AM,REHAB,275000,10,77610.30585,NOT CERTIFIED,,,QUALIFIED,-84.50322501,39.1311495300299,,CORRYVILLE,CORRYVILLE,294105.44
a0F0L00000VJwTCUA1,5635 RIDGE AV,10/31/2019 12:00:00 AM,REHAB,194150,10,54792.8759301,NOT CERTIFIED,,,QUALIFIED,-84.42740149,39.1754105600299,,PLEASANT RIDGE,PLEASANT RIDGE,146388.31
a0F0L00000VJwTWUA1,1618 PLEASANT ST,10/31/2019 12:00:00 AM,NEW,531910,15,225172.89700731,GOLD,,,QUALIFIED,-84.51850351,39.1137353000299,,OVER-THE-RHINE,OTR,492855
a0F0L00000VJwTlUAL,6206 DESMOND ST,11/01/2019 12:00:00 AM,REHAB,229250,10,64698.7731495,NOT CERTIFIED,,,QUALIFIED,-84.38905486,39.1624480300299,,,MADISONVILLE,163834
a0F0L00000VJwmbUAD,6435 RIDGE AV,11/06/2019 12:00:00 AM,REHAB,103280,10,29147.60868432,NOT CERTIFIED,,,QUALIFIED,-84.42982913,39.1879692500299,,PLEASANT RIDGE,PLEASANT RIDGE,130955.43
a0F0L00000VJwnPUAT,4155 LAKEMAN ST,11/01/2019 12:00:00 AM,REHAB,268730,10,75840.79087662,NOT CERTIFIED,,,QUALIFIED,-84.54416038,39.1629620400299,,NORTHSIDE,NORTHSIDE,158892
a0F0L00000VJwqsUAD,3843 MT VERNON AV,11/04/2019 12:00:00 AM,NEW,562000,15,237910.864842,GOLD,,,QUALIFIED,-84.43161839,39.1487583900299,,OAKLEY,OAKLEY,521440
a0F0L00000VJwr2UAD,2889 OBSERVATORY AV,11/04/2019 12:00:00 AM,NEW,562000,15,237910.864842,GOLD,,,QUALIFIED,-84.43488678,39.1368522800299,,HYDE PARK,HYDE PARK,545809.95
a0F0L00000VJwr7UAD,4736 KIRBY AV,11/06/2019 12:00:00 AM,REHAB,46260,10,13055.46454044,NOT CERTIFIED,,,QUALIFIED,-84.55202689,39.1774109300299,,NORTHSIDE,NORTHSIDE,102554
a0F0L00000VJwrCUAT,2419 RIVERSIDE DR,09/06/2019 12:00:00 AM,NEW,1098230,15,464912.54287443,PLATINUM,,,QUALIFIED,-84.46482278,39.1237178700299,,EAST END,EAST END,1004790
a0F0L00000VJwrHUAT,116 W FIFTEENTH ST,11/07/2019 12:00:00 AM,NEW,220440,10,62212.42116936,NOT CERTIFIED,,,QUALIFIED,-84.518297,39.111427,,OVER-THE-RHINE,N/A,253279.87
a0F0L00000VJwrMUAT,637 RUSHTON RD,11/06/2019 12:00:00 AM,NEW,562000,15,237910.864842,GOLD,,,QUALIFIED,-84.43384318,39.1205630900299,,COLUMBIA-TUSCULUM,COLUMBIA TUSCULUM,507019
a0F0L00000VJwrRUAT,144 PEETE ST,11/08/2019 12:00:00 AM,NEW,186070,15,78768.81605187,PLATINUM,,,QUALIFIED,-84.51339459,39.1157905200299,,OVER-THE-RHINE,MOUNT AUBURN,223423.68
a0F0L00000VJwsPUAT,3769 AYLESBORO AV,11/07/2019 12:00:00 AM,REHAB,94160,10,26573.76872304,NOT CERTIFIED,,,QUALIFIED,-84.41119328,39.1407866500299,,HYDE PARK,HYDE PARK,247027.15
a0F0L00000VJwsUUAT,3744 BROTHERTON RD,11/07/2019 12:00:00 AM,REHAB,89360,10,25219.11611184,NOT CERTIFIED,,,QUALIFIED,-84.41136054,39.1540090900299,,OAKLEY,OAKLEY,56562.31
a0F0L00000VJwsZUAT,42 W MCMICKEN AV,11/08/2019 12:00:00 AM,REHAB,526260,10,148520.72566044,GOLD,,,QUALIFIED,-84.51829826,39.1180301100299,,OVER-THE-RHINE,OTR,420000
a0F0L00000VJwv9UAD,3215 GLENGYLE AV,11/12/2019 12:00:00 AM,NEW,562000,15,237910.864842,GOLD,,,QUALIFIED,-84.42807168,39.1301846200299,,MOUNT LOOKOUT,MOUNT LOOKOUT,532000
a0F0L00000VJwvEUAT,6125 MADISON RD,11/08/2019 12:00:00 AM,REHAB,161290,10,45519.14992926,NOT CERTIFIED,,,QUALIFIED,-84.3896205,39.1600648500299,,MADISONVILLE,MADISONVILLE,34500
a0F0L00000VJwzXUAT,250 WOOLPER AV,11/08/2019 12:00:00 AM,REHAB,275000,10,77610.30585,NOT CERTIFIED,,,QUALIFIED,-84.51709927,39.1504358300299,,CLIFTON,CLIFTON,331465
a0F0L00000VJwzcUAD,2825 ERIE AV,11/13/2019 12:00:00 AM,REHAB,275000,10,77610.30585,NOT CERTIFIED,,,QUALIFIED,-84.4389737,39.1390076900299,,HYDE PARK,HYDE PARK,219500
a0F0L00000VJwzwUAD,32 ARCADIA PL,11/13/2019 12:00:00 AM,REHAB,98340,10,27753.44537196,NOT CERTIFIED,,,QUALIFIED,-84.43925343,39.1357632200299,,HYDE PARK,HYDE PARK,183468
a0F0L00000VJxC9UAL,4017 GULOW ST,11/13/2019 12:00:00 AM,REHAB,408910,10,115402.29150954,PLATINUM,,,QUALIFIED,-84.54049597,39.1592399100299,,NORTHSIDE,NORTHSIDE,409900
a0F0L00000VJxEAUA1,23 GREENHOUSE LN,11/13/2019 12:00:00 AM,REHAB,266450,10,75197.3308863,NOT CERTIFIED,,,QUALIFIED,-84.42077602,39.1437576400298,,OAKLEY,OAKLEY,187390.37
a0F0L00000VJxGBUA1,1023 LENOX PL,11/13/2019 12:00:00 AM,REHAB,275000,10,77610.30585,NOT CERTIFIED,,,QUALIFIED,-84.47755024,39.1536467100299,,NORTH AVONDALE,NORTH AVONDALE,277585
a0F0L00000VJxWSUA1,544 MILTON ST,10/25/2019 12:00:00 AM,REHAB,12590,10,3553.14091146,NOT CERTIFIED,,,QUALIFIED,-84.50491671,39.1133395700299,,MOUNT AUBURN,MOUNT AUBURN,14500
a0F0L00000VJxWsUAL,3534 KROGER AV,11/14/2019 12:00:00 AM,NEW,376800,15,159510.3449688,GOLD,,,QUALIFIED,-84.43339803,39.1231841600299,,MOUNT LOOKOUT,MOUNT LOOKOUT,565943
a0F0L00000VJxbqUAD,32 E COURT ST,11/08/2019 12:00:00 AM,REHAB,379880,10,107209.46540472,GOLD,,,QUALIFIED,-84.5049102,39.1072382,,DOWNTOWN CINCINNATI,N/A,277288.54
a0F0L00000VJxc0UAD,32 E COURT ST,11/08/2019 12:00:00 AM,REHAB,246720,10,69629.14421568,GOLD,,,QUALIFIED,-84.5049102,39.1072382,,DOWNTOWN CINCINNATI,N/A,181082.34
a0F0L00000VJxcyUAD,32 E COURT ST,11/08/2019 12:00:00 AM,REHAB,134300,10,37902.0511842,GOLD,,,QUALIFIED,-84.5133817,39.1066453900299,,DOWNTOWN CINCINNATI,DOWNTOWN,86267.55
a0F0L00000VJxdNUAT,36 E COURT ST,11/08/2019 12:00:00 AM,REHAB,171410,10,48375.20918454,GOLD,,,QUALIFIED,-84.5049102,39.1072382,,DOWNTOWN CINCINNATI,N/A,119661.43
a0F0L00000VJxdmUAD,36 E COURT ST,11/08/2019 12:00:00 AM,REHAB,157570,10,44469.29415558,GOLD,,,QUALIFIED,-84.5049102,39.1072382,,DOWNTOWN CINCINNATI,N/A,102368.17
a0F0L00000VJxdwUAD,36 E COURT ST,11/08/2019 12:00:00 AM,REHAB,292050,10,82422.1448127,GOLD,,,QUALIFIED,-84.51332175,39.1066675300299,,DOWNTOWN CINCINNATI,DOWNTOWN,215470.09
a0F0L00000VJxeLUAT,32 E COURT ST,11/13/2019 12:00:00 AM,REHAB,202430,10,57129.65168442,GOLD,,,QUALIFIED,-84.5049102,39.1072382,,DOWNTOWN CINCINNATI,N/A,135762.06
a0F0L00000VJxeVUAT,3701 GROVEDALE PL,11/14/2019 12:00:00 AM,REHAB,246910,10,69682.76588154,NOT CERTIFIED,,,QUALIFIED,-84.44959998,39.1444354900299,,HYDE PARK,HYDE PARK,484393.5
a0F0L00000VJxeuUAD,6409 HEITZLER AVE,11/14/2019 12:00:00 AM,REHAB,116340,10,32833.39266396,NOT CERTIFIED,,,QUALIFIED,-84.5510654545455,39.208566,,COLLEGE HILL,N/A,58885.89
a0F0L00000VJxxfUAD,1505 RACE ST,11/21/2019 12:00:00 AM,NEW,251620,10,71012.01875628,NOT CERTIFIED,,,QUALIFIED,-84.5173980612245,39.1116607959184,,OVER-THE-RHINE,N/A,278843.31
a0F0L00000VJy5tUAD,2474 GRANDIN RD,11/14/2019 12:00:00 AM,REHAB,139180,10,39279.28133892,NOT CERTIFIED,,,QUALIFIED,-84.44704688,39.1277378100299,,HYDE PARK,HYDE PARK,405300.31
a0F0L00000VJy63UAD,458 KLOTTER AVE,11/15/2019 12:00:00 AM,REHAB,41700,10,11768.5445598,NOT CERTIFIED,,,QUALIFIED,-84.5276130733473,39.1224213790438,,CUF,N/A,73028.13
a0F0L00000VJy6IUAT,3306 MONTEITH AV,11/21/2019 12:00:00 AM,REHAB,190450,10,53748.6645423,NOT CERTIFIED,,,QUALIFIED,-84.43729247,39.1356743400299,,HYDE PARK,HYDE PARK,268284.6
a0F0L00000VJy6NUAT,203 WEDGEWOOD AV,11/25/2019 12:00:00 AM,REHAB,169810,10,47923.65831414,NOT CERTIFIED,,,QUALIFIED,-84.49522651,39.1584111400299,,NORTH AVONDALE,NORTH AVONDALE,94000
a0F0L00000VJySlUAL,2059 E SEYMOUR AV,11/19/2019 12:00:00 AM,NEW,239640,10,67631.03161416,NOT CERTIFIED,,,QUALIFIED,-84.4635391,39.1894387,,PLEASANT RIDGE,N/A,159900
a0F0L00000VJyT5UAL,6719 DANIELS WALK,12/02/2019 12:00:00 AM,NEW,358190,15,151632.19337679,GOLD,,,QUALIFIED,-84.68969317,39.1182457900299,,SAYLER PARK,SAYLER PARK,350000
a0F0L00000VJyTFUA1,2790 MORNINGRIDGE DR,12/02/2019 12:00:00 AM,NEW,199470,10,56294.28257418,NOT CERTIFIED,,,QUALIFIED,-84.58843944,39.1361771900299,,WESTWOOD,WESTWOOD,130000
a0F0L00000VJyYkUAL,116 W FIFTEENTH ST,12/02/2019 12:00:00 AM,NEW,210410,10,59381.76165054,NOT CERTIFIED,,,QUALIFIED,-84.518297,39.111427,,OVER-THE-RHINE,N/A,249243.53
a0F0L00000VJyYuUAL,1206 HAYWARD AV,11/27/2019 12:00:00 AM,REHAB,163310,10,46089.23290314,NOT CERTIFIED,,,QUALIFIED,-84.41998548,39.1286275200299,,MOUNT LOOKOUT,MOUNT LOOKOUT,302264.47
a0F0L00000VJyZ4UAL,1367 SUNCREST DR,12/02/2019 12:00:00 AM,REHAB,187670,10,52964.09490498,NOT CERTIFIED,,,QUALIFIED,-84.42198208,39.1358852500299,,,MOUNT LOOKOUT,212868.48
a0F0L00000VJyZTUA1,5927 PIQUA AV,12/02/2019 12:00:00 AM,NEW,131110,15,55502.65745451,SILVER,,,QUALIFIED,-84.54100024,39.1990802100298,,COLLEGE HILL,COLLEGE HILL,218680.08
a0F0L00000VJygIUAT,1314 CEDAR AV,12/02/2019 12:00:00 AM,NEW,126820,15,53686.57629762,SILVER,,,QUALIFIED,-84.54147059,39.1984686100299,,COLLEGE HILL,COLLEGE HILL,189894.67
a0F0L00000VJz4nUAD,3761 VINEYARD PL,11/19/2019 12:00:00 AM,REHAB,275000,10,77610.30585,NOT CERTIFIED,,,QUALIFIED,-84.42690207,39.1157363600299,,COLUMBIA-TUSCULUM,COLUMBIA TUSCULUM,345058.53
a0F0L00000VJzDOUA1,5742 SANCTUARY PL,12/02/2019 12:00:00 AM,NEW,492190,15,208358.27147079,PLATINUM,,,QUALIFIED,-84.43113151,39.0677571500299,,CALIFORNIA,CALIFORNIA,416917
a0F0L00000VJzHBUA1,5737 SANCTUARY PL,12/06/2019 12:00:00 AM,NEW,599550,15,253806.86657655,GOLD,,,QUALIFIED,-84.43166759,39.0679074900299,,CALIFORNIA,CALIFORNIA,507019
a0F0L00000VJzVpUAL,1985 KINNEY AV,12/05/2019 12:00:00 AM,REHAB,142030,10,40083.60632682,NOT CERTIFIED,,,QUALIFIED,-84.4644237,39.1356634900299,,EVANSTON,EVANSTON,108290
a0F0L00000VJzXRUA1,4203 33RD AV,12/05/2019 12:00:00 AM,REHAB,74050,10,20898.3387207,NOT CERTIFIED,,,QUALIFIED,-84.43451152,39.1537682500299,,OAKLEY,OAKLEY,175000
a0F0L00000VJzl5UAD,335 W FIFTH ST,07/01/2019 12:00:00 AM,REHAB,83980,10,23700.77631012,NOT CERTIFIED,,,QUALIFIED,-84.5183871020408,39.100308122449,,DOWNTOWN CINCINNATI,N/A,168618.89
a0F0L00000VK0E6UAL,5632 BRAMBLE AV,12/06/2019 12:00:00 AM,REHAB,275000,10,77610.30585,NOT CERTIFIED,,,QUALIFIED,-84.39931688,39.1523895000299,,MADISONVILLE,MADISONVILLE,242131.98
a0F0L00000VK0EVUA1,6112 CONOVER ST,12/06/2019 12:00:00 AM,REHAB,200410,10,56559.56871054,NOT CERTIFIED,,,QUALIFIED,-84.39025446,39.1587043000299,,MADISONVILLE,MADISONVILLE,173128.8
a0F0L00000VK0FJUA1,620 RUSHTON RD,12/06/2019 12:00:00 AM,NEW,562000,15,237910.864842,GOLD,,,QUALIFIED,-84.4341189,39.1198716500299,,COLUMBIA-TUSCULUM,COLUMBIA TUSCULUM,507019
a0F0L00000VK0FxUAL,3637 STETTINIUS AV,12/09/2019 12:00:00 AM,NEW,562000,15,237910.864842,GOLD,,,QUALIFIED,-84.44836009,39.1435236900299,,HYDE PARK,HYDE PARK,572500
a0F0L00000VK0G2UAL,341 OREGON ST,12/09/2019 12:00:00 AM,NEW,1695880,15,717915.08446308,PLATINUM,,,QUALIFIED,-84.49895446,39.1054451200299,,MOUNT ADAMS,MOUNT ADAMS,1635290
a0F0L00000VK0GgUAL,2811 OBSERVATORY AVE,12/09/2019 12:00:00 AM,REHAB,275000,10,77610.30585,NOT CERTIFIED,,,QUALIFIED,-84.4391406666667,39.137209,,HYDE PARK,N/A,344942.5
a0F0L00000VK1XlUAL,1632 SYCAMORE ST,12/12/2019 12:00:00 AM,REHAB,115950,10,32723.3271393,NOT CERTIFIED,,,QUALIFIED,-84.51051944,39.1137346500299,,MOUNT AUBURN,MOUNT AUBURN,136000
a0F0L00000VK1Y5UAL,1234 GRACE AV,12/13/2019 12:00:00 AM,REHAB,403320,10,113824.68565608,GOLD,,,QUALIFIED,-84.43169704,39.1329574400299,,MOUNT LOOKOUT,MOUNT LOOKOUT,850000
a0F0L00000VK1Z8UAL,1800 RACE ST,12/12/2019 12:00:00 AM,REHAB,245630,10,69321.52518522,GOLD,,,QUALIFIED,-84.5180901,39.1155861,,OVER-THE-RHINE,N/A,275000
a0F0L00000VK1ZIUA1,1495 MOON VALLEY LN,12/12/2019 12:00:00 AM,REHAB,239430,10,67571.76556242,NOT CERTIFIED,,,QUALIFIED,-84.41508578,39.0817963400299,,CALIFORNIA,MOUNT WASHINGTON,245300.11
a0F0L00000VK1apUAD,2444 MADISON RD,12/12/2019 12:00:00 AM,REHAB,71100,10,20065.7918034,NOT CERTIFIED,,,QUALIFIED,-84.4540335921809,39.1407617,,HYDE PARK,N/A,89510
a0F0L00000VK1auUAD,2922 LOWER GRANDIN RD,12/13/2019 12:00:00 AM,REHAB,290210,10,81902.86131174,GOLD,,,QUALIFIED,-84.43779174,39.1251001800299,,HYDE PARK,HYDE PARK,207475
a0F0L00000VK1bEUAT,3784 BROADVIEW DR,12/16/2019 12:00:00 AM,REHAB,215490,10,60815.43566406,NOT CERTIFIED,,,QUALIFIED,-84.41102328,39.1520093000299,,HYDE PARK,HYDE PARK,372394
a0F0L00000VK1bsUAD,1619 CLAREWOOD AV,03/15/2019 12:00:00 AM,REHAB,144850,10,40879.4647359,NOT CERTIFIED,,,QUALIFIED,-84.47456992,39.1414736800299,,EVANSTON,EVANSTON,137090.57
a0F0L00000VK23IUAT,5850 RHODE ISLAND AV,12/11/2019 12:00:00 AM,NEW,275000,10,77610.30585,NOT CERTIFIED,,,QUALIFIED,-84.45839153,39.1802033200298,,BOND HILL,BOND HILL,250470
a0F0L00000VK23SUAT,3527 KROGER AV,12/05/2019 12:00:00 AM,NEW,770310,15,326094.51654171,GOLD,,,QUALIFIED,-84.43367083,39.1228744000299,,MOUNT LOOKOUT,COLUMBIA TUSCULUM - MT LOOKOUT,
a0F0L00000VK2M6UAL,3576 1/2 HANDMAN AV,12/16/2019 12:00:00 AM,NEW,537460,15,227522.37262986,GOLD,,,QUALIFIED,,,,COLUMBIA-TUSCULUM,N/A,591848
a0F0L00000VK2MBUA1,4123 34TH AV,12/13/2019 12:00:00 AM,NEW,444020,15,187966.51638282,GOLD,,,QUALIFIED,-84.43342027,39.1533731400298,,OAKLEY,OAKLEY,450000
a0F0L00000VK2MVUA1,2907 MINTO AVE,12/16/2019 12:00:00 AM,REHAB,264870,10,74751.42440178,NOT CERTIFIED,,,QUALIFIED,-84.4345295515826,39.14271,,HYDE PARK,N/A,317345
a0F0L00000VK2MaUAL,411 PLUM ST,12/16/2019 12:00:00 AM,REHAB,347720,10,98133.29290968,GOLD,,,QUALIFIED,-84.5177065714286,39.0996027142857,,DOWNTOWN CINCINNATI,N/A,470000
a0F0L00000VK2MfUAL,2930 MONTCLAIR AVE,12/13/2019 12:00:00 AM,REHAB,235730,10,66527.55417462,NOT CERTIFIED,,,QUALIFIED,-84.5975270072802,39.1517801247503,,WESTWOOD,N/A,173630
a0F0L00000VK2MkUAL,3339 WOODBURN AV,12/17/2019 12:00:00 AM,REHAB,39190,10,11060.17413186,NOT CERTIFIED,,,QUALIFIED,-84.47589713,39.1394833400299,,EVANSTON,EVANSTON,78305.75
a0F0L00000VK3NWUA1,1222 WILLIAM H TAFT RD,10/18/2019 12:00:00 AM,REHAB,62850,10,17737.4826279,NOT CERTIFIED,,,QUALIFIED,,,,WALNUT HILLS,N/A,85100
a0F0L00000VK3NbUAL,1222 WILLIAM H TAFT RD,10/18/2019 12:00:00 AM,REHAB,62850,10,17737.4826279,NOT CERTIFIED,,,QUALIFIED,,,,WALNUT HILLS,N/A,85100
a0F0L00000VK3NgUAL,1222 WILLIAM H TAFT RD,10/18/2019 12:00:00 AM,REHAB,64570,10,18222.89981358,NOT CERTIFIED,,,QUALIFIED,,,,WALNUT HILLS,N/A,85100
a0F0L00000VK3NlUAL,1222 WILLIAM H TAFT RD,10/18/2019 12:00:00 AM,REHAB,61960,10,17486.30745624,NOT CERTIFIED,,,QUALIFIED,,,,WALNUT HILLS,N/A,85100
a0F0L00000VK3NqUAL,1222 WILLIAM H TAFT RD,10/18/2019 12:00:00 AM,REHAB,61960,10,17486.30745624,NOT CERTIFIED,,,QUALIFIED,,,,WALNUT HILLS,N/A,85100
a0F0L00000VK3NvUAL,1222 WILLIAM H TAFT RD,10/18/2019 12:00:00 AM,REHAB,63370,10,17884.23666078,NOT CERTIFIED,,,QUALIFIED,,,,WALNUT HILLS,N/A,85100
a0F0L00000VK3O5UAL,1222 WILLIAM H TAFT RD,10/18/2019 12:00:00 AM,REHAB,58560,10,16526.76185664,NOT CERTIFIED,,,QUALIFIED,,,,WALNUT HILLS,N/A,85100
a0F0L00000VK3OAUA1,1222 WILLIAM H TAFT RD,10/18/2019 12:00:00 AM,REHAB,58560,10,16526.76185664,NOT CERTIFIED,,,QUALIFIED,,,,WALNUT HILLS,N/A,85100
a0F0L00000VK3OFUA1,1222 WILLIAM H TAFT RD,10/18/2019 12:00:00 AM,REHAB,56830,10,16038.52247802,NOT CERTIFIED,,,QUALIFIED,,,,WALNUT HILLS,N/A,85100
a0F0L00000VK3OKUA1,1222 WILLIAM H TAFT RD,10/18/2019 12:00:00 AM,REHAB,78520,10,22159.85896488,NOT CERTIFIED,,,QUALIFIED,,,,WALNUT HILLS,N/A,85100
a0F0L00000VK3OPUA1,1222 WILLIAM H TAFT RD,10/18/2019 12:00:00 AM,REHAB,78510,10,22157.03677194,NOT CERTIFIED,,,QUALIFIED,,,,WALNUT HILLS,N/A,85100
a0F0L00000VK3OUUA1,1222 WILLIAM H TAFT RD,10/18/2019 12:00:00 AM,REHAB,81700,10,23057.3163198,NOT CERTIFIED,,,QUALIFIED,-84.48332456,39.1272153000299,,WALNUT HILLS,EAST WALNUT HILLS,85100
a0F0L00000VK3VWUA1,813 BROADWAY,06/25/2019 12:00:00 AM,REHAB,190070,10,53641.42121058,NOT CERTIFIED,,,QUALIFIED,-84.50765829,39.1058494000299,,DOWNTOWN CINCINNATI,DOWNTOWN,153602.1
a0F0L00000VK3VbUAL,813 BROADWAY,08/02/2019 12:00:00 AM,REHAB,214940,10,60660.21505236,NOT CERTIFIED,,,QUALIFIED,-84.5058165,39.0996425,,DOWNTOWN CINCINNATI,N/A,132479.25
a0F0L00000VK3VgUAL,813 BROADWAY,06/25/2019 12:00:00 AM,REHAB,190570,10,53782.53085758,NOT CERTIFIED,,,QUALIFIED,-84.5058165,39.0996425,,DOWNTOWN CINCINNATI,N/A,149295.5
a0F0L00000VK3VlUAL,813 BROADWAY,08/02/2019 12:00:00 AM,REHAB,218070,10,61543.56144258,NOT CERTIFIED,,,QUALIFIED,-84.5058165,39.0996425,,DOWNTOWN CINCINNATI,N/A,194412.27
a0F0L00000VK3VqUAL,813 BROADWAY,09/24/2019 12:00:00 AM,REHAB,191460,10,54033.70602924,NOT CERTIFIED,,,QUALIFIED,-84.5058165,39.0996425,,DOWNTOWN CINCINNATI,N/A,146864.58
a0F0L00000VK3YzUAL,813 BROADWAY,10/21/2019 12:00:00 AM,REHAB,275000,10,77610.30585,NOT CERTIFIED,,,QUALIFIED,-84.5058165,39.0996425,,DOWNTOWN CINCINNATI,N/A,231325.99
a0F0L00000VK3Z4UAL,813 BROADWAY,10/21/2019 12:00:00 AM,REHAB,190900,10,53875.6632246,NOT CERTIFIED,,,QUALIFIED,-84.5058165,39.0996425,,DOWNTOWN CINCINNATI,N/A,146834.58
a0F0L00000VK3Z9UAL,813 BROADWAY,10/21/2019 12:00:00 AM,REHAB,220760,10,62302.73134344,NOT CERTIFIED,,,QUALIFIED,-84.5058165,39.0996425,,DOWNTOWN CINCINNATI,N/A,194412.27
a0F0L00000VK3ZJUA1,813 BROADWAY,10/21/2019 12:00:00 AM,REHAB,231330,10,65285.78928102,NOT CERTIFIED,,,QUALIFIED,-84.5058165,39.0996425,,DOWNTOWN CINCINNATI,N/A,181287.39
a0F0L00000VK3ZOUA1,813 BROADWAY,10/21/2019 12:00:00 AM,REHAB,246870,10,69671.47710978,NOT CERTIFIED,,,QUALIFIED,-84.5058165,39.0996425,,DOWNTOWN CINCINNATI,N/A,204666.08
a0F0L00000VK3ZTUA1,817 BROADWAY,10/18/2019 12:00:00 AM,REHAB,225870,10,63744.87193578,NOT CERTIFIED,,,QUALIFIED,-84.5058165,39.0996425,,DOWNTOWN CINCINNATI,N/A,224201
a0F0L00000VK3ZdUAL,3507 PRINCIPIO AV,12/16/2019 12:00:00 AM,NEW,1745060,15,738734.40178146,PLATINUM,,,QUALIFIED,-84.41672763,39.1311544500299,,MOUNT LOOKOUT,MOUNT LOOKOUT,1452924.84
a0F0L00000VK3ZiUAL,2309 VICTORY PKWY,12/17/2019 12:00:00 AM,NEW,469000,15,198541.273329,GOLD,,,QUALIFIED,-84.48509949,39.1229665500299,,WALNUT HILLS,WALNUT HILLS,618613
a0F0L00000VK3a2UAD,406 BOAL ST,12/17/2019 12:00:00 AM,NEW,562000,15,237910.864842,GOLD,,,QUALIFIED,-84.50855385,39.1139708000299,,MOUNT AUBURN,MOUNT AUBURN,547222
a0F0L00000VK3aCUAT,3422 GOLDEN AV,12/19/2019 12:00:00 AM,NEW,562000,15,237910.864842,GOLD,,,QUALIFIED,-84.43965896,39.1200147000299,,COLUMBIA-TUSCULUM,COLUMBIA TUSCULUM,615000
a0F0L00000VK3aWUAT,3301 MENLO AV,12/19/2019 12:00:00 AM,NEW,1871440,15,792234.71334504,PLATINUM,,,QUALIFIED,-84.45109796,39.1361054700299,,HYDE PARK,HYDE PARK,2800000
a0F0L00000VK3abUAD,1849 MADISON RD,12/18/2019 12:00:00 AM,REHAB,213030,10,60121.17620082,NOT CERTIFIED,,,QUALIFIED,-84.46995807,39.1296773700299,,EAST WALNUT HILLS,EAST WALNUT HILLS,700000
a0F0L00000VK3sCUAT,5846 RED BANK RD,12/23/2019 12:00:00 AM,REHAB,153070,10,43199.30733258,NOT CERTIFIED,,,QUALIFIED,-84.40735195,39.1771900800299,,KENNEDY HEIGHTS,KENNEDY HEIGHTS,65056.42
a0F0L00000VK3sHUAT,4057 BEECHWOOD AV,12/23/2019 12:00:00 AM,REHAB,130320,10,36778.81839408,NOT CERTIFIED,,,QUALIFIED,-84.48559562,39.1588439400299,,NORTH AVONDALE,NORTH AVONDALE,100325
a0F0L00000VK3sWUAT,337 OREGON ST,12/23/2019 12:00:00 AM,NEW,1656990,15,701451.82194759,PLATINUM,,,QUALIFIED,-84.49880016,39.1053489100299,,MOUNT ADAMS,MOUNT ADAMS,1719843
a0F0L00000VK3vpUAD,3112 KINMONT ST,12/24/2019 12:00:00 AM,NEW,275000,10,77610.30585,,,,QUALIFIED,-84.43241032,39.1302094300299,,MOUNT LOOKOUT,MOUNT LOOKOUT,655000
a0F0L00000VK44DUAT,1624 PLEASANT ST,12/18/2019 12:00:00 AM,REHAB,258510,10,72956.50969194,NOT CERTIFIED,,,QUALIFIED,-84.51854934,39.1138581600299,,OVER-THE-RHINE,OTR,260529.46
a0F0L00000VK4LsUAL,411 PLUM ST,12/24/2019 12:00:00 AM,REHAB,477200,10,134675.0470968,GOLD,,,QUALIFIED,-84.5177065714286,39.0996027142857,,DOWNTOWN CINCINNATI,N/A,543800
a0F0L00000VK4lRUAT,411 PLUM ST,12/24/2019 12:00:00 AM,REHAB,242050,10,68311.1801127,GOLD,,,QUALIFIED,-84.5177065714286,39.0996027142857,,DOWNTOWN CINCINNATI,N/A,285460
a0F0L00000VK4lWUAT,411 PLUM ST,12/24/2019 12:00:00 AM,REHAB,414920,10,117098.42946648,GOLD,,,QUALIFIED,-84.5177065714286,39.0996027142857,,DOWNTOWN CINCINNATI,N/A,561280
a0F0L00000VK4lgUAD,415 PLUM ST,12/24/2019 12:00:00 AM,NEW,562000,15,237910.864842,GOLD,,,QUALIFIED,-84.51776704,39.0996840300299,,DOWNTOWN CINCINNATI,DOWNTOWN,626470
a0F0L00000VK4llUAD,4317 VERNE AV,12/26/2019 12:00:00 AM,REHAB,137080,10,38686.62082152,NOT CERTIFIED,,,QUALIFIED,-84.43211917,39.1550958700299,,OAKLEY,OAKLEY,99750
a0F0L00000VK4m0UAD,811 DAYTON ST,12/20/2019 12:00:00 AM,REHAB,275000,10,77610.30585,NOT CERTIFIED,,,QUALIFIED,-84.52749268,39.1179561400299,,WEST END,WEST END,300000
a0F0L00000VK4mAUAT,1300 MORTEN ST,12/26/2019 12:00:00 AM,NEW,755600,15,319867.3478196,PLATINUM,,,QUALIFIED,-84.44051003,39.1358589100299,,HYDE PARK,HYDE PARK,674650
a0F0L00000VK4mtUAD,4205 VIRGINIA AV,12/26/2019 12:00:00 AM,NEW,229070,10,64647.97367658,NOT CERTIFIED,,,QUALIFIED,-84.55053953,39.1655218800299,,NORTHSIDE,NORTHSIDE,244900
a0F0L00000VK4n3UAD,343 OREGON ST,12/26/2019 12:00:00 AM,NEW,1747580,15,739801.19071278,PLATINUM,,,QUALIFIED,-84.49903682,39.1054903800299,,MOUNT ADAMS,MOUNT ADAMS,1721511
a0F0L00000VK4p9UAD,1319 AULT VIEW AV,12/30/2019 12:00:00 AM,NEW,865810,15,366522.43040721,PLATINUM,,,QUALIFIED,-84.42013295,39.1342219900299,,MOUNT LOOKOUT,MOUNT LOOKOUT,924900
a0F0L00000VK4pOUAT,542 EMPRESS AV,12/30/2019 12:00:00 AM,NEW,603720,15,255572.14826052,PLATINUM,,,QUALIFIED,-84.43610283,39.1200770600299,,COLUMBIA-TUSCULUM,COLUMBIA TUSCULUM,911576
a0F0L00000VK5FRUA1,413 PLUM ST,12/30/2019 12:00:00 AM,NEW,525590,15,222497.45810019,GOLD,,,QUALIFIED,-84.51775137,39.0996293800299,,DOWNTOWN CINCINNATI,DOWNTOWN,7999820
a0F0L00000VK5LjUAL,2010 BURNET AV,12/26/2019 12:00:00 AM,NEW,55400,10,15634.9488876,NOT CERTIFIED,,,QUALIFIED,-84.50263048,39.1183367800299,,MOUNT AUBURN,MOUNT AUBURN,33261
a0F0L00000VK5LoUAL,3104 AUTEN AV,12/30/2019 12:00:00 AM,REHAB,147540,10,41638.63463676,NOT CERTIFIED,,,QUALIFIED,-84.43024979,39.1756125600299,,PLEASANT RIDGE,PLEASANT RIDGE,37036.87
a0F0L00000VK5NhUAL,4313 BEECH HILL AV,02/26/2020 12:00:00 AM,REHAB,89500,10,25258.626813,NOT CERTIFIED,,,QUALIFIED,-84.53673145,39.1663776600299,,NORTHSIDE,NORTHSIDE,77000
a0F0L00000VK5sfUAD,3409 CUSTER ST,12/30/2019 12:00:00 AM,REHAB,43090,10,12160.82937846,NOT CERTIFIED,,,QUALIFIED,-84.41847546,39.1363315400299,,MOUNT LOOKOUT,MOUNT LOOKOUT,40463.32
a0F0L00000VK5txUAD,1344 CUSTER ST,12/30/2019 12:00:00 AM,REHAB,263880,10,74472.02730072,NOT CERTIFIED,,,QUALIFIED,-84.41816916,39.1344361900299,,MOUNT LOOKOUT,MOUNT LOOKOUT,275000
a0F0L00000VK605UAD,339 OREGON ST,12/27/2019 12:00:00 AM,NEW,1657200,15,701540.7210252,PLATINUM,,,QUALIFIED,-84.49887562,39.1053997900299,,MOUNT ADAMS,MOUNT ADAMS,1700000
a0F0L00000VK67LUAT,1059 CELESTIAL ST,12/31/2019 12:00:00 AM,NEW,2529070,15,1070628.52481487,PLATINUM,,,QUALIFIED,-84.4995756,39.1063620000299,,MOUNT ADAMS,MOUNT ADAMS,2776827
a0F0L00000VK67fUAD,3736 WASHINGTON AV,01/02/2020 12:00:00 AM,NEW,508260,15,215161.16755266,GOLD,,,QUALIFIED,-84.49372031,39.1523690300299,,AVONDALE,AVONDALE - NORTH AVONDALE,600000
a0F0L00000VK6zmUAD,1446 BERCLIFF AV,01/02/2020 12:00:00 AM,REHAB,247500,10,69849.275265,NOT CERTIFIED,,,QUALIFIED,-84.53466415,39.1678912000299,,NORTHSIDE,NORTHSIDE,126500
a0F0L00000VK6zrUAD,3315 MENLO AV,12/26/2019 12:00:00 AM,NEW,1561590,15,661066.24097619,PLATINUM,,,QUALIFIED,-84.45098551,39.1366272600299,,HYDE PARK,HYDE PARK,1672450
a0F0L00000VK701UAD,4126 33RD AV,01/02/2020 12:00:00 AM,REHAB,158940,10,44855.93458836,,,,QUALIFIED,-84.43395267,39.1535323300299,,OAKLEY,OAKLEY,200000
a0F0L00000VK706UAD,1355 FLEMING ST,12/19/2019 12:00:00 AM,REHAB,120260,10,33939.69229644,NOT CERTIFIED,,,QUALIFIED,-84.48119815,39.1238471300299,,EAST WALNUT HILLS,EAST WALNUT HILLS,98721
a0F0L00000VK71YUAT,3443 SHAW AVE,01/06/2020 12:00:00 AM,REHAB,259620,10,73269.77310828,NOT CERTIFIED,,,QUALIFIED,-84.4403108304024,39.1386867085386,,HYDE PARK,N/A,244000
a0F0L00000VK71dUAD,3319 OBSERVATORY AV,01/06/2020 12:00:00 AM,REHAB,18160,10,5125.10237904,NOT CERTIFIED,,,QUALIFIED,-84.42198284,39.1372548000299,,HYDE PARK,MOUNT LOOKOUT,76719
a0F0L00000VK7AVUA1,2482 W ROOKWOOD CT,01/08/2020 12:00:00 AM,REHAB,460010,10,129823.69743294,NOT CERTIFIED,,,QUALIFIED,-84.44866044,39.1324109800299,,HYDE PARK,HYDE PARK,485019
a0F0L00000VK7AzUAL,3618 RUSSELL AV,01/06/2020 12:00:00 AM,NEW,562000,15,237910.864842,GOLD,,,QUALIFIED,-84.414464,39.127647,,,N/A,519331
a0F0L00000VK7B9UAL,5359 GRAND VISTA CT,01/06/2020 12:00:00 AM,NEW,275000,10,77610.30585,NOT CERTIFIED,,,QUALIFIED,-84.3861842,39.1656336900299,,MADISONVILLE,MADISONVILLE,531665
a0F0L00000VK7VOUA1,5842 RHODE ISLAND AV,01/09/2020 12:00:00 AM,NEW,275000,10,77610.30585,NOT CERTIFIED,,,QUALIFIED,-84.4583188,39.1796195900299,,BOND HILL,BOND HILL,258572
a0F0L00000VK7ViUAL,3644 HYDE PARK AV,01/10/2020 12:00:00 AM,REHAB,95160,10,26855.98801704,NOT CERTIFIED,,,QUALIFIED,-84.43727635,39.1437157400299,,HYDE PARK,HYDE PARK,70950
a0F0L00000VK7WMUA1,4066 PAXTON AV,01/13/2020 12:00:00 AM,REHAB,110710,10,31244.49803874,NOT CERTIFIED,,,QUALIFIED,-84.42263522,39.1511308000299,,OAKLEY,OAKLEY,123362
a0F0L00000VK7WRUA1,3763 HUTTON ST,01/13/2020 12:00:00 AM,REHAB,98420,10,27776.02291548,NOT CERTIFIED,,,QUALIFIED,-84.41301104,39.1218051900299,,LINWOOD,LINWOOD,85290
a0F0L00000VK7WbUAL,3884 DUCK CREEK RD,01/13/2020 12:00:00 AM,NEW,507550,15,214860.60400455,GOLD,,,QUALIFIED,-84.41611929,39.1654197500299,,MADISONVILLE,MADISONVILLE,475333
a0F0L00000VK7XKUA1,4100 DUCK CREEK RD,01/13/2020 12:00:00 AM,NEW,495530,15,209772.19013373,PLATINUM,,,QUALIFIED,-84.41559022,39.1653897400299,,MADISONVILLE,MADISONVILLE,563997
a0F0L00000VK7XZUA1,3169 MARKBREIT AV,01/14/2020 12:00:00 AM,REHAB,105920,10,29892.66762048,NOT CERTIFIED,,,QUALIFIED,-84.42757954,39.1506315500299,,OAKLEY,OAKLEY,61279
a0F0L00000VK7XjUAL,3517 MONTEITH AV,01/06/2020 12:00:00 AM,REHAB,334230,10,94326.15463362,GOLD,,,QUALIFIED,-84.43710023,39.1398195000299,,HYDE PARK,HYDE PARK,400000
a0F0L00000VK7XyUAL,4 RURAL AV,01/15/2020 12:00:00 AM,REHAB,42150,10,11895.5432421,NOT CERTIFIED,,,QUALIFIED,-84.51720087,39.1541732000299,,CLIFTON,CLIFTON,317730
a0F0L00000VK7YIUA1,2738 MINOT AV,01/16/2020 12:00:00 AM,REHAB,119390,10,33694.16151066,NOT CERTIFIED,,,QUALIFIED,-84.44034637,39.1531467700299,,OAKLEY,OAKLEY,75000
a0F0L00000VK7YSUA1,753 WAYNE ST,01/16/2020 12:00:00 AM,REHAB,121140,10,34188.04527516,NOT CERTIFIED,,OWNER-OCCUPIED,QUALIFIED,-84.49264876,39.1251103700299,,WALNUT HILLS,WALNUT HILLS,35112
a0F0L00000VK8FsUAL,4325 32ND AV,01/08/2020 12:00:00 AM,NEW,562000,15,237910.864842,GOLD,,,QUALIFIED,-84.43552238,39.1553681200298,,OAKLEY,OAKLEY,475175
a0F0L00000VK8MrUAL,739 WAYNE ST,03/10/2020 12:00:00 AM,REHAB,168900,10,47666.8387566,NOT CERTIFIED,,,QUALIFIED,-84.49316961,39.1252338400299,,WALNUT HILLS,WALNUT HILLS,270000
a0F0L00000VK8OxUAL,1554 SPRINGLAWN AV,12/30/2019 12:00:00 AM,NEW,203960,15,86342.17080636,GOLD,11/17/2022 12:00:00 AM,,QUALIFIED,-84.540744,39.1771671600299,,NORTHSIDE,NORTHSIDE,300000
a0F0L00000VK8PHUA1,3955 WARWICK AV,07/15/2019 12:00:00 AM,REHAB,172280,10,48620.73997032,NOT CERTIFIED,,,QUALIFIED,-84.49235813,39.1587408600299,,NORTHSIDE,NORTH AVONDALE,62853
a0F0L00000VK8gDUAT,1703 PLEASANT ST,03/06/2020 12:00:00 AM,REHAB,275000,10,77610.30585,NOT CERTIFIED,,,QUALIFIED,-84.51893118,39.1142187400299,,OVER-THE-RHINE,OTR,586171.5
a0F0L00000VK8i2UAD,3851 COUNTRY CLUB PL,03/13/2020 12:00:00 AM,REHAB,250340,10,70650.77805996,NOT CERTIFIED,,,QUALIFIED,-84.41059758,39.1499201100299,,HYDE PARK,HYDE PARK,416393.38
a0F0L00000VK8k8UAD,309 MULBERRY ST,01/14/2020 12:00:00 AM,NEW,661440,15,280006.69473504,PLATINUM,,,QUALIFIED,-84.51167602,39.1149778700299,,MOUNT AUBURN,MOUNT AUBURN,788000
a0F0L00000VK8kDUAT,421 STANLEY AV,01/15/2020 12:00:00 AM,NEW,455690,15,192906.76512429,GOLD,,,QUALIFIED,-84.43531308,39.1156987500299,,COLUMBIA-TUSCULUM,COLUMBIA TUSCULUM,480023
a0F0L00000VK8kIUAT,423 STANLEY AV,01/15/2020 12:00:00 AM,NEW,524960,15,222230.76086736,GOLD,,,QUALIFIED,-84.43522994,39.1157523200299,,,COLUMBIA TUSCULUM,450303
a0F0L00000VK8lBUAT,1619 MERRIMAC ST,01/16/2020 12:00:00 AM,NEW,275000,10,77610.30585,NOT CERTIFIED,,,QUALIFIED,-84.47515076,39.1345523100299,,EVANSTON,EVANSTON,378059
a0F0L00000VK8nWUAT,3631 BELLECREST AV,01/17/2020 12:00:00 AM,REHAB,257620,10,72705.33452028,NOT CERTIFIED,,,QUALIFIED,-84.41474074,39.1413732100299,,HYDE PARK,HYDE PARK,226617
a0F0L00000VK8ngUAD,1704 ELLA ST,01/21/2020 12:00:00 AM,REHAB,107220,10,30259.55270268,NOT CERTIFIED,,,QUALIFIED,-84.54373051,39.1644845100299,,NORTHSIDE,NORTHSIDE,146445
a0F0L00000VK8t2UAD,2213 ST JAMES AV,01/21/2020 12:00:00 AM,REHAB,182340,10,51459.86606796,NOT CERTIFIED,,,QUALIFIED,-84.49021671,39.1209846900299,,WALNUT HILLS,WALNUT HILLS,165000
a0F0L00000VK8t7UAD,6109 BRAMBLE AV,01/21/2020 12:00:00 AM,REHAB,187260,10,52848.38499444,NOT CERTIFIED,,,QUALIFIED,-84.39147435,39.1514329300299,,MADISONVILLE,MADISONVILLE,145000
a0F0L00000VK8tHUAT,1142 E ROOKWOOD DR,12/30/2019 12:00:00 AM,NEW,1401890,15,593460.60909849,PLATINUM,,,QUALIFIED,-84.4449108,39.1314446400299,,HYDE PARK,HYDE PARK,899861
a0F0L00000VK8tqUAD,2351 KENTON ST,01/22/2020 12:00:00 AM,REHAB,180720,10,51002.67081168,NOT CERTIFIED,,,QUALIFIED,-84.49459785,39.1245055500299,,WALNUT HILLS,WALNUT HILLS,219000
a0F0L00000VK8tvUAD,125 GOETHE ST,01/23/2020 12:00:00 AM,NEW,322950,15,136714.08149595,PLATINUM,,,QUALIFIED,-84.51341703,39.1170198100299,,OVER-THE-RHINE,MOUNT AUBURN,499800
a0F0L00000VK8u5UAD,3646 ZINSLE AV,01/23/2020 12:00:00 AM,REHAB,122500,10,34571.863515,NOT CERTIFIED,,,QUALIFIED,-84.4118848,39.1861071800299,,KENNEDY HEIGHTS,KENNEDY HEIGHTS,62049
a0F0L00000VK8uAUAT,4207 32ND AV,01/24/2019 12:00:00 AM,REHAB,166560,10,47006.44560864,NOT CERTIFIED,,,QUALIFIED,-84.43568585,39.1538365400299,,OAKLEY,OAKLEY,194900
a0F0L00000VK91YUAT,1258 HAYWARD AV,01/28/2020 12:00:00 AM,REHAB,,10,,NOT CERTIFIED,,,QUALIFIED,-84.5124602,39.1014537,,MOUNT LOOKOUT,N/A,215095
a0F0L00000VK91iUAD,18 KESSLER AV,01/29/2020 12:00:00 AM,REHAB,233040,10,65768.38427376,NOT CERTIFIED,,,QUALIFIED,-84.50429972,39.1632540300299,,AVONDALE,NORTH AVONDALE,157465
a0F0L00000VK91sUAD,4930 BOUTON ST,01/29/2020 12:00:00 AM,NEW,562000,15,237910.864842,GOLD,,,QUALIFIED,-84.4156167,39.1274444700299,,MOUNT LOOKOUT,LINWOOD,765000
a0F0L00000VK922UAD,4004 WHETSEL AVE,02/03/2020 12:00:00 AM,REHAB,102010,10,28789.19018094,NOT CERTIFIED,,,QUALIFIED,-84.3937173469388,39.1492777346939,,MADISONVILLE,N/A,81234
a0F0L00000VK92lUAD,3801 AYLESBORO AV,02/03/2020 12:00:00 AM,REHAB,131960,10,37241.65803624,NOT CERTIFIED,,,QUALIFIED,-84.40992134,39.1406730400299,,HYDE PARK,HYDE PARK,143322
a0F0L00000VK92qUAD,6433 HAMILTON AV,02/03/2020 12:00:00 AM,REHAB,154100,10,43489.9932054,NOT CERTIFIED,,,QUALIFIED,-84.54847546,39.2088814500298,,COLLEGE HILL,COLLEGE HILL,82200
a0F0L00000VK930UAD,2910 VAUGHN ST,02/05/2020 12:00:00 AM,REHAB,38860,10,10967.04176484,NOT CERTIFIED,,,QUALIFIED,-84.50646956,39.1331835300299,,CORRYVILLE,CORRYVILLE,130514
a0F0L00000VK935UAD,2360 CLIFTON AV,02/05/2020 12:00:00 AM,REHAB,27290,10,7701.76453326,NOT CERTIFIED,,,QUALIFIED,-84.51947032,39.1256879300299,,CUF,CUF,40992
a0F0L00000VK9HXUA1,33 WEEBETOOK LN,02/05/2020 12:00:00 AM,REHAB,122040,10,34442.04263976,NOT CERTIFIED,,,QUALIFIED,-84.45211345,39.1244160800299,,HYDE PARK,HYDE PARK,125214
a0F0L00000VK9HcUAL,5324 WELTNER ST,02/07/2020 12:00:00 AM,REHAB,169610,10,47867.21445534,NOT CERTIFIED,,,QUALIFIED,-84.3875268,39.1641462000299,,MADISONVILLE,MADISONVILLE,119975
a0F0L00000VK9I1UAL,2107 FULTON AV,02/07/2020 12:00:00 AM,REHAB,135130,10,38136.29319822,NOT CERTIFIED,,,QUALIFIED,-84.49223334,39.1184198500299,,WALNUT HILLS,WALNUT HILLS,170112
a0F0L00000VK9I6UAL,2200 VICTORY PW,02/10/2020 12:00:00 AM,REHAB,0,10,0,NOT CERTIFIED,,,QUALIFIED,,,,DOWNTOWN CINCINNATI,N/A,89007
a0F0L00000VK9IBUA1,6123 NAVARRE PL,02/10/2020 12:00:00 AM,REHAB,275000,10,77610.30585,NOT CERTIFIED,,,QUALIFIED,-84.38996298,39.1567583900299,,MADISONVILLE,MADISONVILLE,139701
a0F0L00000VK9IGUA1,411 PLUM ST,02/12/2020 12:00:00 AM,REHAB,226470,10,63914.20351218,GOLD,,,QUALIFIED,-84.51769178,39.0993395700299,,DOWNTOWN CINCINNATI,DOWNTOWN,368740
a0F0L00000VK9J4UAL,1245 IDA ST,02/13/2020 12:00:00 AM,REHAB,811690,10,229074.57874686,PLATINUM,,,QUALIFIED,-84.49925587,39.1104860200299,,MOUNT ADAMS,MOUNT ADAMS,1296711
a0F0L00000VK9JJUA1,5623 CHANDLER ST,02/18/2020 12:00:00 AM,REHAB,127850,10,36081.7367379,NOT CERTIFIED,,,QUALIFIED,-84.39583524,39.1636229100299,,MADISONVILLE,MADISONVILLE,114124
a0F0L00000VK9JOUA1,127 W 15TH ST,02/19/2020 12:00:00 AM,NEW,1037490,15,439199.54299809,PLATINUM,,,QUALIFIED,-84.51841789,39.1112189900299,,OVER-THE-RHINE,OTR,981787
a0F0L00000VK9JTUA1,511 BARNSIDE LN,02/20/2020 12:00:00 AM,NEW,345420,15,146226.28280022,GOLD,,,QUALIFIED,-84.68839351,39.1198630400299,,SAYLER PARK,SAYLER PARK,402866
a0F0L00000VK9K7UAL,2771 WALSH RD,02/20/2020 12:00:00 AM,REHAB,4220,10,1190.96542068,NOT CERTIFIED,,,QUALIFIED,-84.44149311,39.1298541600299,,HYDE PARK,HYDE PARK,73399
a0F0L00000VK9KCUA1,1608 MANSFIELD ST,02/20/2020 12:00:00 AM,REHAB,255940,10,72231.20610636,NOT CERTIFIED,,,QUALIFIED,-84.50959346,39.1127884200299,,MOUNT AUBURN,MOUNT AUBURN,406958
a0F0L00000VK9SwUAL,142 PEETE ST,02/21/2020 12:00:00 AM,NEW,186070,15,78768.81605187,PLATINUM,,,QUALIFIED,-84.51345493,39.1158412800299,,OVER-THE-RHINE,MOUNT AUBURN,185071
a0F0L00000VK9UMUA1,1615 MERRIMAC ST,02/24/2020 12:00:00 AM,NEW,275000,10,77610.30585,NOT CERTIFIED,,,QUALIFIED,-84.4753027,39.1345634500299,,EVANSTON,EVANSTON,375793
a0F0L00000VK9WNUA1,538 SLACK ST,02/26/2020 12:00:00 AM,NEW,459380,15,194468.84891658,GOLD,,,QUALIFIED,-84.50505054,39.1146526300299,,MOUNT AUBURN,MOUNT AUBURN,391568
a0F0L00000VK9WcUAL,3443 SHAW AVE,02/27/2020 12:00:00 AM,REHAB,258330,10,72905.71021902,NOT CERTIFIED,,,QUALIFIED,-84.4403108304024,39.1386867085386,,HYDE PARK,N/A,244000
a0F0L00000VK9XVUA1,3443 SHAW AVE,02/27/2020 12:00:00 AM,REHAB,227920,10,64323.42148848,NOT CERTIFIED,,,QUALIFIED,-84.4403108304024,39.1386867085386,,HYDE PARK,N/A,244000
a0F0L00000VK9XaUAL,3443 SHAW AV,02/27/2020 12:00:00 AM,REHAB,102730,10,28992.38807262,NOT CERTIFIED,,,QUALIFIED,-84.44047398,39.1388170200299,,HYDE PARK,HYDE PARK,244000
a0F0L00000VK9XfUAL,1151 SALISBURY DR,02/27/2020 12:00:00 AM,REHAB,106370,10,30019.66630278,NOT CERTIFIED,,,QUALIFIED,-84.42238061,39.1278908100299,,MOUNT LOOKOUT,MOUNT LOOKOUT,113050
a0F0L00000VK9XkUAL,3589 VAN ANTWERP PL,02/28/2020 12:00:00 AM,REHAB,33450,10,9440.2353843,NOT CERTIFIED,,,QUALIFIED,-84.49389096,39.1479390500299,,AVONDALE,AVONDALE,81270
a0F0L00000VK9XuUAL,909 MCPHERSON AV,02/28/2020 12:00:00 AM,NEW,133200,10,37591.6099608,NOT CERTIFIED,,,QUALIFIED,-84.57093782,39.1078995700299,,EAST PRICE HILL,EAST PRICE HILL,99349
a0F0L00000VK9Y4UAL,5598 REDCEDAR DR,03/02/2020 12:00:00 AM,NEW,238430,10,67289.54626842,NOT CERTIFIED,,,QUALIFIED,-84.53763061,39.1902979200299,,COLLEGE HILL,COLLEGE HILL,171475
a0F0L00000VK9YdUAL,3020 GRIEST AV,03/02/2020 12:00:00 AM,REHAB,70530,10,19904.92680582,NOT CERTIFIED,,,QUALIFIED,-84.43138358,39.1347809800299,,HYDE PARK,HYDE PARK,98208
a0F0L00000VK9jeUAD,1828 ELM ST,01/21/2020 12:00:00 AM,REHAB,459760,10,129753.14260944,PLATINUM,,,QUALIFIED,-84.51985254,39.1162335600299,,OVER-THE-RHINE,OTR,1500000
a0F0L00000VK9joUAD,2200 VICTORY PW,03/02/2020 12:00:00 AM,REHAB,5710,10,1611.47216874,NOT CERTIFIED,,,QUALIFIED,,,,WALNUT HILLS,N/A,11626
a0F0L00000VK9k8UAD,1527 LINGO ST,03/02/2020 12:00:00 AM,REHAB,273060,10,77062.80041964,NOT CERTIFIED,,,QUALIFIED,-84.53772538,39.1620377200299,,NORTHSIDE,NORTHSIDE,275000
a0F0L00000VK9kDUAT,3221 WOLD AV,03/02/2020 12:00:00 AM,REHAB,150720,10,42536.09199168,NOT CERTIFIED,,,QUALIFIED,-84.46851604,39.1356772900299,,EVANSTON,EVANSTON,202000
a0F4W00000UzKVHUA3,3243 ORION AV,07/24/2019 12:00:00 AM,REHAB,215250,10,60747.7030335,NOT CERTIFIED,,,QUALIFIED,-84.42527935,39.1814038300299,,PLEASANT RIDGE,PLEASANT RIDGE,150000
a0F4W00000UzKVMUA3,3535 ST CHARLES PL,05/11/2020 12:00:00 AM,REHAB,144730,10,40845.59842062,NOT CERTIFIED,,,QUALIFIED,-84.43842037,39.1402604600299,,HYDE PARK,HYDE PARK,314600
a0F4W00000UzKVRUA3,1719 BELLA VISTA ST,05/11/2020 12:00:00 AM,REHAB,219640,10,61986.64573416,NOT CERTIFIED,,,QUALIFIED,-84.46524996,39.1780691000299,,BOND HILL,BOND HILL,143355.23
a0F4W00000UzKVWUA3,2324 MADISON RD,05/12/2020 12:00:00 AM,REHAB,123160,10,34758.12824904,NOT CERTIFIED,,,QUALIFIED,-84.4572221597478,39.1375885,,HYDE PARK,N/A,104662.96
a0F4W00000UzKVbUAN,3559 LARKSPUR AV,05/14/2020 12:00:00 AM,REHAB,275000,10,77610.30585,NOT CERTIFIED,,,QUALIFIED,-84.45586971,39.1427186400299,,HYDE PARK,HYDE PARK,292950
a0F4W00000UzKVqUAN,2226 VICTOR ST,05/14/2020 12:00:00 AM,REHAB,0,10,0,NOT CERTIFIED,,,QUALIFIED,-84.52374348,39.1239776700299,,CUF,CUF,53843.37
a0F4W00000UzKVvUAN,2611 BELLEVUE AV,05/14/2020 12:00:00 AM,REHAB,44790,10,12640.60217826,NOT CERTIFIED,,,QUALIFIED,-84.50484134,39.1291589400299,,CORRYVILLE,CORRYVILLE,62479.99
a0F4W00000UzKW0UAN,2817 ASHLAND AVE,05/14/2020 12:00:00 AM,REHAB,84240,10,23774.15332656,NOT CERTIFIED,,,QUALIFIED,-84.4820080280465,39.1296117655328,,WALNUT HILLS,N/A,65000
a0F4W00000UzKWAUA3,2817 ASHLAND AVE,05/14/2020 12:00:00 AM,REHAB,85670,10,24177.72691698,NOT CERTIFIED,,,QUALIFIED,-84.4820080280465,39.1296117655328,,WALNUT HILLS,N/A,65000
a0F4W00000UzKWFUA3,2817 ASHLAND AVE,05/14/2020 12:00:00 AM,REHAB,198450,10,56006.4188943,NOT CERTIFIED,,,QUALIFIED,-84.4820080280465,39.1296117655328,,WALNUT HILLS,N/A,95000
a0F4W00000UzKWKUA3,1038 REDWAY AV,05/16/2020 12:00:00 AM,REHAB,194210,10,54809.80908774,NOT CERTIFIED,,,QUALIFIED,-84.47709108,39.1531981000299,,,NORTH AVONDALE,155000
a0F4W00000UzKWPUA3,5451 GRAFTON AV,05/16/2020 12:00:00 AM,NEW,275000,10,77610.30585,NOT CERTIFIED,,,QUALIFIED,-84.46186717,39.1818164500299,,BOND HILL,BOND HILL,328940
a0F4W00000UzKWUUA3,638 HAWTHORNE AV,05/18/2020 12:00:00 AM,NEW,84080,10,23728.99823952,NOT CERTIFIED,,,QUALIFIED,-84.56235684,39.1019203800299,,EAST PRICE HILL,EAST PRICE HILL,89939
a0F4W00000UzKWZUA3,1750 HANFIELD ST,05/18/2020 12:00:00 AM,REHAB,262800,10,74167.2304632,NOT CERTIFIED,,,QUALIFIED,-84.54646189,39.1631436300299,,NORTHSIDE,NORTHSIDE,185084
a0F4W00000UzKWeUAN,5741 SANCTUARY PL,06/02/2020 12:00:00 AM,NEW,588930,15,249311.11322313,GOLD,,,QUALIFIED,-84.43160253,39.0677190800299,,CALIFORNIA,CALIFORNIA,300418.38
a0F4W00000UzKWjUAN,5741 SANCTUARY PL,06/02/2020 12:00:00 AM,NEW,588930,15,249311.11322313,GOLD,,,QUALIFIED,-84.43160253,39.0677190800299,,CALIFORNIA,CALIFORNIA,433074.56
a0F4W00000UzKkCUAV,1714 WILLIAM H TAFT RD,06/29/2020 12:00:00 AM,NEW,356500,15,150916.7674665,GOLD,,,QUALIFIED,-84.47454136,39.1270175200299,,EAST WALNUT HILLS,EAST WALNUT HILLS,401360
a0F4W00000UzKpvUAF,1 CYPRESS GARDEN AV,06/02/2020 12:00:00 AM,REHAB,275000,10,77610.30585,NOT CERTIFIED,,,QUALIFIED,-84.51829325,39.1550198400299,,CLIFTON,CLIFTON,275000
a0F4W00000UzKq5UAF,2401 INGLESIDE AVE,06/02/2020 12:00:00 AM,REHAB,151670,10,42804.20032098,NOT CERTIFIED,,,QUALIFIED,-84.477862,39.123447,,EAST WALNUT HILLS,N/A,124760.8
a0F4W00000UzKqAUAV,3810 SPRING HOUSE LN,06/02/2020 12:00:00 AM,REHAB,24080,10,6795.84059952,NOT CERTIFIED,,,QUALIFIED,-84.50091511,39.1553182600299,,NORTH AVONDALE,AVONDALE - NORTH AVONDALE,37500
a0F4W00000UzKqKUAV,3212 OBSERVATORY AV,06/02/2020 12:00:00 AM,REHAB,462300,10,130469.9796162,GOLD,,,QUALIFIED,-84.42607886,39.1367188600299,,HYDE PARK,HYDE PARK,339000
a0F4W00000UzKqUUAV,231 WOOLPER AV,06/05/2020 12:00:00 AM,REHAB,154060,10,43478.70443364,NOT CERTIFIED,,,QUALIFIED,-84.51632186,39.1499184900299,,CLIFTON,CLIFTON,84100
a0F4W00000UzKqeUAF,3910 CHERRY ST,06/05/2020 12:00:00 AM,REHAB,247030,10,69716.63219682,NOT CERTIFIED,,,QUALIFIED,-84.54269071,39.1574878200299,,NORTHSIDE,NORTHSIDE,220642.5
a0F4W00000UzKqjUAF,3908 CHERRY ST,06/05/2020 12:00:00 AM,REHAB,257990,10,72809.75565906,NOT CERTIFIED,,,QUALIFIED,-84.54270223,39.1574228100299,,NORTHSIDE,NORTHSIDE,220652.5
a0F4W00000UzKqoUAF,7 ARCADIA PL,06/05/2020 12:00:00 AM,REHAB,99220,10,28001.79835068,NOT CERTIFIED,,,QUALIFIED,-84.43827647,39.1346824100299,,HYDE PARK,HYDE PARK,131940
a0F4W00000UzKr3UAF,3116 WOODBURN AV,06/05/2020 12:00:00 AM,NEW,275000,10,77610.30585,,,,QUALIFIED,-84.47588783,39.1348061400299,,EVANSTON,EVANSTON,478899
a0F4W00000UzKrIUAV,1271 GRACE AV,12/26/2019 12:00:00 AM,NEW,1514750,15,641237.51337975,PLATINUM,,,QUALIFIED,-84.43242986,39.1342950300299,,MOUNT LOOKOUT,MOUNT LOOKOUT,1335000
a0F4W00000UzL6JUAV,3872 DUCK CREEK RD,06/19/2020 12:00:00 AM,NEW,400000,15,169331.5764,SILVER,,,QUALIFIED,-84.41633573,39.1654394100299,,MADISONVILLE,MADISONVILLE,509390
a0F4W00000UzL6OUAV,50 E COURT ST,12/19/2019 12:00:00 AM,REHAB,249280,10,70351.62560832,GOLD,,,QUALIFIED,-84.5049102,39.1072382,,DOWNTOWN CINCINNATI,N/A,182473
a0F4W00000UzL6TUAV,50 E COURT ST,12/19/2019 12:00:00 AM,REHAB,203740,10,57499.35895956,GOLD,,,QUALIFIED,-84.5049102,39.1072382,,DOWNTOWN CINCINNATI,N/A,151067
a0F4W00000UzL6YUAV,1003 WALNUT ST,12/19/2019 12:00:00 AM,REHAB,260540,10,73529.41485876,GOLD,,,QUALIFIED,-84.5127845306123,39.1066086734694,,DOWNTOWN CINCINNATI,N/A,199965
a0F4W00000UzL6dUAF,50 E COURT ST,12/19/2019 12:00:00 AM,REHAB,244370,10,68965.92887478,GOLD,,,QUALIFIED,-84.5049102,39.1072382,,DOWNTOWN CINCINNATI,N/A,183467
a0F4W00000UzL6iUAF,50 E COURT ST,12/19/2019 12:00:00 AM,REHAB,203820,10,57521.93650308,GOLD,,,QUALIFIED,-84.5049102,39.1072382,,DOWNTOWN CINCINNATI,N/A,150471
a0F4W00000UzL6nUAF,1003 WALNUT ST,12/19/2019 12:00:00 AM,REHAB,250080,10,70577.40104352,GOLD,,,QUALIFIED,-84.5127845306123,39.1066086734694,,DOWNTOWN CINCINNATI,N/A,193008
a0F4W00000UzL6sUAF,1003 WALNUT ST,12/19/2019 12:00:00 AM,REHAB,387820,10,109450.28659908,GOLD,,,QUALIFIED,-84.51286814,39.1067161700299,,DOWNTOWN CINCINNATI,DOWNTOWN,291997
a0F4W00000UzL6xUAF,50 E COURT ST,12/19/2019 12:00:00 AM,REHAB,244070,10,68881.26308658,GOLD,,,QUALIFIED,-84.5049102,39.1072382,,DOWNTOWN CINCINNATI,N/A,183268
a0F4W00000UzL7HUAV,50 E COURT ST,12/19/2019 12:00:00 AM,REHAB,203310,10,57378.00466314,GOLD,,,QUALIFIED,-84.51302953,39.1067102700299,,DOWNTOWN CINCINNATI,DOWNTOWN,150272
a0F4W00000UzL7WUAV,5723 RIDGE AV,06/19/2020 12:00:00 AM,REHAB,172860,10,48784.42716084,NOT CERTIFIED,,,QUALIFIED,-84.42774216,39.1769735700299,,PLEASANT RIDGE,PLEASANT RIDGE,95000
a0F4W00000UzL7lUAF,1411 ELM ST,06/22/2020 12:00:00 AM,REHAB,619610,10,174865.89675534,PLATINUM,,,QUALIFIED,-84.51883021,39.1103549500299,,OVER-THE-RHINE,OTR,907723
a0F4W00000UzLB6UAN,2054 MISTYOAK LN,06/08/2020 12:00:00 AM,NEW,275000,10,77610.30585,,,,QUALIFIED,-84.45783369,39.1783885700299,,BOND HILL,BOND HILL,266018
a0F4W00000UzLBBUA3,1813 BAYMILLER ST,06/10/2020 12:00:00 AM,REHAB,273100,10,77074.0891914,NOT CERTIFIED,,,QUALIFIED,-84.52946347,39.1165438000299,,WEST END,WEST END,190000
a0F4W00000UzLBGUA3,603 HAWTHORNE AV,06/10/2020 12:00:00 AM,REHAB,174050,10,49120.2681207,NOT CERTIFIED,,,QUALIFIED,-84.5630752,39.1007389800299,,EAST PRICE HILL,EAST PRICE HILL,154152
a0F4W00000UzLBLUA3,2908 VAUGHN ST,06/08/2020 12:00:00 AM,REHAB,199080,10,56184.21704952,NOT CERTIFIED,,,QUALIFIED,-84.50648294,39.1331212300299,,CORRYVILLE,CORRYVILLE,155357.7
a0F4W00000UzLBQUA3,4229 KIRBY AV,06/08/2020 12:00:00 AM,REHAB,275000,10,77610.30585,NOT CERTIFIED,,,QUALIFIED,-84.54726815,39.1655300500299,,NORTHSIDE,NORTHSIDE,275000
a0F4W00000UzLBaUAN,2201 RICE ST,06/08/2020 12:00:00 AM,REHAB,275000,10,77610.30585,NOT CERTIFIED,,,QUALIFIED,-84.51455896,39.1201762300299,,MOUNT AUBURN,MOUNT AUBURN,275127.37
a0F4W00000UzLBfUAN,1535 BURDETTE CT,06/10/2020 12:00:00 AM,REHAB,196760,10,55529.46828744,NOT CERTIFIED,,,QUALIFIED,-84.47723426,39.1275109400299,,EAST WALNUT HILLS,EAST WALNUT HILLS,105843.63
a0F4W00000UzLBkUAN,4120 WITLER ST,06/15/2020 12:00:00 AM,REHAB,259690,10,73289.52845886,NOT CERTIFIED,,,QUALIFIED,-84.54508842,39.1617820500299,,NORTHSIDE,NORTHSIDE,185698.31
a0F4W00000UzLPVUA3,1319 SPRING ST,11/13/2019 12:00:00 AM,REHAB,40380,10,11396.01509172,NOT CERTIFIED,,,QUALIFIED,-84.50809461,39.1109883700299,,PENDLETON,PENDLETON,61780
a0F4W00000UzLPfUAN,1710 ELM ST,07/07/2020 12:00:00 AM,REHAB,275000,10,77610.30585,NOT CERTIFIED,,,QUALIFIED,-84.519559,39.1143873333333,,OVER-THE-RHINE,N/A,252131
a0F4W00000UzLPkUAN,1710 ELM ST,07/07/2020 12:00:00 AM,REHAB,202930,10,57270.76133142,NOT CERTIFIED,,,QUALIFIED,-84.519559,39.1143873333333,,OVER-THE-RHINE,N/A,192100
a0F4W00000UzLPpUAN,1710 ELM ST,07/07/2020 12:00:00 AM,REHAB,201590,10,56892.58747746,NOT CERTIFIED,,,QUALIFIED,-84.519559,39.1143873333333,,OVER-THE-RHINE,N/A,198103
a0F4W00000UzLQxUAN,4173 DANE AV,06/22/2020 12:00:00 AM,REHAB,263080,10,74246.25186552,NOT CERTIFIED,,,QUALIFIED,-84.53282914,39.1627410300299,,NORTHSIDE,NORTHSIDE,176849
a0F4W00000UzLR2UAN,114 PEETE ST,06/22/2020 12:00:00 AM,REHAB,29880,10,8432.71250472,NOT CERTIFIED,,,QUALIFIED,-84.51432461,39.1165777700299,,OVER-THE-RHINE,MOUNT AUBURN,107305
a0F4W00000UzLRRUA3,6121 ROE ST,06/22/2020 12:00:00 AM,REHAB,236560,10,66761.79618864,NOT CERTIFIED,,,QUALIFIED,-84.39030814,39.1552044200299,,MADISONVILLE,MADISONVILLE,249000
a0F4W00000UzLniUAF,6 GARDEN PL,06/23/2020 12:00:00 AM,NEW,1745030,15,738721.70191323,PLATINUM,,,QUALIFIED,-84.45855928,39.1394778000299,,HYDE PARK,HYDE PARK,2025199
a0F4W00000UzLnsUAF,902 SUIRE AV,06/23/2020 12:00:00 AM,REHAB,146200,10,41260.4607828,NOT CERTIFIED,,,QUALIFIED,-84.58180887,39.1085774300299,,WEST PRICE HILL,WEST PRICE HILL,66178
a0F4W00000UzNkPUAV,526 YORK ST,06/23/2020 12:00:00 AM,REHAB,275000,10,77610.30585,NOT CERTIFIED,,,QUALIFIED,-84.52566314,39.1172029500299,,WEST END,WEST END,196151
a0F4W00000UzNlNUAV,5333 INDIAN MOUND AV,06/26/2020 12:00:00 AM,REHAB,275000,10,77610.30585,NOT CERTIFIED,,,QUALIFIED,-84.4398983,39.1715090400299,,PLEASANT RIDGE,PLEASANT RIDGE,306174
a0F4W00000UzNlSUAV,1722 WILLIAM H TAFT RD,08/06/2020 12:00:00 AM,NEW,392500,15,166156.6093425,GOLD,,,QUALIFIED,-84.4742414,39.1270257600299,,EAST WALNUT HILLS,EAST WALNUT HILLS,410000
a0F4W00000UzNlXUAV,507 STANLEY AV,05/29/2020 12:00:00 AM,NEW,456480,15,193241.19498768,GOLD,,,QUALIFIED,-84.4319465,39.1174988200299,,COLUMBIA-TUSCULUM,COLUMBIA TUSCULUM,545610
a0F4W00000UzNmQUAV,3858 DRAKE AV,06/29/2020 12:00:00 AM,REHAB,562000,10,158607.243228,GOLD,,,QUALIFIED,-84.43486145,39.1493227800299,,OAKLEY,OAKLEY,654847
a0F4W00000UzNmaUAF,1514 ST LEGER PL,07/01/2020 12:00:00 AM,REHAB,227190,10,64117.40140386,NOT CERTIFIED,,,QUALIFIED,-84.47875253,39.1385420800299,,EVANSTON,EVANSTON,325000
a0F4W00000UzNn9UAF,437 PUEBLO ST,06/29/2020 12:00:00 AM,NEW,942240,15,398877.46136784,PLATINUM,,,QUALIFIED,-84.50711637,39.1141582300299,,MOUNT AUBURN,MOUNT AUBURN,1069447
a0F4W00000UzOVBUA3,540 EVANSWOOD PL,01/23/2020 12:00:00 AM,NEW,562000,15,237910.864842,GOLD,,,QUALIFIED,-84.52617476,39.1479835500299,,CLIFTON,CLIFTON,603410
a0F4W00000UzOVLUA3,1201 HALPIN AV,07/06/2020 12:00:00 AM,REHAB,275000,10,77610.30585,NOT CERTIFIED,,,QUALIFIED,-84.429287,39.1330124100299,,MOUNT LOOKOUT,MOUNT LOOKOUT,393746
a0F4W00000UzOVQUA3,4814 S RAEBURN DR,07/06/2020 12:00:00 AM,REHAB,118180,10,33352.67616492,NOT CERTIFIED,,,QUALIFIED,-84.55699657,39.1735461200299,,MOUNT AIRY,MOUNT AIRY,95263
a0F4W00000UzOZwUAN,7470 RODNEY COURT,11/07/2018 12:00:00 AM,NEW,,10,,NOT CERTIFIED,,,QUALIFIED,-84.5124602,39.1014537,,MOUNT ADAMS,N/A,932000
a0F4W00000UzOa1UAF,1712 WILLIAM H TAFT RD,07/10/2020 12:00:00 AM,NEW,352230,15,149109.15288843,GOLD,,,QUALIFIED,-84.47460341,39.1271163800299,,EAST WALNUT HILLS,EAST WALNUT HILLS,450000
a0F4W00000VVtj0UAD,1611 MERRIMAC ST,06/25/2020 12:00:00 AM,NEW,324420,15,137336.37503922,PLATINUM,,,QUALIFIED,-84.47545449,39.1345691000299,,EVANSTON,EVANSTON,416070
a0F4W00000VVtjoUAD,4017 DELANEY ST,07/14/2020 12:00:00 AM,REHAB,236470,10,66736.39645218,NOT CERTIFIED,,,QUALIFIED,-84.54411672,39.1595081800299,,NORTHSIDE,NORTHSIDE,133900
a0F4W00000VVtkNUAT,2893 DIRHEIM AV,07/14/2020 12:00:00 AM,REHAB,184530,10,52077.92632182,NOT CERTIFIED,,,QUALIFIED,-84.59673568,39.1442847400299,,WESTWOOD,WESTWOOD,161300
a0F4W00000VVtz5UAD,722 HAWTHORNE AVE,07/14/2020 12:00:00 AM,REHAB,225720,10,63702.53904168,NOT CERTIFIED,,,QUALIFIED,-84.5623732244898,39.1042572040816,,EAST PRICE HILL,N/A,160925.05
a0F4W00000VVtzUUAT,1108 FENMORE DR,07/15/2020 12:00:00 AM,REHAB,148360,10,41870.05445784,NOT CERTIFIED,,,QUALIFIED,-84.47909755,39.1804160100299,,BOND HILL,BOND HILL,124211
a0F4W00000VVu2nUAD,6709 DANIELS WALK,07/16/2020 12:00:00 AM,NEW,363590,15,153918.16965819,GOLD,,,QUALIFIED,-84.69074555,39.1186050000299,,SAYLER PARK,SAYLER PARK,389000
a0F4W00000VVu3MUAT,335 OREGON ST,07/16/2020 12:00:00 AM,NEW,1676040,15,709516.23827364,PLATINUM,,,QUALIFIED,-84.49865783,39.1053019300299,,MOUNT ADAMS,MOUNT ADAMS,2043301
a0F4W00000VVvGqUAL,2423 MARYLAND AV,07/15/2020 12:00:00 AM,REHAB,0,10,0,NOT CERTIFIED,,,QUALIFIED,-84.55558311,39.1046829700299,,EAST PRICE HILL,LOWER PRICE HILL,200000
a0F4W00000VVvGvUAL,2200 VICTORY PW,07/16/2020 12:00:00 AM,REHAB,53890,10,15208.79775366,NOT CERTIFIED,,,QUALIFIED,,,,WALNUT HILLS,N/A,75000
a0F4W00000VVvQtUAL,135 GOETHE ST,07/22/2020 12:00:00 AM,NEW,275000,10,77610.30585,NOT CERTIFIED,,,QUALIFIED,-84.51306081,39.1168021100299,,OVER-THE-RHINE,MOUNT AUBURN,585478
a0F4W00000VWEllUAH,2520 FOXCOVE CT,07/24/2020 12:00:00 AM,NEW,198450,10,56006.4188943,NOT CERTIFIED,,,QUALIFIED,-84.57927078,39.1497762000299,,WESTWOOD,WESTWOOD,232950
a0F4W00000VWEqvUAH,1424 1 ELM ST,07/22/2020 12:00:00 AM,NEW,641470,15,271552.81578327,PLATINUM,,,QUALIFIED,-84.51855327,39.1109935300299,,OVER-THE-RHINE,OTR,632101.95
a0F4W00000VWErUUAX,1424 ELM ST,07/22/2020 12:00:00 AM,NEW,800370,15,338819.78450817,PLATINUM,,,QUALIFIED,-84.518673,39.110892,,OVER-THE-RHINE,N/A,771945.31
a0F4W00000VWEyeUAH,2058 MISTYOAK LN,07/24/2020 12:00:00 AM,NEW,275000,10,77610.30585,NOT CERTIFIED,,,QUALIFIED,-84.45762553,39.1783893400299,,BOND HILL,BOND HILL,288870
a0F4W00000VWF23UAH,1216 ISIS AV,07/29/2020 12:00:00 AM,NEW,562000,15,237910.864842,GOLD,,,QUALIFIED,-84.42561321,39.1335326500299,,MOUNT LOOKOUT,MOUNT LOOKOUT,699413
a0F4W00000VWIYSUA5,3940 WARWICK AV,07/23/2020 12:00:00 AM,REHAB,183980,10,51922.70571012,NOT CERTIFIED,,,QUALIFIED,-84.49189744,39.1581561100299,,NORTH AVONDALE,NORTH AVONDALE,111500
a0F4W00000VWIq6UAH,1586 SPRINGLAWN AV,07/24/2020 12:00:00 AM,REHAB,275000,10,77610.30585,NOT CERTIFIED,,,QUALIFIED,-84.5428386,39.1764593700299,,NORTHSIDE,NORTHSIDE,159229
a0F4W00000VWJc7UAH,312 MULBERRY ST,07/30/2020 12:00:00 AM,NEW,744440,15,315142.99683804,PLATINUM,,,QUALIFIED,-84.51158604,39.1152534200299,,MOUNT AUBURN,MOUNT AUBURN,850000
a0F4W00000VWJcHUAX,2619 HACKBERRY ST,07/27/2020 12:00:00 AM,REHAB,128050,10,36138.1805967,NOT CERTIFIED,,,QUALIFIED,-84.47533787,39.1276609300299,,EAST WALNUT HILLS,EAST WALNUT HILLS,182821
a0F4W00000VWJgUUAX,4706 WHETSEL AV,07/27/2020 12:00:00 AM,REHAB,236510,10,66747.68522394,NOT CERTIFIED,,,QUALIFIED,-84.3932903,39.1568981600299,,MADISONVILLE,MADISONVILLE,222760
a0F4W00000VWJopUAH,3721 CHARLOE CT,07/27/2020 12:00:00 AM,REHAB,94680,10,26720.52275592,NOT CERTIFIED,,,QUALIFIED,-84.41733133,39.1670027900299,,MADISONVILLE,MADISONVILLE,71970
a0F4W00000VWPhYUAX,2256 LOTH ST,07/30/2020 12:00:00 AM,NEW,275000,10,77610.30585,,,,QUALIFIED,-84.5138724389267,39.1219331,,MOUNT AUBURN,N/A,314553
a0F4W00000VWPhdUAH,1106 DAYTON ST,07/30/2020 12:00:00 AM,REHAB,260940,10,73642.30257636,NOT CERTIFIED,,,QUALIFIED,-84.53317673,39.1187875100299,,WEST END,WEST END,90000
a0F4W00000VWPhnUAH,1319 BURDETTE AV,07/31/2020 12:00:00 AM,REHAB,275000,10,77610.30585,NOT CERTIFIED,,,QUALIFIED,-84.48177079,39.1279635100299,,EAST WALNUT HILLS,EAST WALNUT HILLS,160170
a0F4W00000VWPhsUAH,3635 MICHIGAN AV,07/31/2020 12:00:00 AM,NEW,562000,15,237910.864842,GOLD,,,QUALIFIED,-84.44164094,39.1437512000299,,HYDE PARK,HYDE PARK,690708
a0F4W00000VWRCrUAP,3535 LUMFORD PL,08/01/2020 12:00:00 AM,REHAB,111390,10,31436.40715866,NOT CERTIFIED,,,QUALIFIED,-84.41503477,39.1826200000299,,KENNEDY HEIGHTS,KENNEDY HEIGHTS,33700
a0F4W00000VWTfAUAX,2560 MOORMAN AV,08/01/2020 12:00:00 AM,REHAB,168310,10,47500.32937314,NOT CERTIFIED,,,QUALIFIED,-84.47624383,39.1269383100299,,EAST WALNUT HILLS,EAST WALNUT HILLS,79010
a0F4W00000VWTfFUAX,1610 MERRIMAC ST,08/04/2020 12:00:00 AM,NEW,519940,15,220105.64958354,GOLD,,,QUALIFIED,-84.47545922,39.1348628800299,,EVANSTON,EVANSTON,592544
a0F4W00000VWU0iUAH,4234 CHAMBERS ST,08/04/2020 12:00:00 AM,REHAB,221430,10,62491.81827042,NOT CERTIFIED,,,QUALIFIED,-84.5338935,39.1644731600299,,NORTHSIDE,NORTHSIDE,112000
a0F4W00000VWUjFUAX,1391 BURDETTE AVE,08/04/2020 12:00:00 AM,REHAB,75700,10,21364.0005558,NOT CERTIFIED,,,QUALIFIED,,,,EAST WALNUT HILLS,N/A,85670
a0F4W00000VWUjUUAX,1391 BURDETTE AVE,08/04/2020 12:00:00 AM,REHAB,73630,10,20779.80661722,NOT CERTIFIED,,,QUALIFIED,,,,EAST WALNUT HILLS,N/A,85670
a0F4W00000VWUjeUAH,1391 BURDETTE AV,08/04/2020 12:00:00 AM,REHAB,96910,10,27349.87178154,NOT CERTIFIED,,,QUALIFIED,-84.47871538,39.1276917800299,,EAST WALNUT HILLS,EAST WALNUT HILLS,85670
a0F4W00000VWUjjUAH,1391 BURDETTE AVE,08/04/2020 12:00:00 AM,REHAB,96720,10,27296.25011568,NOT CERTIFIED,,,QUALIFIED,,,,EAST WALNUT HILLS,N/A,85670
a0F4W00000VWUnwUAH,1391 BURDETTE AVE,08/04/2020 12:00:00 AM,REHAB,110630,10,31221.92049522,NOT CERTIFIED,,,QUALIFIED,,,,EAST WALNUT HILLS,N/A,85670
a0F4W00000VWUo1UAH,1391 BURDETTE AVE,08/04/2020 12:00:00 AM,REHAB,76150,10,21490.9992381,NOT CERTIFIED,,,QUALIFIED,,,,EAST WALNUT HILLS,N/A,85670
a0F4W00000VWUoVUAX,1391 BURDETTE AVE,08/04/2020 12:00:00 AM,REHAB,74100,10,20912.4496854,NOT CERTIFIED,,,QUALIFIED,,,,EAST WALNUT HILLS,N/A,85670
a0F4W00000VWUoaUAH,1391 BURDETTE AVE,08/04/2020 12:00:00 AM,REHAB,97320,10,27465.58169208,NOT CERTIFIED,,,QUALIFIED,,,,EAST WALNUT HILLS,N/A,85670
a0F4W00000VWUofUAH,1391 BURDETTE AVE,08/04/2020 12:00:00 AM,REHAB,97090,10,27400.67125446,NOT CERTIFIED,,,QUALIFIED,,,,EAST WALNUT HILLS,N/A,85670
a0F4W00000VWUopUAH,1391 BURDETTE AVE,08/04/2020 12:00:00 AM,REHAB,110630,10,31221.92049522,NOT CERTIFIED,,,QUALIFIED,,,,EAST WALNUT HILLS,N/A,85670
a0F4W00000VWUp4UAH,1391 BURDETTE AVE,08/04/2020 12:00:00 AM,REHAB,76150,10,21490.9992381,NOT CERTIFIED,,,QUALIFIED,,,,EAST WALNUT HILLS,N/A,85670
a0F4W00000VWV1mUAH,1391 BURDETTE AVE,08/04/2020 12:00:00 AM,REHAB,74100,10,20912.4496854,NOT CERTIFIED,,,QUALIFIED,,,,EAST WALNUT HILLS,N/A,85670
a0F4W00000VWV1rUAH,1391 BURDETTE AVE,08/04/2020 12:00:00 AM,REHAB,97320,10,27465.58169208,NOT CERTIFIED,,,QUALIFIED,,,,EAST WALNUT HILLS,N/A,85670
a0F4W00000VWV1wUAH,1391 BURDETTE AVE,08/04/2020 12:00:00 AM,REHAB,97090,10,27400.67125446,NOT CERTIFIED,,,QUALIFIED,,,,EAST WALNUT HILLS,N/A,85670
a0F4W00000VWV21UAH,1391 BURDETTE AVE,08/04/2020 12:00:00 AM,REHAB,110630,10,31221.92049522,NOT CERTIFIED,,,QUALIFIED,,,,EAST WALNUT HILLS,N/A,85670
a0F4W00000VWVQsUAP,239 WORTH ST,08/07/2020 12:00:00 AM,REHAB,195730,10,55238.78241462,NOT CERTIFIED,,,QUALIFIED,-84.44223961,39.1163238500299,,EAST END,EAST END,174442
a0F4W00000VWe1PUAT,441 PUEBLO ST,07/16/2020 12:00:00 AM,NEW,1368780,15,579444.18786198,PLATINUM,,,QUALIFIED,-84.50688796,39.1141841600299,,MOUNT AUBURN,MOUNT AUBURN,1645172
a0F4W00000VWe5mUAD,3602 VICTORIA LN,12/24/2019 12:00:00 AM,NEW,1212980,15,513489.53885418,PLATINUM,,,QUALIFIED,-84.42444495,39.1419054200299,,HYDE PARK,HYDE PARK,1200000
a0F4W00000VWe5rUAD,5120 SHATTUC AV,09/01/2020 12:00:00 AM,NEW,2279010,15,964770.88982841,PLATINUM,,,QUALIFIED,-84.4125982187997,39.12919405444,,LINWOOD,N/A,1811930
a0F4W00000VWe5wUAD,3239 NASH AV,08/07/2020 12:00:00 AM,REHAB,118180,10,33352.67616492,NOT CERTIFIED,,,QUALIFIED,-84.43182492,39.1251366400299,,MOUNT LOOKOUT,MOUNT LOOKOUT,264000
a0F4W00000VWe61UAD,3442 WELLSTON PL,08/07/2020 12:00:00 AM,REHAB,63810,10,18008.41315014,NOT CERTIFIED,,,QUALIFIED,-84.4238519,39.1378117800299,,HYDE PARK,HYDE PARK,110199.4
a0F4W00000VWeAEUA1,1107 PAXTON AV,08/10/2020 12:00:00 AM,REHAB,275000,10,77610.30585,NOT CERTIFIED,,,QUALIFIED,-84.4349743,39.1313184500299,,MOUNT LOOKOUT,HYDE PARK,447890
a0F4W00000VWh41UAD,1931 CHASE AV,08/07/2020 12:00:00 AM,NEW,253960,10,71672.41190424,NOT CERTIFIED,,,QUALIFIED,-84.55224299,39.1660788300299,,NORTHSIDE,NORTHSIDE,259000
a0F4W00000VWk5aUAD,1718 WILLIAM H TAFT RD,08/07/2020 12:00:00 AM,NEW,372500,15,157690.0305225,GOLD,,,QUALIFIED,-84.47432575,39.1270222400299,,EAST WALNUT HILLS,EAST WALNUT HILLS,400000
a0F4W00000VWofSUAT,1226 GRACE AV,12/24/2020 12:00:00 AM,NEW,943220,15,399292.32373002,PLATINUM,,,QUALIFIED,-84.43169188,39.1327140900299,,MOUNT LOOKOUT,MOUNT LOOKOUT,971980
a0F4W00000VWue1UAD,2952 HACKBERRY ST,08/27/2020 12:00:00 AM,NEW,275000,10,77610.30585,NOT CERTIFIED,,,QUALIFIED,-84.47439384,39.1315993000299,,EAST WALNUT HILLS,EAST WALNUT HILLS,440000
a0F4W00000VWuiEUAT,3274 BEREDITH PL,08/10/2020 12:00:00 AM,NEW,499260,15,211351.20708366,GOLD,,,QUALIFIED,-84.42549393,39.1874790200299,,PLEASANT RIDGE,PLEASANT RIDGE,462500
a0F4W00000VXAn5UAH,1614 MERRIMAC ST,08/10/2020 12:00:00 AM,NEW,275000,10,77610.30585,NOT CERTIFIED,,,QUALIFIED,-84.47526222,39.1348799600299,,EVANSTON,EVANSTON,513869.88
a0F4W00000VXB8tUAH,1228 GRACE AV,08/13/2020 12:00:00 AM,NEW,856010,15,362373.80678541,PLATINUM,,,QUALIFIED,-84.43163719,39.1327942100299,,MOUNT LOOKOUT,MOUNT LOOKOUT,994274
a0F4W00000VXBMLUA5,5731 PEABODY AV,08/17/2020 12:00:00 AM,NEW,275000,10,77610.30585,NOT CERTIFIED,,,QUALIFIED,-84.39490455,39.1580585600299,,MADISONVILLE,MADISONVILLE,190672
a0F4W00000VXEBgUAP,3720 AYLESBORO AV,08/17/2020 12:00:00 AM,REHAB,77280,10,21809.90704032,NOT CERTIFIED,,,QUALIFIED,-84.41270611,39.1412642600299,,HYDE PARK,HYDE PARK,150367
a0F4W00000VXEjCUAX,1917 WASHBURN ST,08/18/2020 12:00:00 AM,NEW,275000,10,77610.30585,NOT CERTIFIED,,,QUALIFIED,-84.55020229,39.1665385000299,,NORTHSIDE,NORTHSIDE,369423
a0F4W00000VXEjMUAX,2223 KENTON ST,08/20/2020 12:00:00 AM,REHAB,94160,10,26573.76872304,NOT CERTIFIED,,,QUALIFIED,-84.4950102015117,39.12198185,,WALNUT HILLS,N/A,49979
a0F4W00000VXEjlUAH,6409 ROE ST,08/26/2020 12:00:00 AM,REHAB,275000,10,77610.30585,NOT CERTIFIED,,,QUALIFIED,-84.3858852,39.1549238200299,,MADISONVILLE,MADISONVILLE,141292
a0F4W00000WTBRmUAP,4554 CRESAP AV,01/19/2021 12:00:00 AM,NEW,204460,10,57702.55685124,NOT CERTIFIED,,,QUALIFIED,-84.54864677,39.1730712200299,,NORTHSIDE,NORTHSIDE,186225
a0F4W00000WTBS6UAP,2544 MILLENNIUM PL,12/31/2020 12:00:00 AM,NEW,204800,10,57798.5114112,NOT CERTIFIED,,,QUALIFIED,-84.58253561,39.1492562100299,,WESTWOOD,WESTWOOD,210980
a0F4W00000WTEBUUA5,3030 LAVINIA AV,01/19/2021 12:00:00 AM,REHAB,179440,10,50641.43011536,NOT CERTIFIED,,,QUALIFIED,-84.4599936,39.1341088200299,,HYDE PARK,HYDE PARK,200000
a0F4W00000WTEBtUAP,520 PURCELL AV,01/21/2021 12:00:00 AM,REHAB,209090,10,59009.23218246,NOT CERTIFIED,,,QUALIFIED,-84.5647947,39.1014303600299,,EAST PRICE HILL,EAST PRICE HILL,200000
a0F4W00000WTECNUA5,4202 CHERRY ST,01/25/2021 12:00:00 AM,REHAB,233780,10,65977.22655132,NOT CERTIFIED,,,QUALIFIED,-84.54206072,39.1637051200299,,NORTHSIDE,NORTHSIDE,118900
a0F4W00000WTENXUA5,3084 OBSERVATORY AV,01/28/2021 12:00:00 AM,REHAB,141140,10,39832.43115516,NOT CERTIFIED,,,QUALIFIED,-84.42714612,39.1368411800299,,HYDE PARK,HYDE PARK,202127.56
a0F4W00000WTEOGUA5,3570 OUTLOOK AV,01/29/2021 12:00:00 AM,REHAB,40070,10,11308.52711058,NOT CERTIFIED,,,QUALIFIED,-84.43467213,39.1412257800299,,HYDE PARK,HYDE PARK,86000
a0F4W00000WTEOQUA5,3545 VISTA AV,01/26/2021 12:00:00 AM,REHAB,275000,10,77610.30585,NOT CERTIFIED,,,QUALIFIED,-84.45700397,39.1422274100299,,HYDE PARK,HYDE PARK,191937.51
a0F4W00000WTEShUAP,104 E MCMICKEN AV,01/05/2021 12:00:00 AM,REHAB,244940,10,69126.79387236,GOLD,,,QUALIFIED,-84.51425327,39.1147100100299,,OVER-THE-RHINE,OTR,579751
a0F4W00000WTET1UAP,506 DANDRIDGE ST,01/27/2021 12:00:00 AM,NEW,690750,15,292414.46599575,PLATINUM,,,QUALIFIED,-84.50675058,39.1113749500299,,PENDLETON,PENDLETON,743830
a0F4W00000WTETLUA5,1620 MERRIMAC ST,01/28/2021 12:00:00 AM,NEW,514500,15,217802.7401445,GOLD,,,QUALIFIED,-84.47498231,39.1348325500299,,EVANSTON,EVANSTON,526142.97
a0F4W00000WTETuUAP,419 E 13TH ST,02/03/2021 12:00:00 AM,NEW,562000,15,237910.864842,GOLD,,,QUALIFIED,-84.50754364,39.1102560900299,,PENDLETON,PENDLETON,500258.44
a0F4W00000WTEU9UAP,4325 31ST AV,01/21/2021 12:00:00 AM,NEW,546150,15,231201.10112715,GOLD,,,QUALIFIED,-84.43672582,39.1552247200299,,OAKLEY,OAKLEY,345000
a0F4W00000WTEhrUAH,5116 SHATTUC AV,01/25/2021 12:00:00 AM,NEW,1182870,15,500743.10444067,PLATINUM,,,QUALIFIED,-84.412624024892,39.1291936469754,,LINWOOD,N/A,655565.59
a0F4W00000WTG6GUAX,1800 FREEMAN AV,01/25/2021 12:00:00 AM,REHAB,123310,10,34800.46114314,NOT CERTIFIED,,,QUALIFIED,-84.53122433,39.1164278300299,,WEST END,WEST END,86180
a0F4W00000WTG6aUAH,2575 HANDASYDE AV,03/09/2021 12:00:00 AM,REHAB,31570,10,8909.66311158,NOT CERTIFIED,,,QUALIFIED,-84.44733261,39.1346945900299,,HYDE PARK,HYDE PARK,208187.29
a0F4W00000WTG6qUAH,448 WARREN AV,01/28/2021 12:00:00 AM,REHAB,153130,10,43216.24049022,NOT CERTIFIED,,,QUALIFIED,-84.52425676,39.1536415800299,,CLIFTON,CLIFTON,270740
a0F4W00000WTG9dUAH,3251 HARDISTY AV,02/02/2021 12:00:00 AM,REHAB,16280,10,4594.53010632,NOT CERTIFIED,,,QUALIFIED,-84.42551318,39.1309349800299,,MOUNT LOOKOUT,MOUNT LOOKOUT,112732.16
a0F4W00000WTG9zUAH,1804 RACE ST,02/03/2021 12:00:00 AM,REHAB,562000,10,158607.243228,GOLD,,,QUALIFIED,-84.5181735,39.1156018333333,,OVER-THE-RHINE,N/A,664099
a0F4W00000WTGA9UAP,1804 RACE ST,02/03/2021 12:00:00 AM,REHAB,562000,10,158607.243228,GOLD,,,QUALIFIED,-84.5181735,39.1156018333333,,OVER-THE-RHINE,N/A,651533
a0F4W00000WTGATUA5,1806 RACE ST,02/03/2021 12:00:00 AM,REHAB,67320,10,18999.00287208,GOLD,,,QUALIFIED,-84.51817775,39.11561675,,OVER-THE-RHINE,N/A,70421
a0F4W00000WTGAYUA5,1804 RACE ST,02/03/2021 12:00:00 AM,REHAB,553320,10,156157.57975608,GOLD,,,QUALIFIED,-84.5181735,39.1156018333333,,OVER-THE-RHINE,N/A,663110
a0F4W00000WTGAsUAP,2416 COPELEN ST,02/04/2021 12:00:00 AM,NEW,217590,10,61408.09618146,NOT CERTIFIED,,,QUALIFIED,-84.49151626,39.1250355600299,,WALNUT HILLS,WALNUT HILLS,303000
a0F4W00000WTHDzUAP,3062 OBRYON ST,02/03/2021 12:00:00 AM,NEW,157400,15,66631.9753134,GOLD,01/27/2022 12:00:00 AM,,QUALIFIED,-84.46096646,39.1343983100299,,EVANSTON,HYDE PARK,122548.26
a0F4W00000WTHEJUA5,2903 WALWORTH AV,02/03/2021 12:00:00 AM,NEW,562000,15,237910.864842,GOLD,,,QUALIFIED,-84.45010772,39.1219863000299,,EAST END,EAST END,1011082
a0F4W00000WTHIzUAP,5861 RHODE ISLAND AV,02/03/2021 12:00:00 AM,NEW,267500,10,75493.661145,NOT CERTIFIED,,,QUALIFIED,-84.45895831,39.1800290000299,,BOND HILL,BOND HILL,300000
a0F4W00000WTHJOUA5,2706 CLEINVIEW AV,02/10/2021 12:00:00 AM,REHAB,120690,10,34061.04659286,NOT CERTIFIED,,,QUALIFIED,-84.4735022,39.1283244000299,,EAST WALNUT HILLS,EAST WALNUT HILLS,185379.69
a0F4W00000WTHK2UAP,3459 HUDSON AV,02/11/2021 12:00:00 AM,REHAB,176360,10,49772.19468984,NOT CERTIFIED,,,QUALIFIED,-84.46805295,39.1410791700299,,EVANSTON,EVANSTON,227196.18
a0F4W00000WTHKvUAP,2595 PERKINS LN,02/10/2021 12:00:00 AM,NEW,1177370,15,498414.79526517,PLATINUM,,,QUALIFIED,-84.44616799,39.1359469600299,,HYDE PARK,HYDE PARK,966829.63
a0F4W00000WTHLKUA5,1203 RYLAND AV,02/10/2021 12:00:00 AM,NEW,155290,10,43825.83416526,NOT CERTIFIED,,,QUALIFIED,-84.47714438,39.1783528500299,,BOND HILL,BOND HILL,123957.95
a0F4W00000WTHLeUAP,529 RINGGOLD ST,02/10/2021 12:00:00 AM,NEW,426190,15,180418.56136479,GOLD,,,QUALIFIED,-84.50534808,39.1149495800299,,MOUNT AUBURN,MOUNT AUBURN,396741.5
a0F4W00000WTLoxUAH,1617 E MCMILLAN AVE,02/03/2021 12:00:00 AM,REHAB,38350,10,10823.1099249,NOT CERTIFIED,,,QUALIFIED,-84.5181034,39.1277522,,EAST WALNUT HILLS,N/A,51263.99
a0F4W00000WTLpWUAX,2858 MARKBREIT AV,02/12/2021 12:00:00 AM,REHAB,136480,10,38517.28924512,NOT CERTIFIED,,,QUALIFIED,-84.4367985,39.1520759900299,,OAKLEY,OAKLEY,84800
a0F4W00000WTLuUUAX,251 MCCULLOUGH ST,02/22/2021 12:00:00 AM,REHAB,215110,10,60708.19233234,NOT CERTIFIED,,,QUALIFIED,-84.43394791,39.1092048900299,,EAST END,COLUMBIA TUSCULUM - EAST END,300000
a0F4W00000WTMgkUAH,6287 COLLEGEVUE PL,02/17/2021 12:00:00 AM,NEW,274880,10,77576.43953472,NOT CERTIFIED,,,QUALIFIED,-84.55525625,39.2067483800299,,COLLEGE HILL,COLLEGE HILL,323000
a0F4W00000WTMgpUAH,1240 GRACE AV,02/17/2021 12:00:00 AM,NEW,1074470,15,454854.24723627,PLATINUM,,,QUALIFIED,-84.43165631,39.1332206700299,,MOUNT LOOKOUT,MOUNT LOOKOUT,1400000
a0F4W00000WTMgzUAH,406 BAUM ST,02/23/2021 12:00:00 AM,NEW,1193780,15,505361.62318698,PLATINUM,,,QUALIFIED,-84.50131715,39.1057592600299,,MOUNT ADAMS,MOUNT ADAMS,927815.31
a0F4W00000WTMh9UAH,2429 RIVERSIDE DR,03/05/2021 12:00:00 AM,NEW,1535640,15,650080.85495724,PLATINUM,,,QUALIFIED,-84.46434251,39.1238166400299,,EAST END,EAST END,1539695
a0F4W00000WTMhTUAX,3860 DUCK CREEK RD,03/01/2021 12:00:00 AM,NEW,415620,15,175943.97445842,GOLD,02/16/2022 12:00:00 AM,,QUALIFIED,-84.41653424,39.1654925100299,,MADISONVILLE,MADISONVILLE,484616
a0F4W00000WTMhxUAH,1716 WILLIAM H TAFT RD,03/04/2021 12:00:00 AM,NEW,352500,15,149223.4517025,GOLD,,,QUALIFIED,-84.47440029,39.1270401900299,,EAST WALNUT HILLS,EAST WALNUT HILLS,420000
a0F4W00000WTNcBUAX,3139 RIVERSIDE DR,02/03/2021 12:00:00 AM,REHAB,9720,10,2743.17153768,NOT CERTIFIED,,,QUALIFIED,-84.44534819,39.1191506600299,,EAST END,EAST END,12658.4
a0F4W00000WTNcQUAX,218 WOOLPER AV,02/18/2021 12:00:00 AM,REHAB,191720,10,54107.08304568,NOT CERTIFIED,,,QUALIFIED,-84.51566194,39.1502749000299,,CLIFTON,CLIFTON,172587.54
a0F4W00000WTPcoUAH,3651 WOODFORD RD,02/22/2021 12:00:00 AM,REHAB,218840,10,61760.87029896,NOT CERTIFIED,,,QUALIFIED,-84.41218809,39.1795554500299,,KENNEDY HEIGHTS,KENNEDY HEIGHTS,233231.28
a0F4W00000WTPcyUAH,3136 GLOSS AV,02/24/2021 12:00:00 AM,REHAB,160560,10,45313.12984464,NOT CERTIFIED,,,QUALIFIED,-84.42852391,39.1773799300299,,PLEASANT RIDGE,PLEASANT RIDGE,205000
a0F4W00000WTPdIUAX,4223 MAD ANTHONY ST,02/24/2021 12:00:00 AM,REHAB,126910,10,35816.45060154,NOT CERTIFIED,,,QUALIFIED,-84.53571147,39.1639886700299,,NORTHSIDE,NORTHSIDE,110000
a0F4W00000WTPdhUAH,1129 FULLER ST,02/25/2021 12:00:00 AM,REHAB,124400,10,35108.0801736,NOT CERTIFIED,,,QUALIFIED,-84.49624791,39.1085982700299,,MOUNT ADAMS,MOUNT ADAMS,264165
a0F4W00000WTPdwUAH,1720 WYOMING AV,03/01/2021 12:00:00 AM,REHAB,114600,10,32342.3310924,NOT CERTIFIED,,,QUALIFIED,-84.57466223,39.1195881300299,,WEST PRICE HILL,WEST PRICE HILL,75039
a0F4W00000WTPfOUAX,5704 ROE ST,03/01/2021 12:00:00 AM,REHAB,215990,10,60956.54531106,NOT CERTIFIED,,,QUALIFIED,-84.39602753,39.1570031100299,,MADISONVILLE,MADISONVILLE,120000
a0F4W00000WTPfTUAX,1658 ROSEMONT AVE,03/01/2021 12:00:00 AM,REHAB,90110,10,25430.78058234,NOT CERTIFIED,,,QUALIFIED,-84.5824801632653,39.118963122449,,WEST PRICE HILL,N/A,65649.81
a0F4W00000WTPgWUAX,3620 IDLEWILD AV,03/03/2021 12:00:00 AM,REHAB,132320,10,37343.25698208,NOT CERTIFIED,,,QUALIFIED,-84.4724452,39.1456120100299,,EVANSTON,EVANSTON,105000
a0F4W00000WTPhoUAH,1710 MARQUETTE AV,03/08/2021 12:00:00 AM,REHAB,131000,10,36970.727514,NOT CERTIFIED,,,QUALIFIED,-84.38828108,39.0852064700299,,MOUNT WASHINGTON,MOUNT WASHINGTON,20059.62
a0F4W00000WTPiXUAX,2527 S ROOKWOOD DR,03/02/2021 12:00:00 AM,REHAB,16210,10,4574.77475574,NOT CERTIFIED,,,QUALIFIED,-84.44712275,39.1288095200299,,HYDE PARK,HYDE PARK,267361.46
a0F4W00000WTPimUAH,3704 HYDE PARK AV,03/08/2021 12:00:00 AM,REHAB,275000,10,77610.30585,NOT CERTIFIED,,,QUALIFIED,-84.43696826,39.1447320700299,,OAKLEY,OAKLEY,356143.74
a0F4W00000WTPkOUAX,3948 FEEMSTER ST,12/28/2020 12:00:00 AM,NEW,534220,15,226150.78686102,GOLD,,,QUALIFIED,-84.43280874,39.1102308400299,,EAST END,COLUMBIA TUSCULUM,563275
a0F4W00000WTPkTUAX,770 N FRED SHUTTLESWORTH CR,03/08/2021 12:00:00 AM,NEW,500880,15,212036.99996808,GOLD,,,QUALIFIED,-84.4867296,39.1505066,,AVONDALE,N/A,516100.19
a0F4W00000WTPkYUAX,2418 COPELEN ST,03/10/2021 12:00:00 AM,NEW,217590,10,61408.09618146,NOT CERTIFIED,,,QUALIFIED,-84.49150718,39.1251319400299,,WALNUT HILLS,WALNUT HILLS,420809.56
a0F4W00000WTQBlUAP,4002 WHETSEL AV,04/02/2021 12:00:00 AM,REHAB,160700,10,45352.6405458,NOT CERTIFIED,,,QUALIFIED,-84.3936323,39.1492103100299,,MADISONVILLE,MADISONVILLE,225287.43
a0F4W00000WTZyUUAX,583 WIRHAM PL,03/04/2021 12:00:00 AM,REHAB,179660,10,50703.51836004,NOT CERTIFIED,,OWNER-OCCUPIED,QUALIFIED,-84.52788026,39.1439916100299,,CLIFTON,CLIFTON,68994
a0F4W00000WTZyoUAH,542 MILTON ST,03/08/2021 12:00:00 AM,REHAB,127600,10,36011.1819144,NOT CERTIFIED,,,QUALIFIED,-84.50499566,39.1132772200299,,MOUNT AUBURN,MOUNT AUBURN,98870.97
a0F4W00000WTa0BUAT,551 MISSOURI AV,03/16/2021 12:00:00 AM,REHAB,124710,10,35195.56815474,NOT CERTIFIED,,,QUALIFIED,-84.4324409,39.1203522000299,,COLUMBIA-TUSCULUM,COLUMBIA TUSCULUM,145313.54
a0F4W00000WTa0QUAT,1844 CLARION AV,03/18/2021 12:00:00 AM,REHAB,235470,10,66454.17715818,NOT CERTIFIED,,,QUALIFIED,-84.46728446,39.1447200800299,,EVANSTON,EVANSTON,160563.86
a0F4W00000WTa2CUAT,829 DAYTON ST,03/22/2021 12:00:00 AM,REHAB,275000,10,77610.30585,NOT CERTIFIED,,,QUALIFIED,-84.52823323,39.1180115700299,,WEST END,WEST END,345000
a0F4W00000WTbUrUAL,3510 BAYARD DR,12/28/2020 12:00:00 AM,NEW,1647350,15,697370.93095635,PLATINUM,,,QUALIFIED,-84.42651876,39.1385523800299,,HYDE PARK,HYDE PARK,1539659
a0F4W00000WTbVBUA1,1711 KINNEY AV,03/22/2021 12:00:00 AM,REHAB,254560,10,71841.74348064,NOT CERTIFIED,,,QUALIFIED,-84.47350932,39.1362295400299,,EVANSTON,EVANSTON,149632.11
a0F4W00000WTbVyUAL,3309 WESTSIDE AV,03/22/2021 12:00:00 AM,REHAB,62720,10,17700.79411968,NOT CERTIFIED,,,QUALIFIED,-84.44580917,39.1365643100299,,HYDE PARK,HYDE PARK,96777
a0F4W00000WTc5eUAD,4530 BRISTOL LN,03/25/2021 12:00:00 AM,NEW,275000,15,116415.458775,GOLD,03/25/2024 12:00:00 AM,,QUALIFIED,-84.475441,39.1673798600299,,PADDOCK HILLS,PADDOCK HILLS,397191.16
a0F4W00000WTcRSUA1,3305 BACH AV,03/29/2021 12:00:00 AM,NEW,399580,15,169153.77824478,SILVER,,,QUALIFIED,-84.42474144,39.1526338700299,,OAKLEY,OAKLEY,440000
a0F4W00000WTcRhUAL,6008 BRAMBLE AV,03/29/2021 12:00:00 AM,NEW,275000,10,77610.30585,NOT CERTIFIED,,,QUALIFIED,-84.39249824,39.1518907700299,,MADISONVILLE,MADISONVILLE,282471.6
a0F4W00000WTcSLUA1,1608 MERRIMAC ST,03/31/2021 12:00:00 AM,NEW,562000,15,237910.864842,GOLD,,,QUALIFIED,-84.47555109,39.1348695500299,,EVANSTON,EVANSTON,678866.22
a0F4W00000WTcTJUA1,3586 1/2 HANDMAN AV,04/05/2021 12:00:00 AM,NEW,511990,15,216740.18450259,GOLD,,,QUALIFIED,-84.43324361,39.1174600600299,,COLUMBIA-TUSCULUM,COLUMBIA TUSCULUM,615200.58
a0F4W00000WTcU2UAL,3226 WALWORTH AV,04/05/2021 12:00:00 AM,NEW,899090,15,380610.81756369,PLATINUM,,,QUALIFIED,-84.44373729,39.1193383400299,,EAST END,COLUMBIA TUSCULUM - EAST END,787704
a0F4W00000WTca2UAD,1127 CARNEY ST,04/09/2021 12:00:00 AM,REHAB,241560,10,68172.89265864,NOT CERTIFIED,,,QUALIFIED,-84.49552488,39.1085042700299,,MOUNT ADAMS,MOUNT ADAMS,228629.33
a0F4W00000WTcbQUAT,3533 BURCH AV,04/13/2021 12:00:00 AM,REHAB,403820,10,113965.79530308,GOLD,,,QUALIFIED,-84.44731286,39.1413406800299,,HYDE PARK,HYDE PARK,391598.97
a0F4W00000WTd0MUAT,3650 GRANDIN RD,04/26/2021 12:00:00 AM,REHAB,275000,10,77610.30585,NOT CERTIFIED,,,QUALIFIED,-84.43080637,39.1210805900299,,MOUNT LOOKOUT,COLUMBIA TUSCULUM - MT LOOKOUT,372900
a0F4W00000WTd0bUAD,3848 BROADVIEW DR,03/26/2021 12:00:00 AM,REHAB,7910,10,2232.35461554,NOT CERTIFIED,,,QUALIFIED,-84.41100279,39.1506843100299,,HYDE PARK,HYDE PARK,113475
a0F4W00000WTd0vUAD,3848 BROADVIEW DR,03/26/2021 12:00:00 AM,REHAB,7910,10,2232.35461554,NOT CERTIFIED,,,QUALIFIED,-84.41100279,39.1506843100299,,HYDE PARK,HYDE PARK,59120
a0F4W00000WTd1PUAT,4300 HAMILTON AV,03/29/2021 12:00:00 AM,REHAB,33370,10,9417.65784078,NOT CERTIFIED,,,QUALIFIED,-84.54057442,39.1656968400299,,NORTHSIDE,NORTHSIDE,104358.71
a0F4W00000WTd3kUAD,3455 CARDIFF AV,03/29/2021 12:00:00 AM,REHAB,126630,10,35737.42919922,NOT CERTIFIED,,,QUALIFIED,-84.42041124,39.1547402800299,,OAKLEY,OAKLEY,136400
a0F4W00000WTf9yUAD,510 PURCELL AV,03/31/2021 12:00:00 AM,REHAB,220550,10,62243.4652917,NOT CERTIFIED,,,QUALIFIED,-84.56484135,39.1011823600299,,EAST PRICE HILL,EAST PRICE HILL,118386
a0F4W00000WTfAFUA1,8310 CURZON AV,03/31/2021 12:00:00 AM,REHAB,217230,10,61306.49723562,NOT CERTIFIED,,,QUALIFIED,-84.46442726,39.2126703300299,,HARTWELL,HARTWELL,189000
a0F4W00000WTh4DUAT,1541 RUTH AV,03/31/2021 12:00:00 AM,REHAB,251890,10,71088.21796566,NOT CERTIFIED,,,QUALIFIED,-84.47724826,39.1389104900299,,EVANSTON,EVANSTON,66762.93
a0F4W00000WTh4cUAD,4712 PEABODY AV,04/01/2021 12:00:00 AM,REHAB,142030,10,40083.60632682,NOT CERTIFIED,,,QUALIFIED,-84.39626333,39.1578897000299,,MADISONVILLE,MADISONVILLE,221000
a0F4W00000WTh4hUAD,6002 BRAMBLE AV,04/05/2021 12:00:00 AM,REHAB,164090,10,46309.36395246,NOT CERTIFIED,,,QUALIFIED,-84.3927683,39.1519130000299,,MADISONVILLE,MADISONVILLE,135161.22
a0F4W00000WTh4wUAD,402 RESOR AV,04/05/2021 12:00:00 AM,REHAB,207340,10,58515.34841796,NOT CERTIFIED,,,QUALIFIED,-84.52236162,39.1478160500299,,CLIFTON,CLIFTON,243500
a0F4W00000WThGLUA1,2324 MADISON RD,04/08/2021 12:00:00 AM,REHAB,16020,10,4521.15308988,NOT CERTIFIED,,,QUALIFIED,-84.4572221597478,39.1375885,,HYDE PARK,N/A,30150
a0F4W00000WThGVUA1,2401 INGLESIDE AVE,04/08/2021 12:00:00 AM,REHAB,138170,10,38994.23985198,NOT CERTIFIED,,,QUALIFIED,-84.477862,39.123447,,EAST WALNUT HILLS,N/A,122510
a0F4W00000WThMuUAL,1299 MORTEN ST,04/06/2021 12:00:00 AM,NEW,562000,15,237910.864842,GOLD,,,QUALIFIED,-84.44101621,39.1356472100299,,HYDE PARK,HYDE PARK,880000
a0F4W00000WTjSoUAL,3784 MILLSBRAE AV,04/06/2021 12:00:00 AM,REHAB,275000,10,77610.30585,NOT CERTIFIED,,,QUALIFIED,-84.43943209,39.1477505100299,,OAKLEY,OAKLEY,239848.66
a0F4W00000WTjTDUA1,1411 RACE ST,04/09/2021 12:00:00 AM,NEW,1067010,15,451696.21333641,PLATINUM,,,QUALIFIED,-84.51736494,39.1107538900299,,OVER-THE-RHINE,OTR,1289606
a0F4W00000WTjThUAL,2117 STORRS ST,04/09/2021 12:00:00 AM,REHAB,131820,10,37202.14733508,NOT CERTIFIED,,,QUALIFIED,-84.55162856,39.1030028300299,,LOWER PRICE HILL,LOWER PRICE HILL,92276.84
a0F4W00000WTjTmUAL,2879 WALWORTH AV,04/12/2021 12:00:00 AM,NEW,562000,15,237910.864842,GOLD,,,QUALIFIED,-84.45078254,39.1221644400299,,EAST END,EAST END,1307636
a0F4W00000WTjVvUAL,3223 MADISON RD,04/12/2021 12:00:00 AM,NEW,455300,15,192741.6668373,GOLD,,,QUALIFIED,-84.42944457,39.1533021300299,,OAKLEY,OAKLEY,529000
a0F4W00000WTjWKUA1,845 DAYTON ST,03/29/2021 12:00:00 AM,REHAB,275000,10,77610.30585,NOT CERTIFIED,,,QUALIFIED,-84.5288375,39.1180605600299,,WEST END,WEST END,200000
a0F4W00000WTjYVUA1,3859 MT VERNON AV,04/15/2021 12:00:00 AM,NEW,562000,15,237910.864842,GOLD,,,QUALIFIED,-84.43156453,39.1494551900299,,OAKLEY,OAKLEY,691630
a0F4W00000WTjYzUAL,3125 MADISON RD,04/12/2021 12:00:00 AM,NEW,452140,15,191403.94738374,GOLD,,,QUALIFIED,-84.4128221,39.1619514,,OAKLEY,N/A,505000
a0F4W00000WTjZOUA1,3127 MADISON RD,04/12/2021 12:00:00 AM,NEW,455300,15,192741.6668373,GOLD,,,QUALIFIED,-84.4128221,39.1619514,,OAKLEY,N/A,574900
a0F4W00000WTjZYUA1,3131 MADISON RD,04/12/2021 12:00:00 AM,NEW,452140,15,191403.94738374,GOLD,,,QUALIFIED,-84.4128221,39.1619514,,OAKLEY,N/A,503000
a0F4W00000WTjZiUAL,3133 MADISON RD,04/12/2021 12:00:00 AM,NEW,455300,15,192741.6668373,GOLD,,,QUALIFIED,-84.4128221,39.1619514,,OAKLEY,N/A,529000
a0F4W00000WTjZsUAL,3135 MADISON RD,04/12/2021 12:00:00 AM,NEW,452140,15,191403.94738374,GOLD,,,QUALIFIED,-84.4128221,39.1619514,,OAKLEY,N/A,574900
a0F4W00000WTjaTUAT,4137 TAIYLOR AVE,04/12/2021 12:00:00 AM,NEW,552000,15,233677.575432,GOLD,,,QUALIFIED,,,,OAKLEY,N/A,579000
a0F4W00000WTjbHUAT,4139 TAYLOR AVE,04/12/2021 12:00:00 AM,NEW,471000,15,199387.931211,GOLD,,,QUALIFIED,-84.4285897878788,39.152734030303,,OAKLEY,N/A,569000
a0F4W00000WTlQAUA1,3334 BROTHERTON RD,04/27/2021 12:00:00 AM,REHAB,245760,10,69358.21369344,NOT CERTIFIED,,,QUALIFIED,-84.42322289,39.1540724700299,,OAKLEY,OAKLEY,164506
a0F4W00000WTmXTUA1,103 JUERGENS AV,04/14/2021 12:00:00 AM,REHAB,275000,10,77610.30585,NOT CERTIFIED,,,QUALIFIED,-84.51373717,39.1516900200299,,CLIFTON,CLIFTON,300645.95
a0F4W00000WTn0JUAT,1637 OTTE AV,06/10/2021 12:00:00 AM,REHAB,121050,10,34162.6455387,NOT CERTIFIED,,,QUALIFIED,-84.54541259,39.1728608800299,,NORTHSIDE,NORTHSIDE,5493
a0F4W00000WTn0OUAT,2902 MAPLELEAF AV,04/16/2021 12:00:00 AM,REHAB,132280,10,37331.96821032,NOT CERTIFIED,,,QUALIFIED,-84.43539471,39.1749825100299,,PLEASANT RIDGE,PLEASANT RIDGE,95000
a0F4W00000WTn0TUAT,3048 CLEINVIEW AV,04/23/2021 12:00:00 AM,REHAB,275000,10,77610.30585,NOT CERTIFIED,,,QUALIFIED,-84.47307718,39.1332832300299,,EVANSTON,EAST WALNUT HILLS,240247.4
a0F4W00000WTn7mUAD,2546 PERKINS LN,04/26/2021 12:00:00 AM,REHAB,169200,10,47751.5045448,NOT CERTIFIED,,,QUALIFIED,-84.4483343,39.1366498800299,,HYDE PARK,HYDE PARK,251906.5
a0F4W00000WTn7rUAD,1017 PARKSIDE PL,04/28/2021 12:00:00 AM,REHAB,275000,10,77610.30585,NOT CERTIFIED,,,QUALIFIED,-84.49385769,39.1102303700299,,MOUNT ADAMS,MOUNT ADAMS,302917.16
a0F4W00000WTnSIUA1,6721 DANIELS WALK,06/04/2021 12:00:00 AM,NEW,297900,15,126109.6915239,GOLD,,,QUALIFIED,-84.68947094,39.1181359300299,,SAYLER PARK,SAYLER PARK,379900
a0F4W00000WTnYXUA1,4651 HOWARD AV,04/22/2021 12:00:00 AM,REHAB,177410,10,50068.52494854,NOT CERTIFIED,,,QUALIFIED,-84.54267402,39.1753273000299,,NORTHSIDE,NORTHSIDE,126000
a0F4W00000WTnZ1UAL,4226 CHAMBERS ST,04/22/2021 12:00:00 AM,REHAB,192370,10,54290.52558678,NOT CERTIFIED,,,QUALIFIED,-84.53386346,39.1642031700299,,NORTHSIDE,NORTHSIDE,120243
a0F4W00000WTnZ6UAL,2815 ASHLAND AVE,04/23/2021 12:00:00 AM,REHAB,130010,10,36691.33041294,NOT CERTIFIED,,,QUALIFIED,-84.4820117286345,39.1295898661632,,WALNUT HILLS,N/A,108463
a0F4W00000WTnZBUA1,2815 ASHLAND AVE,04/23/2021 12:00:00 AM,REHAB,79990,10,22574.72132706,NOT CERTIFIED,,,QUALIFIED,-84.4820117286345,39.1295898661632,,WALNUT HILLS,N/A,98563
a0F4W00000WTnZGUA1,2815 ASHLAND AVE,04/23/2021 12:00:00 AM,REHAB,204660,10,57759.00071004,NOT CERTIFIED,,,QUALIFIED,-84.4820117286345,39.1295898661632,,WALNUT HILLS,N/A,179126
a0F4W00000WTnZfUAL,2819 ASHLAND AVE,04/22/2021 12:00:00 AM,REHAB,191760,10,54118.37181744,NOT CERTIFIED,,,QUALIFIED,-84.4820043274586,39.1296336649025,,WALNUT HILLS,N/A,219237
a0F4W00000WTnZxUAL,2823 ASHLAND AVE,04/22/2021 12:00:00 AM,REHAB,191760,10,54118.37181744,NOT CERTIFIED,,,QUALIFIED,-84.4819969262827,39.1296774636419,,WALNUT HILLS,N/A,219237
a0F4W00000WTna5UAD,2821 ASHLAND AVE,04/22/2021 12:00:00 AM,REHAB,187760,10,52989.49464144,NOT CERTIFIED,,,QUALIFIED,-84.4820006268707,39.1296555642722,,WALNUT HILLS,N/A,215237
a0F4W00000WTnaxUAD,2825 ASHLAND AVE,04/22/2021 12:00:00 AM,REHAB,172910,10,48798.53812554,NOT CERTIFIED,,,QUALIFIED,-84.4819932256948,39.1296993630116,,WALNUT HILLS,N/A,196337
a0F4W00000WTnb7UAD,2827 ASHLAND AVE,04/22/2021 12:00:00 AM,REHAB,191810,10,54132.48278214,NOT CERTIFIED,,,QUALIFIED,-84.4819895251069,39.1297212623812,,WALNUT HILLS,N/A,215237
a0F4W00000WTqI9UAL,2829 ASHLAND AVE,04/22/2021 12:00:00 AM,REHAB,195810,10,55261.35995814,NOT CERTIFIED,,,QUALIFIED,-84.4819858245189,39.1297431617509,,WALNUT HILLS,N/A,219237
a0F4W00000WTqIEUA1,2831 ASHLAND AVE,04/22/2021 12:00:00 AM,REHAB,197750,10,55808.8653885,NOT CERTIFIED,,,QUALIFIED,-84.481982123931,39.1297650611206,,WALNUT HILLS,N/A,225237
a0F4W00000WTqIJUA1,2833 ASHLAND AVE,04/22/2021 12:00:00 AM,REHAB,199700,10,56359.1930118,NOT CERTIFIED,,,QUALIFIED,-84.4819784233431,39.1297869604903,,WALNUT HILLS,N/A,223137
a0F4W00000WTqIdUAL,2837 ASHLAND AV,04/22/2021 12:00:00 AM,REHAB,167800,10,47356.3975332,NOT CERTIFIED,,,QUALIFIED,-84.48211298,39.1306342300299,,WALNUT HILLS,WALNUT HILLS,198524
a0F4W00000WTqInUAL,2837 ASHLAND AVE,04/22/2021 12:00:00 AM,REHAB,162300,10,45804.1914162,NOT CERTIFIED,,,QUALIFIED,-84.4819710221672,39.1298307592296,,WALNUT HILLS,N/A,188690
a0F4W00000WTqIxUAL,1241 CHAPEL ST,04/22/2021 12:00:00 AM,REHAB,131450,10,37097.7261963,NOT CERTIFIED,,,QUALIFIED,-84.4827441714796,39.1307745811791,,WALNUT HILLS,N/A,152434
a0F4W00000WTqJ2UAL,1243 CHAPEL ST,04/22/2021 12:00:00 AM,REHAB,163300,10,46086.4107102,NOT CERTIFIED,,,QUALIFIED,-84.4827329683107,39.1307737568657,,WALNUT HILLS,N/A,194369
a0F4W00000WTrDkUAL,1245 CHAPEL ST,04/22/2021 12:00:00 AM,REHAB,78050,10,22027.2158967,NOT CERTIFIED,,,QUALIFIED,-84.4827217651417,39.1307729325522,,WALNUT HILLS,N/A,103590
a0F4W00000WTrDuUAL,1247 CHAPEL ST,04/22/2021 12:00:00 AM,REHAB,106450,10,30042.2438463,NOT CERTIFIED,,,QUALIFIED,-84.4827105619728,39.1307721082388,,WALNUT HILLS,N/A,136396
a0F4W00000WTrFbUAL,4133 TAYLOR AVE,04/27/2021 12:00:00 AM,NEW,469500,15,198752.9377995,GOLD,,,QUALIFIED,-84.4285326666667,39.1526523333333,,OAKLEY,N/A,554000
a0F4W00000WTrFlUAL,4131 TAYLOR AVE,04/27/2021 12:00:00 AM,NEW,482000,15,204044.549562,GOLD,,,QUALIFIED,-84.4285136262626,39.1526251010101,,OAKLEY,N/A,535000
a0F4W00000WTs6EUAT,3121 MADISON RD,04/27/2021 12:00:00 AM,NEW,455300,15,192741.6668373,GOLD,,,QUALIFIED,-84.4128221,39.1619514,,OAKLEY,N/A,584700
a0F4W00000WTsfHUAT,253 ST PETERS ST,05/06/2021 12:00:00 AM,NEW,562000,15,237910.864842,GOLD,,,QUALIFIED,-84.4499365,39.1206744200299,,EAST END,EAST END,583500
a0F4W00000WTsfXUAT,1618 MERRIMAC ST,05/14/2021 12:00:00 AM,NEW,525360,15,222400.09244376,GOLD,,,QUALIFIED,-84.47507503,39.1348694200299,,EVANSTON,EVANSTON,503857.33
a0F4W00000WTshVUAT,3074 OBSERVATORY AV,04/26/2021 12:00:00 AM,REHAB,86250,10,24341.4141075,NOT CERTIFIED,,,QUALIFIED,-84.42744269,39.1369186400299,,HYDE PARK,HYDE PARK,230000
a0F4W00000WTsiOUAT,2948 HACKBERRY ST,04/30/2021 12:00:00 AM,REHAB,226170,10,63829.53772398,NOT CERTIFIED,,,QUALIFIED,-84.47442416,39.1314735500299,,EAST WALNUT HILLS,EAST WALNUT HILLS,295850
a0F4W00000WTsioUAD,10 FOREST HILL DR,05/03/2021 12:00:00 AM,REHAB,230310,10,64997.92560114,NOT CERTIFIED,,,QUALIFIED,-84.4071511,39.1445027200299,,HYDE PARK,HYDE PARK,868002.83
a0F4W00000WTtdvUAD,406 MOHAWK ST,05/03/2021 12:00:00 AM,REHAB,251990,10,71116.43989506,NOT CERTIFIED,,,QUALIFIED,-84.52568923,39.1216837100299,,OVER-THE-RHINE,OTR,129688.87
a0F4W00000WTtfIUAT,1222 MANSS AV,05/06/2021 12:00:00 AM,REHAB,106480,10,30050.71042512,NOT CERTIFIED,,,QUALIFIED,-84.57783636,39.1148833800299,,WEST PRICE HILL,WEST PRICE HILL,261651.02
a0F4W00000WTtgBUAT,1403 LUDLOW PL,04/26/2021 12:00:00 AM,REHAB,194530,10,54900.11926182,NOT CERTIFIED,,,QUALIFIED,-84.5342744,39.1622147500299,,NORTHSIDE,NORTHSIDE,249952.26
a0F4W00000WTuj8UAD,2819 URWILER AVE,05/03/2021 12:00:00 AM,REHAB,150030,10,42341.36067882,NOT CERTIFIED,,,QUALIFIED,-84.5950226811807,39.1502421,,WESTWOOD,N/A,255000
a0F4W00000WTujcUAD,1611 WILLIAM H TAFT RD,05/05/2021 12:00:00 AM,REHAB,176140,10,49710.10644516,NOT CERTIFIED,,,QUALIFIED,-84.47601896,39.1268534400299,,EAST WALNUT HILLS,EAST WALNUT HILLS,184000
a0F4W00000WTujrUAD,4513 HOMER AV,05/05/2021 12:00:00 AM,REHAB,152800,10,43123.1081232,NOT CERTIFIED,,,QUALIFIED,-84.38864899,39.1543537600299,,MADISONVILLE,MADISONVILLE,345000
a0F4W00000WTul4UAD,121 GREEN ST,05/05/2021 12:00:00 AM,REHAB,275000,10,77610.30585,NOT CERTIFIED,,,QUALIFIED,-84.51901724,39.1139227900299,,OVER-THE-RHINE,OTR,275095
a0F4W00000WTumCUAT,1826 REPUBLIC ST,05/12/2021 12:00:00 AM,REHAB,272550,10,76918.8685797,NOT CERTIFIED,,,QUALIFIED,-84.5173251,39.1165889900299,,OVER-THE-RHINE,OTR,234510
a0F4W00000WTunyUAD,1722 PLEASANT ST,05/04/2021 12:00:00 AM,REHAB,516920,10,145884.79745448,GOLD,,,QUALIFIED,-84.51873554,39.1148682900299,,OVER-THE-RHINE,OTR,758905.98
a0F4W00000WTxsbUAD,3700 DUCK CREEK RD,05/17/2021 12:00:00 AM,NEW,436000,15,184571.418276,GOLD,02/10/2022 12:00:00 AM,,QUALIFIED,-84.41804179,39.1656653200299,,MADISONVILLE,MADISONVILLE,443652
a0F4W00000WTxslUAD,539 RINGGOLD ST,05/19/2021 12:00:00 AM,NEW,429620,15,181870.57963242,GOLD,,,QUALIFIED,-84.50499807,39.1149144400299,,MOUNT AUBURN,MOUNT AUBURN,396741.5
a0F4W00000WTxtAUAT,2616 HACKBERRY ST,05/24/2021 12:00:00 AM,NEW,461190,15,195235.07429979,GOLD,,,QUALIFIED,-84.47486099,39.1275666200299,,EAST WALNUT HILLS,EAST WALNUT HILLS,400000
a0F4W00000WTxtjUAD,1040 ST GREGORY ST,05/24/2021 12:00:00 AM,REHAB,263190,10,74277.29598786,NOT CERTIFIED,,,QUALIFIED,-84.49750601,39.1071914600299,,MOUNT ADAMS,MOUNT ADAMS,165173
a0F4W00000WTxu8UAD,507 W MCMICKEN AV,05/25/2021 12:00:00 AM,REHAB,275000,10,77610.30585,NOT CERTIFIED,,,QUALIFIED,-84.52894979,39.1216437100299,,OVER-THE-RHINE,OTR,277000
a0F4W00000WTzVWUA1,4245 MAD ANTHONY ST,05/26/2021 12:00:00 AM,REHAB,112900,10,31862.5582926,NOT CERTIFIED,,,QUALIFIED,-84.53579535,39.1647407900299,,NORTHSIDE,NORTHSIDE,51314
a0F4W00000WU0jnUAD,1319 SUNCREST DR,05/25/2021 12:00:00 AM,REHAB,161420,10,45555.83843748,NOT CERTIFIED,,,QUALIFIED,-84.4233323334223,39.1348561974988,,MOUNT LOOKOUT,N/A,626565.9
a0F4W00000WU2OtUAL,251 KLOTTER AV,08/21/2020 12:00:00 AM,REHAB,74440,10,21008.40424536,NOT CERTIFIED,,,QUALIFIED,-84.52281115,39.1220371800299,,CUF,CUF,54501
a0F4W00000WU2T6UAL,5806 MONTGOMERY RD,08/24/2020 12:00:00 AM,REHAB,125910,10,35534.23130754,NOT CERTIFIED,,,QUALIFIED,-84.43635198,39.1782878800299,,PLEASANT RIDGE,PLEASANT RIDGE,69008
a0F4W00000WU9XaUAL,3462 WOODBURN AV,08/27/2020 12:00:00 AM,REHAB,139620,10,39403.45782828,NOT CERTIFIED,,,QUALIFIED,-84.47523378,39.1420687600299,,EVANSTON,EVANSTON,56245
a0F4W00000WUFfMUAX,132 WINKLER ST,09/25/2020 12:00:00 AM,REHAB,214970,10,60668.68163118,NOT CERTIFIED,,,QUALIFIED,-84.51307827,39.1195547600299,,MOUNT AUBURN,MOUNT AUBURN,117500
a0F4W00000WUFfRUAX,2242 IVY AV,08/31/2020 12:00:00 AM,REHAB,158740,10,44799.49072956,NOT CERTIFIED,,,QUALIFIED,-84.45746881,39.1420383100299,,HYDE PARK,HYDE PARK,103327
a0F4W00000WULrDUAX,541 RINGGOLD ST,08/07/2020 12:00:00 AM,NEW,472430,15,199993.29159663,GOLD,,,QUALIFIED,-84.50493449,39.1149100500299,,MOUNT AUBURN,MOUNT AUBURN,545405
a0F4W00000WULrNUAX,3878 DUCK CREEK RD,08/24/2020 12:00:00 AM,NEW,432520,15,183098.23356132,GOLD,02/08/2022 12:00:00 AM,,QUALIFIED,-84.41622671,39.1654287100299,,MADISONVILLE,MADISONVILLE,437323
a0F4W00000WULrSUAX,1959 WASHBURN ST,08/31/2020 12:00:00 AM,NEW,272070,10,76783.40331858,NOT CERTIFIED,,,QUALIFIED,-84.55213216,39.1672370100299,,NORTHSIDE,NORTHSIDE,294900
a0F4W00000WUPKCUA5,6711 DANIELS WALK,08/31/2020 12:00:00 AM,NEW,380890,15,161241.76033749,GOLD,,,QUALIFIED,-84.69052761,39.1185647600299,,SAYLER PARK,SAYLER PARK,375242
a0F4W00000WUPOPUA5,3685 GROVEDALE PL,08/31/2020 12:00:00 AM,REHAB,25630,10,7233.28050522,NOT CERTIFIED,,,QUALIFIED,-84.449576700313,39.14389125,,HYDE PARK,N/A,191865
a0F4W00000WUPPzUAP,502 DANDRIDGE ST,09/01/2020 12:00:00 AM,NEW,648200,15,274401.8195562,PLATINUM,,,QUALIFIED,-84.50694424,39.1113379700299,,PENDLETON,PENDLETON,800206
a0F4W00000WUPUCUA5,4763 CHAPELRIDGE DR,09/03/2020 12:00:00 AM,REHAB,59040,10,16662.22711776,NOT CERTIFIED,,,QUALIFIED,-84.55341663,39.1707769600299,,MOUNT AIRY,MOUNT AIRY,58000
a0F4W00000WUPUHUA5,1325 FLEMING ST,09/04/2020 12:00:00 AM,REHAB,275000,10,77610.30585,NOT CERTIFIED,,,QUALIFIED,-84.48195007,39.1239706800299,,EAST WALNUT HILLS,EAST WALNUT HILLS,599347
a0F4W00000WUPhCUAX,2944 HACKBERRY ST,09/04/2020 12:00:00 AM,NEW,453520,15,191988.14132232,GOLD,,,QUALIFIED,-84.47444989,39.1313852300299,,EAST WALNUT HILLS,EAST WALNUT HILLS,403750
a0F4W00000WUQ3BUAX,2412 INGLESIDE AVE,09/16/2020 12:00:00 AM,REHAB,92580,10,26127.86223852,NOT CERTIFIED,,,QUALIFIED,-84.4776326530612,39.1235920204082,,EAST WALNUT HILLS,N/A,692200
a0F4W00000WUQ7OUAX,2620 ROOKWOOD LN,09/10/2020 12:00:00 AM,REHAB,275000,10,77610.30585,NOT CERTIFIED,,,QUALIFIED,-84.44445387,39.1310898000299,,HYDE PARK,HYDE PARK,290000
a0F4W00000WUQ7TUAX,3337 TRIMBLE AV,09/10/2020 12:00:00 AM,REHAB,162090,10,45744.92536446,NOT CERTIFIED,,,QUALIFIED,-84.46715368,39.1384958800299,,EVANSTON,EVANSTON,160634
a0F4W00000WUQBqUAP,1720 DEXTER AVE,09/11/2020 12:00:00 AM,REHAB,234500,10,66180.424443,NOT CERTIFIED,,,QUALIFIED,-84.4733675908937,39.1341122,,EVANSTON,N/A,236214
a0F4W00000WUZfNUAX,1726 HEWITT AV,09/11/2020 12:00:00 AM,REHAB,275000,10,77610.30585,NOT CERTIFIED,,,QUALIFIED,-84.47272511,39.1376517400299,,EVANSTON,EVANSTON,198557
a0F4W00000WUZfXUAX,3300 ROYAL PL,09/14/2020 12:00:00 AM,REHAB,141490,10,39931.20790806,NOT CERTIFIED,,,QUALIFIED,-84.4250068,39.1305602800299,,MOUNT LOOKOUT,MOUNT LOOKOUT,412708
a0F4W00000WUhQOUA1,531 MILTON ST,09/16/2020 12:00:00 AM,REHAB,136100,10,38410.0459134,NOT CERTIFIED,,,QUALIFIED,-84.50544991,39.1130112200299,,MOUNT AUBURN,MOUNT AUBURN,219977
a0F4W00000WUisLUAT,4607 MATHIS ST,09/16/2020 12:00:00 AM,REHAB,134940,10,38082.67153236,NOT CERTIFIED,,,QUALIFIED,-84.39135485,39.1559057700299,,MADISONVILLE,MADISONVILLE,117321
a0F4W00000WUj1AUAT,6409 ROE ST,09/22/2020 12:00:00 AM,REHAB,275000,10,77610.30585,NOT CERTIFIED,,,QUALIFIED,-84.3858852,39.1549238200299,,MADISONVILLE,MADISONVILLE,70000
a0F4W00000WUwBBUA1,6613 BRITTON AV,09/23/2020 12:00:00 AM,REHAB,80390,10,22687.60904466,NOT CERTIFIED,,,QUALIFIED,-84.38386288,39.1524172400299,,MADISONVILLE,MADISONVILLE,61714.91
a0F4W00000WUwfFUAT,3270 BEREDITH PL,08/13/2020 12:00:00 AM,NEW,459110,15,194354.55010251,GOLD,,,QUALIFIED,-84.42573994,39.1874419800299,,PLEASANT RIDGE,PLEASANT RIDGE,462500
a0F4W00000WUwfjUAD,1212 ISIS AV,08/10/2020 12:00:00 AM,NEW,562000,15,237910.864842,GOLD,,,QUALIFIED,-84.42564973,39.1334496500299,,MOUNT LOOKOUT,MOUNT LOOKOUT,580062.41
a0F4W00000WUwfoUAD,335 W FIFTH ST,06/21/2019 12:00:00 AM,REHAB,63180,10,17830.61499492,NOT CERTIFIED,,,QUALIFIED,-84.5183871020408,39.100308122449,,DOWNTOWN CINCINNATI,N/A,163838
a0F4W00000WUwg8UAD,3338 BEVIS AV,09/25/2020 12:00:00 AM,REHAB,168020,10,47418.48577788,NOT CERTIFIED,,,QUALIFIED,-84.46549933,39.1382405200299,,EVANSTON,EVANSTON,103500
a0F4W00000WUwgDUAT,1153 ROSSMORE AV,09/29/2020 12:00:00 AM,NEW,162090,10,45744.92536446,NOT CERTIFIED,,,QUALIFIED,-84.47803002,39.1790325100298,,BOND HILL,BOND HILL,101886.52
a0F4W00000WUwgNUAT,3424 GOLDEN AV,08/13/2020 12:00:00 AM,NEW,562000,15,237910.864842,GOLD,,,QUALIFIED,-84.43955219,39.1199780300299,,COLUMBIA-TUSCULUM,COLUMBIA TUSCULUM,605070
a0F4W00000WUwgXUAT,3426 GOLDEN AV,10/19/2020 12:00:00 AM,NEW,562000,15,237910.864842,GOLD,,,QUALIFIED,-84.43948746,39.1199267700299,,COLUMBIA-TUSCULUM,COLUMBIA TUSCULUM,604850
a0F4W00000WUwvzUAD,3837 BROADVIEW DR,10/05/2020 12:00:00 AM,REHAB,247060,10,69725.09877564,NOT CERTIFIED,,,QUALIFIED,-84.41141683,39.1511369400299,,HYDE PARK,HYDE PARK,332919
a0F4W00000WUxThUAL,6918 MERWIN AV,10/05/2020 12:00:00 AM,REHAB,275000,10,77610.30585,NOT CERTIFIED,,,QUALIFIED,-84.3762865,39.1529797500299,,MADISONVILLE,MADISONVILLE,191225
a0F4W00000WUxTrUAL,4231 TURRILL ST,10/02/2020 12:00:00 AM,REHAB,184220,10,51990.43834068,NOT CERTIFIED,,,QUALIFIED,-84.5415074,39.1647200300299,,NORTHSIDE,NORTHSIDE,1200000
a0F4W00000WUxTwUAL,1428 APJONES ST,09/30/2020 12:00:00 AM,REHAB,153110,10,43210.59610434,,,,QUALIFIED,-84.53562986,39.1651070400299,,NORTHSIDE,NORTHSIDE,41071.02
a0F4W00000WUxU1UAL,816 HORACE ST,10/07/2020 12:00:00 AM,REHAB,0,10,0,NOT CERTIFIED,,,QUALIFIED,-84.5275117,39.1186402000299,,KENNEDY HEIGHTS,WEST END,78562
a0F4W00000WUxUBUA1,3872 HYDE PARK AV,10/08/2020 12:00:00 AM,REHAB,275000,10,77610.30585,NOT CERTIFIED,,,QUALIFIED,-84.43829205,39.1503293900299,,OAKLEY,OAKLEY,335900
a0F4W00000WUxUGUA1,2301 VICTORY PKWY,10/08/2020 12:00:00 AM,NEW,464000,15,196424.628624,GOLD,,,QUALIFIED,-84.48513675,39.1227225600299,,WALNUT HILLS,WALNUT HILLS,426368
a0F4W00000WUxmhUAD,2303 VICTORY PKWY,10/08/2020 12:00:00 AM,NEW,484000,15,204891.207444,GOLD,,,QUALIFIED,-84.48512135,39.1227916400299,,WALNUT HILLS,WALNUT HILLS,435701
a0F4W00000WUxoZUAT,2307 VICTORY PKWY,10/08/2020 12:00:00 AM,NEW,459000,15,194307.983919,GOLD,,,QUALIFIED,-84.48510833,39.1228886700299,,WALNUT HILLS,WALNUT HILLS,426368
a0F4W00000WUxp3UAD,4135 31ST AV,10/12/2020 12:00:00 AM,REHAB,194670,10,54939.62996298,NOT CERTIFIED,,,QUALIFIED,-84.43684648,39.1539198700299,,OAKLEY,OAKLEY,201500
a0F4W00000WUxp8UAD,1230 MYRTLE AV,10/13/2020 12:00:00 AM,REHAB,259260,10,73168.17416244,NOT CERTIFIED,,,QUALIFIED,-84.48247542,39.1297111400299,,WALNUT HILLS,WALNUT HILLS,295000
a0F4W00000WUxpDUAT,1415 HERSCHEL AV,10/13/2020 12:00:00 AM,NEW,1070970,15,453372.59594277,PLATINUM,,,QUALIFIED,-84.42170972,39.1363711600299,,HYDE PARK,MOUNT LOOKOUT,1102299
a0F4W00000WUxpIUAT,2623 GLENDORA AV,10/14/2020 12:00:00 AM,REHAB,349490,10,98632.82106006,GOLD,,,QUALIFIED,-84.51060373,39.1300758200299,,CORRYVILLE,CORRYVILLE,738706
a0F4W00000WUxpNUAT,6722 DANIELS WALK,10/14/2020 12:00:00 AM,NEW,309900,15,131189.6388159,GOLD,,,QUALIFIED,-84.68902639,39.1178332500299,,SAYLER PARK,SAYLER PARK,
a0F4W00000WUxzrUAD,3781 HYDE PARK AV,10/19/2020 12:00:00 AM,REHAB,153740,10,43388.39425956,NOT CERTIFIED,,,QUALIFIED,-84.43737094,39.1473529800299,,OAKLEY,OAKLEY,275000
a0F4W00000WUyYDUA1,4904 JAMESON ST,10/19/2020 12:00:00 AM,REHAB,147310,10,41573.72419914,NOT CERTIFIED,,,QUALIFIED,-84.38316812,39.1584375800299,,MADISONVILLE,MADISONVILLE,74000
a0F4W00000WUyYNUA1,3175 VICTORIA AVE,10/19/2020 12:00:00 AM,REHAB,275000,10,77610.30585,NOT CERTIFIED,,,QUALIFIED,-84.4258424193676,39.141879942931,,HYDE PARK,N/A,436831
a0F4W00000WUzAOUA1,2516 FOXCOVE CT,10/19/2020 12:00:00 AM,NEW,198400,10,55992.3079296,NOT CERTIFIED,,,QUALIFIED,-84.57940959,39.1496995500299,,WESTWOOD,WESTWOOD,232900
a0F4W00000WWNsjUAH,3696 TRASKWOOD CIR,09/24/2020 12:00:00 AM,REHAB,75250,10,21237.0018735,NOT CERTIFIED,,,QUALIFIED,-84.40819645,39.1427240500299,,HYDE PARK,HYDE PARK,204387
a0F4W00000WWO1PUAX,1411 HERSCHEL AV,10/21/2020 12:00:00 AM,NEW,562000,15,237910.864842,GOLD,,,QUALIFIED,-84.42135177,39.1361766200299,,MOUNT LOOKOUT,MOUNT LOOKOUT,1249000
a0F4W00000WWOOmUAP,4215 ROSE HILL AV,10/20/2020 12:00:00 AM,REHAB,,10,,SILVER,,,QUALIFIED,-84.5124602,39.1014537,,NORTH AVONDALE,N/A,80435
a0F4W00000WWOOrUAP,538 DELTA AV,10/21/2020 12:00:00 AM,REHAB,275000,10,77610.30585,NOT CERTIFIED,,,QUALIFIED,-84.43696385,39.1202366600299,,COLUMBIA-TUSCULUM,COLUMBIA TUSCULUM,366807
a0F4W00000WWOP1UAP,1309 CAROLINA AV,10/21/2020 12:00:00 AM,NEW,138550,10,39101.4831837,NOT CERTIFIED,,,QUALIFIED,-84.47522844,39.1751310700299,,BOND HILL,BOND HILL,94363.53
a0F4W00000WWOkxUAH,1319 DILLON AV,10/23/2020 12:00:00 AM,REHAB,253570,10,71562.34637958,NOT CERTIFIED,,,QUALIFIED,-84.41704287,39.1334956600299,,MOUNT LOOKOUT,MOUNT LOOKOUT,489407
a0F4W00000WWOl7UAH,1344 WILLIAM H TAFT RD,11/20/2020 12:00:00 AM,REHAB,275000,10,77610.30585,NOT CERTIFIED,,,QUALIFIED,-84.48050047,39.1273698800299,,EAST WALNUT HILLS,EAST WALNUT HILLS,359130
a0F4W00000WWOnOUAX,1577 GLEN ARMAND AV,10/26/2020 12:00:00 AM,REHAB,200830,10,56678.10081402,NOT CERTIFIED,,,QUALIFIED,-84.5422213,39.1726006500299,,NORTHSIDE,NORTHSIDE,149500
a0F4W00000WWOnZUAX,2200 VICTORY PKWY,10/30/2020 12:00:00 AM,REHAB,112700,10,31806.1144338,NOT CERTIFIED,,,QUALIFIED,-84.48537249,39.1202127800299,,EAST WALNUT HILLS,EAST WALNUT HILLS,184080
a0F4W00000WWPU4UAP,3627 ZUMSTEIN AV,10/28/2020 12:00:00 AM,NEW,473720,15,200539.38593052,GOLD,,,QUALIFIED,-84.44462215,39.1432908300299,,HYDE PARK,HYDE PARK,689541.72
a0F4W00000WWPWSUA5,3120 MURDOCK AV,11/02/2020 12:00:00 AM,REHAB,241490,10,68153.13730806,NOT CERTIFIED,,,QUALIFIED,-84.56409937,39.0977576600299,,EAST PRICE HILL,EAST PRICE HILL,85000
a0F4W00000WWPWcUAP,540 EMPRESS AV,11/02/2020 12:00:00 AM,NEW,562000,15,237910.864842,GOLD,,,QUALIFIED,-84.43619214,39.1201375000299,,COLUMBIA-TUSCULUM,COLUMBIA TUSCULUM,960000
a0F4W00000WWPWrUAP,5800 CAROTHERS ST,11/04/2020 12:00:00 AM,REHAB,193240,10,54536.05637256,NOT CERTIFIED,,,QUALIFIED,-84.39465401,39.1576888900299,,MADISONVILLE,MADISONVILLE,170754
a0F4W00000WWPWwUAP,5757 PANDORA AV,11/04/2020 12:00:00 AM,REHAB,203160,10,57335.67176904,NOT CERTIFIED,,,QUALIFIED,-84.42569734,39.1756945400299,,PLEASANT RIDGE,PLEASANT RIDGE,178598
a0F4W00000WWPXVUA5,3735 MAYFIELD AV,11/04/2020 12:00:00 AM,REHAB,93580,10,26410.08153252,NOT CERTIFIED,,,QUALIFIED,-84.57397521,39.1156228600299,,WEST PRICE HILL,EAST PRICE HILL,180000
a0F4W00000WWPl3UAH,1554 RUTH AV,11/17/2020 12:00:00 AM,REHAB,227550,10,64219.0003497,NOT CERTIFIED,,,QUALIFIED,-84.476674,39.1392940600299,,EVANSTON,EVANSTON,315000
a0F4W00000WWPl8UAH,331 OREGON ST,11/12/2020 12:00:00 AM,NEW,1570030,15,664639.13723823,PLATINUM,,,QUALIFIED,-84.49851065,39.1052083500299,,MOUNT ADAMS,MOUNT ADAMS,1829825
a0F4W00000WWPmRUAX,3643 WOODFORD RD,11/12/2020 12:00:00 AM,NEW,265000,10,74788.11291,NOT CERTIFIED,,,QUALIFIED,-84.41253656,39.1794683100299,,KENNEDY HEIGHTS,KENNEDY HEIGHTS,279826
a0F4W00000WWPmWUAX,3322 MONTEITH AV,11/16/2020 12:00:00 AM,NEW,771500,15,326598.2779815,PLATINUM,,,QUALIFIED,-84.4372317,39.1362205000299,,HYDE PARK,HYDE PARK,1030000
a0F4W00000WXpUqUAL,139 WINKLER ST,11/18/2020 12:00:00 AM,REHAB,202300,10,57092.9631762,NOT CERTIFIED,,,QUALIFIED,-84.51327484,39.1192289300299,,MOUNT AUBURN,MOUNT AUBURN,182150
a0F4W00000WXpV0UAL,1016 ROSS AV,11/20/2020 12:00:00 AM,REHAB,180270,10,50875.67212938,NOT CERTIFIED,,,QUALIFIED,-84.57447664,39.1133917800299,,EAST PRICE HILL,EAST PRICE HILL,278000
a0F4W00000WXpV5UAL,4021 PAXTON AVE,11/16/2020 12:00:00 AM,REHAB,142080,10,40097.71729152,NOT CERTIFIED,,,QUALIFIED,-84.4244785930859,39.1510318,,OAKLEY,N/A,135199
a0F4W00000XEFCwUAP,1645 ILIFF AV,12/10/2020 12:00:00 AM,REHAB,,10,,NOT CERTIFIED,,,QUALIFIED,-84.5124602,39.1014537,,WEST PRICE HILL,N/A,254053
a0F4W00000XEFmCUAX,849 HUTCHINS AV,11/05/2020 12:00:00 AM,REHAB,187410,10,52890.71788854,NOT CERTIFIED,,,QUALIFIED,-84.48659166,39.1447731600299,,AVONDALE,AVONDALE,82371
a0F4W00000XEFmHUAX,318 CRESTLINE AV,11/09/2020 12:00:00 AM,REHAB,122960,10,34701.68439024,NOT CERTIFIED,,,QUALIFIED,-84.56747025,39.0968590900299,,EAST PRICE HILL,EAST PRICE HILL,169000
a0F4W00000XEFmMUAX,229 CONGRESS AVE,11/13/2020 12:00:00 AM,REHAB,203580,10,57454.20387252,NOT CERTIFIED,,,QUALIFIED,-84.4386848571429,39.1133665714286,,EAST END,N/A,110050
a0F4W00000XEFmRUAX,4152 KIRBY AV,11/19/2020 12:00:00 AM,REHAB,140740,10,39719.54343756,NOT CERTIFIED,,,QUALIFIED,-84.54728607,39.1643001500299,,NORTHSIDE,NORTHSIDE,21490.53
a0F4W00000XEFmWUAX,2337 UPLAND PL,11/25/2020 12:00:00 AM,REHAB,313630,10,88512.43717722,NOT CERTIFIED,,OWNER-OCCUPIED,QUALIFIED,-84.48268657,39.1238938400299,,EAST WALNUT HILLS,EAST WALNUT HILLS,65638
a0F4W00000XEG7kUAH,3105 GLOSS AV,10/26/2020 12:00:00 AM,REHAB,242430,10,68418.42344442,NOT CERTIFIED,,,QUALIFIED,-84.42995034,39.1770425800299,,PLEASANT RIDGE,PLEASANT RIDGE,277373
a0F4W00000XEGe7UAH,3120 HACKBERRY ST,11/30/2020 12:00:00 AM,REHAB,255840,10,72202.98417696,NOT CERTIFIED,,,QUALIFIED,-84.47403008,39.1346939900299,,EVANSTON,EVANSTON,262388
a0F4W00000XEGeCUAX,532 SLACK ST,11/20/2020 12:00:00 AM,NEW,422700,15,178941.1433607,GOLD,,,QUALIFIED,-84.5052961,39.1146099300299,,MOUNT AUBURN,MOUNT AUBURN,396741.5
a0F4W00000XEGeHUAX,3523 ST CHARLES PL,11/18/2020 12:00:00 AM,NEW,779980,15,330188.10740118,PLATINUM,,,QUALIFIED,-84.43848382,39.1399652700299,,HYDE PARK,HYDE PARK,703680
a0F4W00000XEGeMUAX,1150 E ROOKWOOD DR,11/17/2020 12:00:00 AM,NEW,1906890,15,807241.72430349,PLATINUM,,,QUALIFIED,-84.44501877,39.1318171500299,,HYDE PARK,HYDE PARK,795585
a0F4W00000XEGeRUAX,1367 MYRTLE AV,11/18/2020 12:00:00 AM,NEW,396260,15,167748.32616066,GOLD,,,QUALIFIED,-84.47961802,39.1289264400299,,EAST WALNUT HILLS,EAST WALNUT HILLS,448181
a0F4W00000XEGvfUAH,4000 DUCK CREEK RD,11/19/2020 12:00:00 AM,NEW,397530,15,168285.95391573,GOLD,02/07/2022 12:00:00 AM,,QUALIFIED,-84.4157142,39.1653993900299,,MADISONVILLE,MADISONVILLE,466532
a0F4W00000XEGvkUAH,438 BOAL ST,11/30/2020 12:00:00 AM,NEW,562000,15,237910.864842,GOLD,,,QUALIFIED,-84.5072169,39.1138516500299,,MOUNT AUBURN,MOUNT AUBURN,430000
a0F4W00000XEGvuUAH,543 RINGGOLD ST,11/23/2020 12:00:00 AM,NEW,472430,15,199993.29159663,GOLD,,,QUALIFIED,-84.5048356,39.1149035200299,,MOUNT AUBURN,MOUNT AUBURN,396741.5
a0F4W00000XEGvzUAH,3475 VISTA AV,11/25/2020 12:00:00 AM,NEW,1060080,15,448762.54377528,PLATINUM,,,QUALIFIED,-84.45733492,39.1395808700299,,HYDE PARK,HYDE PARK,847412.69
a0F4W00000XEGw4UAH,545 RINGGOLD ST,11/30/2020 12:00:00 AM,NEW,472430,15,199993.29159663,GOLD,,,QUALIFIED,-84.50477202,39.1148991200299,,MOUNT AUBURN,MOUNT AUBURN,396741.5
a0F4W00000XEGwEUAX,5744 RHODE ISLAND AV,11/30/2020 12:00:00 AM,NEW,267400,10,75465.4392156,NOT CERTIFIED,,,QUALIFIED,-84.45863675,39.178239,,BOND HILL,N/A,299900
a0F4W00000XEHO7UAP,1706 FRINTZ ST,12/09/2020 12:00:00 AM,REHAB,186590,10,52659.29806746,NOT CERTIFIED,,,QUALIFIED,-84.51573196,39.1162266400299,,OVER-THE-RHINE,OTR,112145
a0F4W00000XEHOMUA5,3735 WESTGATE AV,12/19/2019 12:00:00 AM,REHAB,62880,10,17745.94920672,NOT CERTIFIED,,,QUALIFIED,-84.45198155,39.1464405800299,,HYDE PARK,HYDE PARK,326000
a0F4W00000XEHOWUA5,1343 BURDETTE AVE,12/04/2020 12:00:00 AM,REHAB,166010,10,46851.22499694,NOT CERTIFIED,,,QUALIFIED,,,,EAST WALNUT HILLS,N/A,156537.08
a0F4W00000XEIoYUAX,3556 VISTA AV,08/14/2020 12:00:00 AM,REHAB,219210,10,61865.29143774,NOT CERTIFIED,,,QUALIFIED,-84.45646306,39.1424710700299,,HYDE PARK,HYDE PARK,250000
a0F4W00000XEIp2UAH,530 SLACK ST,11/30/2020 12:00:00 AM,NEW,472430,15,199993.29159663,GOLD,,,QUALIFIED,-84.50537377,39.1146140800299,,MOUNT AUBURN,MOUNT AUBURN,396741.5
a0F4W00000XEIpgUAH,6701 DANIELS WALK,12/02/2020 12:00:00 AM,NEW,326250,15,138111.06700125,GOLD,,,QUALIFIED,-84.69098556,39.1178834700299,,SAYLER PARK,SAYLER PARK,375000
a0F4W00000XEIraUAH,2552 GRANDIN VIEW LN,12/03/2020 12:00:00 AM,NEW,2272980,15,962218.21631418,PLATINUM,,,QUALIFIED,-84.44397358,39.1244264400299,,HYDE PARK,HYDE PARK,2154906.36
a0F4W00000XEIrfUAH,2499 ERIE AV,12/10/2020 12:00:00 AM,REHAB,275000,10,77610.30585,NOT CERTIFIED,,,QUALIFIED,-84.4498383,39.1401472400299,,HYDE PARK,HYDE PARK,297217
a0F4W00000XEJJXUA5,3109 MADISON RD,12/17/2020 12:00:00 AM,NEW,456080,15,193071.86341128,GOLD,,,QUALIFIED,-84.42920044,39.1529489800299,,OAKLEY,OAKLEY,589000
a0F4W00000XEJK6UAP,3111 MADISON RD,12/10/2020 12:00:00 AM,NEW,456080,15,193071.86341128,GOLD,,,QUALIFIED,-84.4292264,39.1529952400299,,OAKLEY,OAKLEY,574000
a0F4W00000XEJLEUA5,3113 MADISON RD,12/10/2020 12:00:00 AM,NEW,456080,15,193071.86341128,GOLD,,,QUALIFIED,-84.42925589,39.1530414300299,,OAKLEY,OAKLEY,574000
a0F4W00000XEJLTUA5,3115 MADISON RD,12/10/2020 12:00:00 AM,NEW,456080,15,193071.86341128,GOLD,,,QUALIFIED,-84.42929235,39.1530847700299,,OAKLEY,OAKLEY,574000
a0F4W00000XEJLiUAP,3117 MADISON RD,12/10/2020 12:00:00 AM,NEW,456080,15,193071.86341128,GOLD,,,QUALIFIED,-84.42933908,39.1531169400299,,OAKLEY,OAKLEY,574000
a0F4W00000XEJM7UAP,3119 MADISON RD,12/10/2020 12:00:00 AM,NEW,453020,15,191776.47685182,GOLD,,,QUALIFIED,-84.42936167,39.1531687500299,,OAKLEY,OAKLEY,599000
a0F4W00000XEJMWUA5,3123 MADISON RD,12/10/2020 12:00:00 AM,NEW,455300,15,192741.6668373,GOLD,,,QUALIFIED,-84.4128221,39.1619514,,OAKLEY,N/A,554000
a0F4W00000XEJNPUA5,4139 TAYLOR AV,12/10/2020 12:00:00 AM,NEW,492000,15,208277.838972,GOLD,,,QUALIFIED,-84.42909787,39.1533241800299,,OAKLEY,OAKLEY,574900
a0F4W00000XEK52UAH,1532 RUTH AV,09/22/2020 12:00:00 AM,REHAB,231140,10,65232.16761516,NOT CERTIFIED,,,QUALIFIED,-84.47762618,39.1394200800299,,EVANSTON,EVANSTON,285000
a0F4W00000XEMKiUAP,866 GRANDIN VIEW DR,12/10/2020 12:00:00 AM,NEW,275000,10,77610.30585,,,,QUALIFIED,-84.44507789,39.1245809300299,,HYDE PARK,HYDE PARK,1174852
a0F4W00000XEMKxUAP,205 GREENDALE AV,12/09/2020 12:00:00 AM,REHAB,88220,10,24897.38611668,NOT CERTIFIED,,,QUALIFIED,-84.51462908,39.1508739700299,,CLIFTON,CLIFTON,182296.99
a0F4W00000XEML2UAP,941 MONASTERY ST,12/15/2020 12:00:00 AM,NEW,929340,15,393416.51802894,PLATINUM,,,QUALIFIED,-84.50241239,39.1069624600299,,MOUNT ADAMS,MOUNT ADAMS,927200
a0F4W00000XEMLHUA5,1133 HERSCHEL AV,12/11/2020 12:00:00 AM,REHAB,480620,10,135640.23708228,GOLD,,,QUALIFIED,-84.42395217,39.1277771300299,,MOUNT LOOKOUT,MOUNT LOOKOUT,549000
a0F4W00000XEMLRUA5,4170 CLUB VIEW DR,12/14/2020 12:00:00 AM,REHAB,4350,10,1227.6539289,NOT CERTIFIED,,,QUALIFIED,-84.41758569,39.1538140300299,,OAKLEY,OAKLEY,37723
a0F4W00000XEMLlUAP,2855 LOSANTIVILLE AV,12/02/2020 12:00:00 AM,REHAB,234370,10,66143.73593478,NOT CERTIFIED,,,QUALIFIED,-84.43459685,39.1866808300299,,PLEASANT RIDGE,PLEASANT RIDGE,143832.35
a0F4W00000XEMLqUAP,1849 NORTHCUTT AV,12/02/2020 12:00:00 AM,REHAB,114470,10,32305.64258418,NOT CERTIFIED,,,QUALIFIED,-84.46301666,39.1736689100299,,BOND HILL,BOND HILL,40000
a0F4W00000XEMLvUAP,1000 URBANCREST PL,12/07/2020 12:00:00 AM,REHAB,270610,10,76371.36314934,NOT CERTIFIED,,,QUALIFIED,-84.42406909,39.1247564800299,,MOUNT LOOKOUT,MOUNT LOOKOUT,338721
a0F4W00000XEMjxUAH,65 PEETE ST,12/10/2020 12:00:00 AM,REHAB,275000,10,77610.30585,NOT CERTIFIED,,,QUALIFIED,-84.51551328,39.1173248200299,,OVER-THE-RHINE,OTR,200000
a0F4W00000XEMk2UAH,216 1/2 ORCHARD ST,12/11/2020 12:00:00 AM,REHAB,242970,10,68570.82186318,NOT CERTIFIED,,,QUALIFIED,-84.51156765,39.1122684700299,,OVER-THE-RHINE,OTR,108220.5
a0F4W00000XEMklUAH,1418 LUDLOW PL,12/14/2020 12:00:00 AM,REHAB,203790,10,57513.46992426,NOT CERTIFIED,,,QUALIFIED,-84.53491378,39.1625125000298,,NORTHSIDE,NORTHSIDE,115178
a0F4W00000XEMrxUAH,4627 WINONA TER,12/16/2020 12:00:00 AM,REHAB,170720,10,48180.47787168,NOT CERTIFIED,,,QUALIFIED,-84.38773537,39.1562819400299,,MADISONVILLE,MADISONVILLE,90000
a0F4W00000XEMsgUAH,247 GOTHAM PL,12/15/2020 12:00:00 AM,NEW,1113470,15,471364.07593527,PLATINUM,,,QUALIFIED,-84.45810751,39.1223998500299,,EAST END,EAST END,964040
a0F4W00000XEMvkUAH,305 BLACKBERRY ST,08/17/2020 12:00:00 AM,NEW,355220,15,150374.90642202,SILVER,,,QUALIFIED,-84.69021166,39.1176767000299,,SAYLER PARK,SAYLER PARK,375000
a0F4W00000XEN2SUAX,3913 CHERRY ST,07/23/2020 12:00:00 AM,REHAB,275000,10,77610.30585,NOT CERTIFIED,,,QUALIFIED,-84.54308555,39.1575158800299,,NORTHSIDE,NORTHSIDE,325000
a0F4W00000XENPCUA5,3972 WARWICK AV,12/21/2020 12:00:00 AM,REHAB,156680,10,44218.11898392,NOT CERTIFIED,,,QUALIFIED,-84.49177792,39.1595524700299,,NORTH AVONDALE,NORTH AVONDALE,118852.15
a0F4W00000XENPHUA5,6680 VAN KIRK AV,11/20/2020 12:00:00 AM,REHAB,3680,10,1038.56700192,NOT CERTIFIED,,,QUALIFIED,-84.48637517,39.1915091800299,,CARTHAGE,CARTHAGE,11456.67
a0F4W00000XENPlUAP,6210 MANUEL ST,12/22/2020 12:00:00 AM,REHAB,204500,10,57713.845623,NOT CERTIFIED,,,QUALIFIED,-84.38890289,39.1645901100299,,MADISONVILLE,MADISONVILLE,100590
a0F4W00000XENpOUAX,3894 REVEL CT,12/21/2020 12:00:00 AM,REHAB,275000,10,77610.30585,NOT CERTIFIED,,,QUALIFIED,-84.49596082,39.1559968500299,,AVONDALE,AVONDALE - NORTH AVONDALE,195000
a0F4W00000XENq2UAH,3033 WOODBURN AV,12/22/2020 12:00:00 AM,REHAB,153510,10,43323.48382194,NOT CERTIFIED,,,QUALIFIED,-84.47664481,39.1330878900299,,EVANSTON,EVANSTON,274937.49
a0F4W00000XENuEUAX,3260 HARDISTY AV,12/21/2020 12:00:00 AM,NEW,1467780,15,621353.75302098,PLATINUM,,,QUALIFIED,-84.42482099,39.1322571600299,,MOUNT LOOKOUT,MOUNT LOOKOUT,749181.99
a0F4W00000XENv2UAH,2909 WALWORTH AV,12/21/2020 12:00:00 AM,NEW,562000,15,237910.864842,GOLD,,,QUALIFIED,-84.44998684,39.1219498900299,,EAST END,EAST END,889398
a0F4W00000XENv7UAH,2891 WALWORTH AV,12/21/2020 12:00:00 AM,NEW,562000,15,237910.864842,GOLD,,,QUALIFIED,-84.45050239,39.1221059900299,,EAST END,EAST END,973704
a0F4W00000XENvMUAX,3584 HANDMAN AV,12/21/2020 12:00:00 AM,NEW,468350,15,198266.10951735,GOLD,,,QUALIFIED,-84.43353983,39.1174633600299,,COLUMBIA-TUSCULUM,COLUMBIA TUSCULUM,620000
a0F4W00000XENvRUAX,3584 1/2 HANDMAN AV,12/21/2020 12:00:00 AM,NEW,457960,15,193867.72182036,GOLD,,,QUALIFIED,-84.43344462,39.1174622000299,,COLUMBIA-TUSCULUM,COLUMBIA TUSCULUM,426048
a0F4W00000XENvWUAX,9 GRANDIN LN,12/23/2020 12:00:00 AM,NEW,2271430,15,961562.05645563,PLATINUM,,,QUALIFIED,-84.45856491,39.1274932400299,,HYDE PARK,HYDE PARK,6279366.5
a0F4W00000XENvbUAH,3014 CLEINVIEW AV,12/22/2020 12:00:00 AM,REHAB,275000,10,77610.30585,NOT CERTIFIED,,,QUALIFIED,-84.47326564,39.1321705200299,,EVANSTON,EAST WALNUT HILLS,442000
a0F4W00000XENvlUAH,1617 PULLAN AV,12/22/2020 12:00:00 AM,REHAB,199990,10,56441.03660706,NOT CERTIFIED,,,QUALIFIED,-84.54165809,39.1652073200299,,NORTHSIDE,NORTHSIDE,201850
a0F4W00000XENvqUAH,4821 EBERSOLE AV,12/23/2020 12:00:00 AM,REHAB,88730,10,25041.31795662,NOT CERTIFIED,,,QUALIFIED,-84.39591386,39.1591224400299,,MADISONVILLE,MADISONVILLE,108128
a0F4W00000XENw0UAH,3024 HACKBERRY ST,12/24/2020 12:00:00 AM,REHAB,275000,10,77610.30585,NOT CERTIFIED,,,QUALIFIED,-84.47431864,39.1324876400299,,EVANSTON,EVANSTON,275000
a0F4W00000XEO0hUAH,766 DELTA AV,12/23/2020 12:00:00 AM,NEW,501630,15,212354.49667383,GOLD,,,QUALIFIED,-84.43290181,39.1268985500299,,MOUNT LOOKOUT,MOUNT LOOKOUT,422000
a0F4W00000XEO1pUAH,1904 GREGORY LN,12/28/2020 12:00:00 AM,REHAB,179980,10,50793.82853412,NOT CERTIFIED,,,QUALIFIED,-84.46718311,39.1318968300299,,EAST WALNUT HILLS,EAST WALNUT HILLS,415958
a0F4W00000XEO8CUAX,3055 CLEINVIEW AVE,12/28/2020 12:00:00 AM,REHAB,247030,10,69716.63219682,NOT CERTIFIED,,,QUALIFIED,-84.4735646851607,39.1334774,,EVANSTON,N/A,150000
a0F4W00000XEO8qUAH,2325 EAST HILL AV,12/28/2020 12:00:00 AM,REHAB,181300,10,51166.3580022,NOT CERTIFIED,,,QUALIFIED,-84.45668661,39.1347903000299,,HYDE PARK,HYDE PARK,335900
a0F4W00000XEO9oUAH,3016 GRIEST AV,12/28/2020 12:00:00 AM,REHAB,515740,10,145551.77868756,GOLD,,,QUALIFIED,-84.43158707,39.1347661900299,,HYDE PARK,HYDE PARK,612090
a0F4W00000XEOA8UAP,6 PINEHURST LN,12/29/2020 12:00:00 AM,NEW,3915900,15,1657713.8000619,PLATINUM,,,QUALIFIED,-84.4595833021859,39.127333549204,,HYDE PARK,N/A,10877426.17
a0F4W00000XEQ5JUAX,1610 DEXTER AV,12/30/2020 12:00:00 AM,REHAB,275000,10,77610.30585,NOT CERTIFIED,,,QUALIFIED,-84.47560917,39.1342257700299,,EVANSTON,EVANSTON,196500
a0F4W00000XEQ62UAH,6684 IRIS AV,12/30/2020 12:00:00 AM,REHAB,160560,10,45313.12984464,NOT CERTIFIED,,,QUALIFIED,-84.41213398,39.1919345400299,,KENNEDY HEIGHTS,KENNEDY HEIGHTS,50000
a0F4W00000XEQ9GUAX,1345 BURDETTE AVE,02/12/2021 12:00:00 AM,REHAB,275000,10,77610.30585,NOT CERTIFIED,,,QUALIFIED,,,,EAST WALNUT HILLS,N/A,222084.19
a0F4W00000XEQ9LUAX,1345 BURDETTE AV,02/12/2021 12:00:00 AM,REHAB,212480,10,59965.95558912,NOT CERTIFIED,,,QUALIFIED,-84.48082502,39.1278094000299,,EAST WALNUT HILLS,EAST WALNUT HILLS,205008.46
a0F4W00000XEQLKUA5,1020 LENOX PL,12/30/2020 12:00:00 AM,REHAB,101540,10,28656.54711276,NOT CERTIFIED,,,QUALIFIED,-84.47763068,39.1542739700299,,NORTH AVONDALE,NORTH AVONDALE,84614
a0F4W00000XEQmAUAX,2527 RITCHIE AV,01/29/2021 12:00:00 AM,REHAB,275000,10,77610.30585,NOT CERTIFIED,,,QUALIFIED,-84.44941686,39.1358473400299,,HYDE PARK,HYDE PARK,301300
a0F4W00000XER2hUAH,1044 SUNSET AV,12/30/2020 12:00:00 AM,REHAB,119830,10,33818.33800002,NOT CERTIFIED,,,QUALIFIED,-84.58507388,39.1117075600299,,WEST PRICE HILL,WEST PRICE HILL,231534
a0F4W00000XER5gUAH,4054 BEECHWOOD AV,01/08/2021 12:00:00 AM,REHAB,32150,10,9073.3503021,NOT CERTIFIED,,,QUALIFIED,-84.48477185,39.1589280700299,,NORTH AVONDALE,NORTH AVONDALE,70008
a0F4W00000XER5qUAH,4057 BEECHWOOD AV,12/30/2020 12:00:00 AM,REHAB,130320,10,36778.81839408,NOT CERTIFIED,,,QUALIFIED,-84.48559562,39.1588439400299,,NORTH AVONDALE,NORTH AVONDALE,97330
a0F4W00000XER6oUAH,1309 CHASE AV,02/02/2021 12:00:00 AM,REHAB,244950,10,69129.6160653,NOT CERTIFIED,,,QUALIFIED,-84.53312969,39.1629719500299,,NORTHSIDE,NORTHSIDE,176000
a0F4W00000XERChUAP,335 W FIFTH ST,11/20/2018 12:00:00 AM,REHAB,72390,10,20429.85469266,NOT CERTIFIED,,,QUALIFIED,-84.5183871020408,39.100308122449,,DOWNTOWN CINCINNATI,N/A,132318.64
a0F4W00000XERDGUA5,3926 EILEEN DR,01/08/2021 12:00:00 AM,REHAB,46640,10,13162.70787216,NOT CERTIFIED,,,QUALIFIED,-84.43774031,39.1516049200299,,OAKLEY,OAKLEY,148772
a0F4W00000XERDaUAP,31 E CLIFTON AV,01/27/2021 12:00:00 AM,REHAB,44790,10,12640.60217826,NOT CERTIFIED,,,QUALIFIED,-84.51664804,39.1175919900299,,OVER-THE-RHINE,OTR,80342.78
a0F4W00000XERKrUAP,325 NORTHERN AV,01/05/2021 12:00:00 AM,REHAB,260610,10,73549.17020934,NOT CERTIFIED,,,QUALIFIED,-84.50165068,39.1437054400299,,AVONDALE,AVONDALE,179025
a0F4W00000XERlfUAH,3647 WOODFORD RD,01/05/2021 12:00:00 AM,NEW,254990,10,71963.09777706,NOT CERTIFIED,,,QUALIFIED,-84.41235976,39.1794547500299,,KENNEDY HEIGHTS,KENNEDY HEIGHTS,279287.11
a0F4W00000XERnrUAH,436 BOAL ST,12/30/2020 12:00:00 AM,NEW,866020,15,366611.32948482,PLATINUM,,,QUALIFIED,-84.50731259,39.1138692100299,,MOUNT AUBURN,MOUNT AUBURN,1198030.23
a0F4W00000XERo1UAH,12 ELMHURST PL,12/30/2020 12:00:00 AM,NEW,3304670,15,1398962.45145447,PLATINUM,,,QUALIFIED,-84.462304,39.129362,,HYDE PARK,N/A,6273974.46
a0F4W00000XESiLUAX,1619 FAIRFAX AV,12/30/2020 12:00:00 AM,NEW,275000,10,77610.30585,NOT CERTIFIED,,,QUALIFIED,-84.47502439,39.1353806600299,,EVANSTON,EVANSTON,554866.51
a0F4W00000XESk8UAH,2933 WALWORTH AV,12/30/2020 12:00:00 AM,NEW,562000,15,237910.864842,GOLD,,,QUALIFIED,-84.44945997,39.1217665100299,,EAST END,EAST END,1050000
a0F4W00000XESpeUAH,6703 DANIELS WALK,12/31/2020 12:00:00 AM,NEW,355000,15,150281.774055,GOLD,,,QUALIFIED,-84.69120546,39.1180667100299,,SAYLER PARK,SAYLER PARK,420000
a0F4W00000XET65UAH,3866 DUCK CREEK RD,12/31/2020 12:00:00 AM,NEW,426000,15,180338.128866,GOLD,02/04/2022 12:00:00 AM,,QUALIFIED,-84.41643108,39.1654612600299,,MADISONVILLE,MADISONVILLE,495900
a0F4W00000XETdBUAX,2025 FAITH ST,12/30/2020 12:00:00 AM,NEW,275000,10,77610.30585,NOT CERTIFIED,,,QUALIFIED,-84.45655392,39.1785838100299,,BOND HILL,BOND HILL,281175
a0F4W00000XETdfUAH,2200 VICTORY PW,12/31/2020 12:00:00 AM,REHAB,38830,10,10958.57518602,NOT CERTIFIED,,,QUALIFIED,,,,EAST WALNUT HILLS,N/A,113639.58
a0F4W00000XETdpUAH,2864 WASSON RD,01/13/2021 12:00:00 AM,REHAB,151460,10,42744.93426924,NOT CERTIFIED,,,QUALIFIED,-84.43658652,39.1446884600299,,OAKLEY,OAKLEY,89012.73
a0F4W00000XETduUAH,1146 HERSCHEL AV,01/06/2021 12:00:00 AM,REHAB,48910,10,13803.34566954,NOT CERTIFIED,,,QUALIFIED,-84.42291687,39.1277091800299,,MOUNT LOOKOUT,MOUNT LOOKOUT,111894
a0F4W00000XETdzUAH,3464 WABASH AV,01/13/2021 12:00:00 AM,REHAB,105200,10,29689.4697288,NOT CERTIFIED,,,QUALIFIED,-84.4640774,39.1409400700299,,EVANSTON,EVANSTON,160000
a0F4W00000XEbqcUAD,2447 OAKTREE PLACE,01/14/2021 12:00:00 AM,REHAB,,10,,NOT CERTIFIED,,,QUALIFIED,-84.5124602,39.1014537,,WEST PRICE HILL,N/A,24768
a0F4W00000XONbcUAH,6204 CHANDLER ST,02/16/2023 12:00:00 AM,REHAB,149200,10,42107.1186648,NOT CERTIFIED,,,QUALIFIED,-84.38916973,39.1635062100299,,MADISONVILLE,MADISONVILLE,259904
a0F4W00000XONbhUAH,PO BOX 9493,02/23/2023 12:00:00 AM,REHAB,,10,,NOT CERTIFIED,,,QUALIFIED,-84.5124602,39.1014537,,MOUNT LOOKOUT,N/A,316997
a0F4W00000XONcQUAX,3265 MENLO AV,04/10/2023 12:00:00 AM,REHAB,137660,10,38850.30801204,NOT CERTIFIED,,,QUALIFIED,-84.45104764,39.1359055900299,,HYDE PARK,HYDE PARK,332050
a0F4W00000XjoKlUAJ,4053 VICTORY PKWY,06/04/2021 12:00:00 AM,REHAB,90280,10,25478.75786232,NOT CERTIFIED,,,QUALIFIED,-84.47236002,39.1545812400299,,NORTH AVONDALE,NORTH AVONDALE,77525
a0F4W00000XjoMrUAJ,917 ROGERS PL,06/07/2021 12:00:00 AM,REHAB,275000,10,77610.30585,NOT CERTIFIED,,,QUALIFIED,-84.49053479,39.1233910500299,,WALNUT HILLS,WALNUT HILLS,298905
a0F4W00000XjqZMUAZ,6219 ERIE AV,05/10/2021 12:00:00 AM,REHAB,165650,10,46749.6260511,NOT CERTIFIED,,,QUALIFIED,-84.38867437,39.1574780100299,,MADISONVILLE,MADISONVILLE,107860
a0F4W00000XjqaRUAR,214 E CLIFTON AV,06/08/2021 12:00:00 AM,REHAB,616630,10,174024.88325922,PLATINUM,,,QUALIFIED,-84.51316511,39.1150261900299,,OVER-THE-RHINE,OTR,879597
a0F4W00000XjqhfUAB,5 W TWELFTH ST,06/11/2021 12:00:00 AM,REHAB,171820,10,48490.91909508,NOT CERTIFIED,,,QUALIFIED,-84.5149513333333,39.1081963333333,,OVER-THE-RHINE,N/A,102665.87
a0F4W00000Xjqi4UAB,1938 DUCK CREEK RD,06/11/2021 12:00:00 AM,REHAB,105850,10,29872.9122699,NOT CERTIFIED,,,QUALIFIED,-84.46466577,39.1417776100299,,EVANSTON,EVANSTON,43319
a0F4W00000XjqiJUAR,5 W TWELFTH ST,06/14/2021 12:00:00 AM,REHAB,211820,10,59779.69085508,NOT CERTIFIED,,,QUALIFIED,-84.5149513333333,39.1081963333333,,OVER-THE-RHINE,N/A,127275.85
a0F4W00000XjqjHUAR,6 FILSON PL,06/23/2021 12:00:00 AM,REHAB,131200,10,37027.1713728,NOT CERTIFIED,,,QUALIFIED,-84.49799023,39.1057782400299,,MOUNT ADAMS,MOUNT ADAMS,379669.52
a0F4W00000XjrrGUAR,5 W TWELFTH ST,06/07/2021 12:00:00 AM,REHAB,211810,10,59776.86866214,NOT CERTIFIED,,,QUALIFIED,-84.5149513333333,39.1081963333333,,OVER-THE-RHINE,N/A,117083.84
a0F4W00000XjsorUAB,1764 HANFIELD ST,09/06/2019 12:00:00 AM,REHAB,91170,10,25729.93303398,NOT CERTIFIED,,,QUALIFIED,-84.54718692,39.1633398400299,,NORTHSIDE,NORTHSIDE,77700
a0F4W00000Xjts8UAB,5673 ISLINGTON AV,06/21/2021 12:00:00 AM,NEW,632190,15,267624.32321079,PLATINUM,,,QUALIFIED,-84.39727204,39.1499529800299,,MADISONVILLE,MADISONVILLE,817706
a0F4W00000XjvQnUAJ,5 FAIRWAY LN,06/23/2021 12:00:00 AM,NEW,562000,15,237910.864842,GOLD,,,QUALIFIED,-84.41186678,39.0723267600299,,CALIFORNIA,CALIFORNIA,504891
a0F4W00000XjvUBUAZ,3247 GOLDEN AV,06/24/2021 12:00:00 AM,NEW,562000,15,237910.864842,GOLD,,,QUALIFIED,-84.44125009,39.1203799200299,,COLUMBIA-TUSCULUM,COLUMBIA TUSCULUM,725000
a0F4W00000XjxjPUAR,4136 MAD ANTHONY ST,07/01/2021 12:00:00 AM,REHAB,88040,10,24846.58664376,NOT CERTIFIED,,,QUALIFIED,-84.53518121,39.1611975300299,,NORTHSIDE,NORTHSIDE,67122
a0F4W00000XjxjZUAR,114 WOOLPER AV,07/12/2021 12:00:00 AM,REHAB,182030,10,51372.37808682,NOT CERTIFIED,,,QUALIFIED,-84.51184434,39.1500088900299,,CLIFTON,CLIFTON,153525
a0F4W00000Xjyn2UAB,3029 CINNAMON ST,06/29/2021 12:00:00 AM,NEW,494110,15,209171.06303751,GOLD,04/10/2023 12:00:00 AM,,QUALIFIED,-84.46244843,39.1331813300299,,EVANSTON,EVANSTON,494000
a0F4W00000XjysHUAR,5765 SANCTUARY PL,06/30/2021 12:00:00 AM,NEW,562000,15,237910.864842,GOLD,,,QUALIFIED,-84.43127756,39.0669170900299,,CALIFORNIA,CALIFORNIA,546787
a0F4W00000XjysMUAR,3118 WOODBURN AV,07/02/2021 12:00:00 AM,NEW,378700,15,160314.6699567,SILVER,,,QUALIFIED,-84.4758719,39.1348668300298,,EVANSTON,EVANSTON,384203
a0F4W00000XjysWUAR,3848 DUCK CREEK RD,07/16/2021 12:00:00 AM,NEW,432990,15,183297.19816359,GOLD,03/03/2022 12:00:00 AM,,QUALIFIED,-84.41674288,39.1655110300299,,MADISONVILLE,MADISONVILLE,501985
a0F4W00000XjytAUAR,5 W TWELFTH ST,06/28/2021 12:00:00 AM,REHAB,72670,10,20508.87609498,NOT CERTIFIED,,,QUALIFIED,-84.5149513333333,39.1081963333333,,OVER-THE-RHINE,N/A,69976.86
a0F4W00000XjytFUAR,1526 ELM ST,07/02/2021 12:00:00 AM,REHAB,517950,10,146175.4833273,PLATINUM,,,QUALIFIED,-84.5189317142857,39.1118951428571,,OVER-THE-RHINE,N/A,823993
a0F4W00000XjyttUAB,2546 MOORMAN AV,07/16/2021 12:00:00 AM,REHAB,275000,10,77610.30585,NOT CERTIFIED,,,QUALIFIED,-84.4762515,39.1264081400299,,EAST WALNUT HILLS,EAST WALNUT HILLS,335553.92
a0F4W00000Xjyu3UAB,3035 HACKBERRY ST,07/19/2021 12:00:00 AM,REHAB,275000,10,77610.30585,NOT CERTIFIED,,,QUALIFIED,-84.47476361,39.1329507800299,,EVANSTON,EVANSTON,241500
a0F4W00000Xk1MvUAJ,3660 HERSCHEL AV,06/30/2021 12:00:00 AM,REHAB,42910,10,12110.02990554,NOT CERTIFIED,,,QUALIFIED,-84.41991269,39.1431375700299,,HYDE PARK,HYDE PARK,24380.9
a0F4W00000Xk1N5UAJ,1046 1/2 RICHWOOD AV,07/06/2021 12:00:00 AM,NEW,1285670,15,544261.31957547,PLATINUM,,,QUALIFIED,,,,MOUNT LOOKOUT,N/A,1143803.16
a0F4W00000Xk1NFUAZ,2239 FRANCIS LN,07/14/2021 12:00:00 AM,REHAB,275000,10,77610.30585,NOT CERTIFIED,,,QUALIFIED,-84.48588571,39.1218663900299,,WALNUT HILLS,WALNUT HILLS,425092.99
a0F4W00000Xk1NPUAZ,2712 HYDE PARK AV,07/19/2021 12:00:00 AM,REHAB,99120,10,27973.57642128,NOT CERTIFIED,,,QUALIFIED,-84.44163387,39.1507188200299,,OAKLEY,OAKLEY,337815.75
a0F4W00000Xk2ZHUAZ,454 CONROY ST,07/12/2021 12:00:00 AM,NEW,127830,10,36076.09235202,NOT CERTIFIED,,,QUALIFIED,-84.52796445,39.1228198000299,,CUF,OTR,335075.45
a0F4W00000Xk2aeUAB,2435 RIVERSIDE DR,07/15/2021 12:00:00 AM,NEW,1225000,15,518577.952725,PLATINUM,,,QUALIFIED,-84.46406771,39.1238240400299,,EAST END,EAST END,1646000
a0F4W00000Xk3oZUAR,3141 KINMONT ST,07/13/2021 12:00:00 AM,NEW,1042830,15,441460.11954303,PLATINUM,,,QUALIFIED,-84.4314237,39.1296262500299,,MOUNT LOOKOUT,MOUNT LOOKOUT,1190000
a0F4W00000Xk7FyUAJ,3767 GROVEDALE PL,06/10/2021 12:00:00 AM,REHAB,97850,10,27615.1579179,NOT CERTIFIED,,,QUALIFIED,-84.44964294,39.1471886400299,,HYDE PARK,HYDE PARK,254121
a0F4W00000Xk7I6UAJ,2401 INGLESIDE AVE,06/21/2021 12:00:00 AM,REHAB,30270,10,8542.77802938,NOT CERTIFIED,,,QUALIFIED,-84.477862,39.123447,,WALNUT HILLS,N/A,36260
a0F4W00000Xk7KhUAJ,1722 DEXTER AV,07/19/2021 12:00:00 AM,REHAB,249400,10,70385.4919236,NOT CERTIFIED,,,QUALIFIED,-84.4733545,39.1340991700299,,EVANSTON,EVANSTON,236214
a0F4W00000Xk7MlUAJ,2881 ZIEGLE AV,07/19/2019 12:00:00 AM,REHAB,378150,10,106721.2260261,NOT CERTIFIED,,,QUALIFIED,-84.43597348,39.1400874100299,,HYDE PARK,HYDE PARK,281683
a0F4W00000Xk7ONUAZ,1276 ROSS AV,07/26/2021 12:00:00 AM,REHAB,144250,10,40710.1331595,NOT CERTIFIED,,,QUALIFIED,-84.57232292,39.1165705300299,,EAST PRICE HILL,EAST PRICE HILL,192465
a0F4W00000Xk7PVUAZ,3328 HEWITT CRSC,07/30/2021 12:00:00 AM,REHAB,122030,10,34439.22044682,NOT CERTIFIED,,,QUALIFIED,-84.46228403,39.1376346600299,,EVANSTON,EVANSTON,175000
a0F4W00000Xk7cSUAR,1739 GARDEN LN,07/29/2021 12:00:00 AM,REHAB,118670,10,33490.96361898,NOT CERTIFIED,,,QUALIFIED,-84.46514563,39.1753479200299,,BOND HILL,BOND HILL,81145
a0F4W00000Xk8oeUAB,125 GREEN ST,06/14/2021 12:00:00 AM,REHAB,275000,10,77610.30585,NOT CERTIFIED,,,QUALIFIED,-84.5191656,39.1138842300299,,OVER-THE-RHINE,OTR,275000
a0F4W00000Xk9KJUAZ,3586 HANDMAN AV,07/21/2021 12:00:00 AM,NEW,537360,15,227480.03973576,PLATINUM,,,QUALIFIED,-84.43334235,39.1174611600299,,COLUMBIA-TUSCULUM,COLUMBIA TUSCULUM,708170
a0F4W00000Xk9KdUAJ,3588 HANDMAN AV,07/21/2021 12:00:00 AM,NEW,537790,15,227662.07118039,GOLD,,,QUALIFIED,-84.43314487,39.1174589600299,,COLUMBIA-TUSCULUM,COLUMBIA TUSCULUM,662004
a0F4W00000Xk9KiUAJ,3574 HANDMAN AV,07/21/2021 12:00:00 AM,NEW,459120,15,194358.78339192,GOLD,,,QUALIFIED,-84.43412004,39.1174223200299,,COLUMBIA-TUSCULUM,COLUMBIA TUSCULUM,574133
a0F4W00000XkBcrUAF,3545 BURCH AV,07/29/2021 12:00:00 AM,REHAB,171280,10,48338.52067632,NOT CERTIFIED,,,QUALIFIED,-84.44727827,39.1417727000299,,HYDE PARK,HYDE PARK,207411.46
a0F4W00000XkBdBUAV,3139 KINMONT ST,07/22/2021 12:00:00 AM,NEW,851010,15,360257.16208041,PLATINUM,,,QUALIFIED,-84.43136313,39.1297316100299,,MOUNT LOOKOUT,MOUNT LOOKOUT,723092.76
a0F4W00000XkBlbUAF,3307 BACH AV,07/23/2021 12:00:00 AM,NEW,400000,15,169331.5764,SILVER,,,QUALIFIED,-84.42466992,39.1526315500299,,OAKLEY,OAKLEY,540000
a0F4W00000XkDIGUA3,3355 HEWITT CRSC,08/12/2021 12:00:00 AM,REHAB,215600,10,60846.4797864,NOT CERTIFIED,,,QUALIFIED,-84.46262395,39.1384420900299,,EVANSTON,EVANSTON,135075
a0F4W00000XkE27UAF,2338 BEDFORD AV,07/21/2021 12:00:00 AM,REHAB,128620,10,36299.04559428,NOT CERTIFIED,,,QUALIFIED,-84.45714455,39.1339877900299,,HYDE PARK,HYDE PARK,213547.44
a0F4W00000XkE2CUAV,111 ELDER ST,07/26/2021 12:00:00 AM,REHAB,275000,10,77610.30585,NOT CERTIFIED,,,QUALIFIED,-84.5185441648309,39.1154164100743,,OVER-THE-RHINE,N/A,302237
a0F4W00000XkE2HUAV,1301 CRYER AV,07/28/2021 12:00:00 AM,REHAB,166320,10,46938.71297808,NOT CERTIFIED,,,QUALIFIED,-84.43673015,39.1347700500299,,HYDE PARK,HYDE PARK,201701.16
a0F4W00000XkE2WUAV,1117 FULLER ST,08/02/2021 12:00:00 AM,REHAB,275000,10,77610.30585,NOT CERTIFIED,,,QUALIFIED,-84.4962477142857,39.1079260204082,,MOUNT ADAMS,N/A,442000
a0F4W00000XkE3oUAF,3350 WABASH AV,09/17/2021 12:00:00 AM,REHAB,168120,10,47446.70770728,NOT CERTIFIED,,,QUALIFIED,-84.46429539,39.1384581100299,,EVANSTON,EVANSTON,104995.41
a0F4W00000XkE3tUAF,3329 CARDIFF AV,08/19/2021 12:00:00 AM,REHAB,104620,10,29525.78253828,NOT CERTIFIED,,,QUALIFIED,-84.42383256,39.1543622500299,,OAKLEY,OAKLEY,131210
a0F4W00000XkEBXUA3,3842 DUCK CREEK RD,08/12/2021 12:00:00 AM,NEW,432700,15,183174.4327707,GOLD,02/04/2022 12:00:00 AM,,QUALIFIED,-84.41684379,39.1655890000299,,MADISONVILLE,MADISONVILLE,501695.14
a0F4W00000XkEBhUAN,1409 RACE ST,08/12/2021 12:00:00 AM,NEW,1042270,15,441223.05533607,PLATINUM,,,QUALIFIED,-84.51734729,39.1106836200299,,OVER-THE-RHINE,OTR,1264886.36
a0F4W00000XkEFUUA3,2132 BURNET AV,06/16/2021 12:00:00 AM,REHAB,197470,10,55729.84398618,NOT CERTIFIED,,,QUALIFIED,-84.50241714,39.1205018300299,,MOUNT AUBURN,MOUNT AUBURN,80680
a0F4W00000XkF6rUAF,351 BRYANT AV,08/23/2021 12:00:00 AM,REHAB,206970,10,58410.92727918,NOT CERTIFIED,,,QUALIFIED,-84.52151468,39.1453023700299,,CLIFTON,CLIFTON,187582
a0F4W00000XkF9sUAF,535 RINGGOLD ST,08/23/2021 12:00:00 AM,NEW,458400,15,194053.9865544,GOLD,,,QUALIFIED,-84.50517159,39.1149416500299,,MOUNT AUBURN,MOUNT AUBURN,396741.5
a0F4W00000XkFA2UAN,533 RINGGOLD ST,08/23/2021 12:00:00 AM,NEW,425410,15,180088.36479081,GOLD,02/28/2022 12:00:00 AM,,QUALIFIED,-84.50527401,39.1149481100299,,MOUNT AUBURN,MOUNT AUBURN,396741.5
a0F4W00000XkFA7UAN,439 PUEBLO ST,08/17/2021 12:00:00 AM,NEW,1489230,15,630434.15880543,PLATINUM,,,QUALIFIED,-84.50701043,39.1141518300299,,MOUNT AUBURN,MOUNT AUBURN,1110181
a0F4W00000XkHZsUAN,576 CONSIDINE AV,08/26/2021 12:00:00 AM,REHAB,213960,10,60383.64014424,NOT CERTIFIED,,,QUALIFIED,-84.56348609,39.1033213000299,,EAST PRICE HILL,EAST PRICE HILL,191588
a0F4W00000XkIL3UAN,3424 TRIMBLE AV,08/23/2021 12:00:00 AM,REHAB,197670,10,55786.28784498,NOT CERTIFIED,,,QUALIFIED,-84.46653354,39.1391572700299,,EVANSTON,EVANSTON,18136.81
a0F4W00000XkILIUA3,1533 BLAIR AV,08/27/2021 12:00:00 AM,REHAB,275000,10,77610.30585,NOT CERTIFIED,,,QUALIFIED,-84.47741756,39.1398894100299,,EVANSTON,EVANSTON,78640.53
a0F4W00000XkJTOUA3,3261 GLENDORA AV,07/12/2021 12:00:00 AM,REHAB,115560,10,32613.26161464,NOT CERTIFIED,,,QUALIFIED,-84.51048786,39.1402799200299,,CORRYVILLE,CORRYVILLE,78061
a0F4W00000XkJWDUA3,3422 DUNCAN AV,08/27/2021 12:00:00 AM,NEW,801270,15,339200.78055507,PLATINUM,,,QUALIFIED,-84.43538471,39.1378771500299,,HYDE PARK,HYDE PARK,700000
a0F4W00000XkJWoUAN,3508 MONTEITH AV,08/11/2021 12:00:00 AM,REHAB,202600,10,57177.6289644,NOT CERTIFIED,,,QUALIFIED,-84.43654156,39.1395737100299,,HYDE PARK,HYDE PARK,267306
a0F4W00000XkLSqUAN,711 E MITCHELL AV,06/30/2021 12:00:00 AM,REHAB,199370,10,56266.06064478,NOT CERTIFIED,,,QUALIFIED,-84.48845651,39.1590212100299,,NORTH AVONDALE,NORTH AVONDALE,116000
a0F4W00000XkLY0UAN,809 DAYTON ST,08/10/2021 12:00:00 AM,REHAB,275000,10,77610.30585,NOT CERTIFIED,,,QUALIFIED,-84.52738137,39.1179594600299,,WEST END,WEST END,191003.96
a0F4W00000XkLYbUAN,3456 CORNELL PL,09/07/2021 12:00:00 AM,REHAB,168490,10,47551.12884606,NOT CERTIFIED,,,QUALIFIED,-84.52427198,39.1462818200299,,CLIFTON,CLIFTON,87285
a0F4W00000XkLZ0UAN,3329 HOLLOWAY CT,09/13/2021 12:00:00 AM,REHAB,151870,10,42860.64417978,NOT CERTIFIED,,,QUALIFIED,-84.47295062,39.1383990200299,,EVANSTON,EVANSTON,90000
a0F4W00000XkLZmUAN,3651 A BROTHERTON RD,08/31/2021 12:00:00 AM,NEW,446440,15,188990.97242004,GOLD,02/02/2022 12:00:00 AM,,QUALIFIED,-84.41529651,39.1542558800299,,OAKLEY,OAKLEY,520000
a0F4W00000XkLZrUAN,3651 B BROTHERTON RD,08/31/2021 12:00:00 AM,NEW,452990,15,191763.77698359,GOLD,05/10/2022 12:00:00 AM,,QUALIFIED,-84.4152345,39.1542557200299,,OAKLEY,OAKLEY,510000
a0F4W00000XkLa1UAF,3651 C BROTHERTON RD,08/31/2021 12:00:00 AM,NEW,431440,15,182641.03830504,GOLD,04/24/2023 12:00:00 AM,,QUALIFIED,-84.41517256,39.1542579300299,,OAKLEY,OAKLEY,505000
a0F4W00000XkOEfUAN,6326 HAMILTON AV,05/28/2021 12:00:00 AM,REHAB,156720,10,44229.40775568,NOT CERTIFIED,,,QUALIFIED,-84.54752603,39.2061381300299,,COLLEGE HILL,COLLEGE HILL,240000
a0F4W00000XkOF9UAN,215 WADE ST,08/12/2021 12:00:00 AM,REHAB,257570,10,72691.22355558,NOT CERTIFIED,,,QUALIFIED,-84.5198266767677,39.1124872424242,,OVER-THE-RHINE,N/A,174668.9
a0F4W00000XkOIIUA3,4325 BEECH HILL AV,08/30/2021 12:00:00 AM,REHAB,202690,10,57203.02870086,PLATINUM,,,QUALIFIED,-84.53667998,39.1667929800298,,NORTHSIDE,NORTHSIDE,331673
a0F4W00000XkOINUA3,2019 ELM ST,09/15/2021 12:00:00 AM,REHAB,275000,10,77610.30585,NOT CERTIFIED,,,QUALIFIED,-84.520682912603,39.117969171599,,OVER-THE-RHINE,N/A,515025
a0F4W00000XkOIXUA3,472 DAYTON ST,09/29/2021 12:00:00 AM,REHAB,201990,10,57005.47519506,NOT CERTIFIED,,,QUALIFIED,-84.5264499,39.1183105300299,,WEST END,WEST END,280639.05
a0F4W00000XkPG5UAN,215 WADE ST,08/03/2021 12:00:00 AM,REHAB,260570,10,73537.88143758,NOT CERTIFIED,,,QUALIFIED,-84.5198266767677,39.1124872424242,,OVER-THE-RHINE,N/A,171996.95
a0F4W00000XkPGPUA3,1727 HIGHLAND AV,08/06/2021 12:00:00 AM,REHAB,275000,10,77610.30585,NOT CERTIFIED,,,QUALIFIED,-84.50404973,39.1145717200299,,MOUNT AUBURN,MOUNT AUBURN,299380
a0F4W00000XkPGZUA3,5924 RHODE ISLAND AV,08/19/2021 12:00:00 AM,REHAB,,10,,NOT CERTIFIED,,,QUALIFIED,-84.5124602,39.1014537,,BOND HILL,N/A,40417.4
a0F4W00000XkPGjUAN,1132 FENMORE DR,08/26/2021 12:00:00 AM,REHAB,180610,10,50971.62668934,NOT CERTIFIED,,,QUALIFIED,-84.47804073,39.1802906800299,,BOND HILL,BOND HILL,149605
a0F4W00000XkPhQUAV,3554 OUTLOOK AV,09/02/2021 12:00:00 AM,NEW,1202760,15,509163.11707716,PLATINUM,,,QUALIFIED,-84.4348176326531,39.1413123061225,,HYDE PARK,N/A,898065.57
a0F4W00000XkPmIUAV,4344 NORMANDY AV,09/07/2021 12:00:00 AM,NEW,275000,10,77610.30585,NOT CERTIFIED,,,QUALIFIED,-84.39258159,39.1536505300299,,MADISONVILLE,MADISONVILLE,399631.19
a0F4W00000XkQqFUAV,1709 KINNEY AV,09/15/2021 12:00:00 AM,REHAB,275000,10,77610.30585,NOT CERTIFIED,,,QUALIFIED,-84.47362384,39.1362262100299,,EVANSTON,EVANSTON,147450
a0F4W00000XkQvoUAF,2209 CRANE AV,09/30/2021 12:00:00 AM,REHAB,223970,10,63208.65527718,NOT CERTIFIED,,,QUALIFIED,-84.46062085,39.1421240100299,,EVANSTON,HYDE PARK,90257
a0F4W00000XkR2oUAF,5 W TWELFTH ST,10/11/2021 12:00:00 AM,REHAB,114210,10,32232.26556774,NOT CERTIFIED,,,QUALIFIED,-84.5149513333333,39.1081963333333,,OVER-THE-RHINE,N/A,77931.6
a0F4W00000XkRRZUA3,1201 A RYLAND AV,09/13/2021 12:00:00 AM,NEW,156150,10,44068.5427581,NOT CERTIFIED,,,QUALIFIED,-84.47737942,39.1783459900299,,BOND HILL,BOND HILL,119407.37
a0F4W00000XkSpEUAV,111 ELDER ST,07/26/2021 12:00:00 AM,REHAB,275000,10,77610.30585,NOT CERTIFIED,,,QUALIFIED,-84.5185441648309,39.1154164100743,,OVER-THE-RHINE,N/A,322316
a0F4W00000XkSpOUAV,111 ELDER ST,07/26/2021 12:00:00 AM,REHAB,275000,10,77610.30585,NOT CERTIFIED,,,QUALIFIED,-84.5185441648309,39.1154164100743,,OVER-THE-RHINE,N/A,206187
a0F4W00000XkSpTUAV,215 WADE ST,08/11/2021 12:00:00 AM,REHAB,238410,10,67283.90188254,NOT CERTIFIED,,,QUALIFIED,-84.5198266767677,39.1124872424242,,OVER-THE-RHINE,N/A,165317.07
a0F4W00000XkTcoUAF,4256 CHAMBERS ST,09/21/2021 12:00:00 AM,REHAB,168710,10,47613.21709074,NOT CERTIFIED,,,QUALIFIED,-84.5340826,39.1654244700298,,NORTHSIDE,NORTHSIDE,80000
a0F4W00000XkTctUAF,836 YORK ST,09/23/2021 12:00:00 AM,REHAB,275000,10,77610.30585,NOT CERTIFIED,,,QUALIFIED,-84.52853403,39.1174765300299,,WEST END,WEST END,289612
a0F4W00000XkToFUAV,4120 CHAMBERS ST,09/16/2021 12:00:00 AM,REHAB,203370,10,57394.93782078,NOT CERTIFIED,,,QUALIFIED,-84.53364937,39.1606449200299,,NORTHSIDE,NORTHSIDE,129739
a0F4W00000XkU5RUAV,1201 B RYLAND AV,09/13/2021 12:00:00 AM,NEW,156970,10,44299.96257918,NOT CERTIFIED,,,QUALIFIED,-84.47727865,39.1783507600299,,BOND HILL,BOND HILL,119384.12
a0F4W00000XkUBhUAN,3120 WOODBURN AV,09/15/2021 12:00:00 AM,NEW,378110,15,160064.90588151,SILVER,07/18/2023 12:00:00 AM,,QUALIFIED,-84.47586709,39.1349465500299,,EVANSTON,EVANSTON,383611
a0F4W00000XkUBrUAN,3126 WOODBURN AV,09/21/2021 12:00:00 AM,NEW,396150,15,167701.75997715,SILVER,,,QUALIFIED,-84.47583709,39.1351338100299,,EVANSTON,EVANSTON,401654.49
a0F4W00000XkUCLUA3,3318 MOWBRAY LN,09/09/2021 12:00:00 AM,NEW,236400,15,100074.9616524,SILVER,,,QUALIFIED,-84.4273785869791,39.1263143666083,,MADISONVILLE,N/A,95320.5
a0F4W00000XkUCVUA3,3318 MOWBRAY LN,09/09/2021 12:00:00 AM,NEW,234820,15,99406.10192562,SILVER,,,QUALIFIED,-84.4273785869791,39.1263143666083,,MADISONVILLE,N/A,92697
a0F4W00000XkUCaUAN,3318 MOWBRAY LN,09/09/2021 12:00:00 AM,NEW,235960,15,99888.69691836,SILVER,,,QUALIFIED,-84.4273785869791,39.1263143666083,,MADISONVILLE,N/A,96247.5
a0F4W00000XkUCfUAN,3318 MOWBRAY LN,09/09/2021 12:00:00 AM,NEW,204720,15,86663.90080152,SILVER,,,QUALIFIED,-84.4273785869791,39.1263143666083,,MADISONVILLE,N/A,81567
a0F4W00000XkUCzUAN,3318 MOWBRAY LN,09/09/2021 12:00:00 AM,NEW,295140,15,124941.30364674,SILVER,,,QUALIFIED,-84.4273785869791,39.1263143666083,,MADISONVILLE,N/A,114321
a0F4W00000XkUDOUA3,3318 MOWBRAY LN,09/09/2021 12:00:00 AM,NEW,265180,15,112258.36857438,SILVER,,,QUALIFIED,-84.4273785869791,39.1263143666083,,MADISONVILLE,N/A,111379.5
a0F4W00000XkUDYUA3,3318 MOWBRAY LN,09/09/2021 12:00:00 AM,NEW,232550,15,98445.14522955,SILVER,,,QUALIFIED,-84.4273785869791,39.1263143666083,,MADISONVILLE,N/A,89994
a0F4W00000XkUDsUAN,3318 MOWBRAY LN,09/09/2021 12:00:00 AM,NEW,258990,15,109637.96242959,SILVER,,,QUALIFIED,-84.4273785869791,39.1263143666083,,MADISONVILLE,N/A,99216
a0F4W00000XkUiQUAV,3318 MOWBRAY LN,09/09/2021 12:00:00 AM,NEW,325960,15,137988.30160836,SILVER,,,QUALIFIED,-84.4273785869791,39.1263143666083,,MADISONVILLE,N/A,124735.5
a0F4W00000XkUizUAF,3318 MOWBRAY LN,09/09/2021 12:00:00 AM,NEW,197060,15,83421.20111346,SILVER,,,QUALIFIED,-84.4273785869791,39.1263143666083,,MADISONVILLE,N/A,63361.5
a0F4W00000XkUkgUAF,2039 BALTIMORE AV,09/13/2021 12:00:00 AM,REHAB,71350,10,20136.3466269,NOT CERTIFIED,,,QUALIFIED,-84.56172934,39.1413117700299,,EAST WESTWOOD,EAST WESTWOOD,50142.36
a0F4W00000XkY9tUAF,2823 MINOT AV,10/15/2021 12:00:00 AM,REHAB,249280,10,70351.62560832,NOT CERTIFIED,,,QUALIFIED,-84.43689572,39.1525448100299,,OAKLEY,OAKLEY,74214.58
a0F4W00000XkYBVUA3,3318 MOWBRAY LN,09/09/2021 12:00:00 AM,NEW,196540,15,83201.07006414,SILVER,,,QUALIFIED,-84.4273785869791,39.1263143666083,,MADISONVILLE,N/A,70675.5
a0F4W00000XkYBkUAN,3318 MOWBRAY LN,09/09/2021 12:00:00 AM,NEW,217120,15,91913.17966992,SILVER,,,QUALIFIED,-84.4273785869791,39.1263143666083,,MADISONVILLE,N/A,68847
a0F4W00000XkYC4UAN,3318 MOWBRAY LN,09/09/2021 12:00:00 AM,NEW,188490,15,79793.27208909,SILVER,,,QUALIFIED,-84.4273785869791,39.1263143666083,,MADISONVILLE,N/A,61930.5
a0F4W00000XkYDCUA3,3318 MOWBRAY LN,09/09/2021 12:00:00 AM,NEW,216750,15,91756.54796175,SILVER,,,QUALIFIED,-84.4273785869791,39.1263143666083,,MADISONVILLE,N/A,70278
a0F4W00000XkYgJUAV,3318 MOWBRAY LN,09/09/2021 12:00:00 AM,NEW,188060,15,79611.24064446,SILVER,,,QUALIFIED,-84.4273785869791,39.1263143666083,,MADISONVILLE,N/A,60499.5
a0F4W00000XkYgOUAV,3318 MOWBRAY LN,09/09/2021 12:00:00 AM,NEW,201000,15,85089.117141,SILVER,,,QUALIFIED,-84.4273785869791,39.1263143666083,,MADISONVILLE,N/A,64792.5
a0F4W00000XkYgYUAV,3318 MOWBRAY LN,09/09/2021 12:00:00 AM,NEW,186680,15,79027.04670588,SILVER,,,QUALIFIED,-84.4273785869791,39.1263143666083,,MADISONVILLE,N/A,60340.5
a0F4W00000XkYgiUAF,3318 MOWBRAY LN,09/09/2021 12:00:00 AM,NEW,229880,15,97314.85695708,SILVER,,,QUALIFIED,-84.4273785869791,39.1263143666083,,MADISONVILLE,N/A,90232.5
a0F4W00000XkYgsUAF,3318 MOWBRAY LN,09/09/2021 12:00:00 AM,NEW,201000,15,85089.117141,SILVER,,,QUALIFIED,-84.4273785869791,39.1263143666083,,MADISONVILLE,N/A,64792.5
a0F4W00000XkYsiUAF,3477 WILSON AV,09/27/2021 12:00:00 AM,NEW,275000,10,77610.30585,NOT CERTIFIED,,,QUALIFIED,-84.50319447,39.1446978600299,,AVONDALE,AVONDALE,439625
a0F4W00000XkdPSUAZ,3801 WASHINGTON AV,08/23/2021 12:00:00 AM,REHAB,175840,10,49625.44065696,NOT CERTIFIED,,,QUALIFIED,-84.49445274,39.1531704700299,,AVONDALE,AVONDALE - NORTH AVONDALE,55950
a0F4W00000XkdPXUAZ,517 LIBERTY HILL,08/27/2021 12:00:00 AM,REHAB,93470,10,26379.03741018,CERTIFIED,,,QUALIFIED,-84.50658818,39.1121082700299,,MOUNT AUBURN,MOUNT AUBURN,359261.25
a0F4W00000XkdPhUAJ,6613 BRAMBLE AV,05/20/2021 12:00:00 AM,REHAB,249280,10,70351.62560832,NOT CERTIFIED,,,QUALIFIED,-84.38439762,39.1508659800299,,MADISONVILLE,MADISONVILLE,164295.46
a0F4W00000XkeXIUAZ,3485 WILSON AV,10/12/2021 12:00:00 AM,NEW,275000,10,77610.30585,NOT CERTIFIED,,,QUALIFIED,-84.50326933,39.1450969800299,,AVONDALE,AVONDALE,416451
a0F4W00000XkeY6UAJ,2711 C HYDE PARK AV,10/13/2021 12:00:00 AM,NEW,562000,15,237910.864842,GOLD,,,QUALIFIED,-84.44181862,39.1504067900299,,OAKLEY,OAKLEY,650444
a0F4W00000XkeZ4UAJ,3024 GRIEST AV,10/13/2021 12:00:00 AM,NEW,1089560,15,461242.28095596,PLATINUM,,,QUALIFIED,-84.43118664,39.1347620200299,,HYDE PARK,HYDE PARK,1363800
a0F4W00000Xkh0XUAR,3344 MENLO AV,08/03/2021 12:00:00 AM,REHAB,51250,10,14463.7388175,NOT CERTIFIED,,,QUALIFIED,-84.45034299,39.1376114300299,,HYDE PARK,HYDE PARK,140285.87
a0F4W00000Xkh0cUAB,215 WADE ST,07/26/2021 12:00:00 AM,REHAB,224160,10,63262.27694304,NOT CERTIFIED,,,QUALIFIED,-84.5198266767677,39.1124872424242,,OVER-THE-RHINE,N/A,165541.94
a0F4W00000Xkh11UAB,81 ELMHURST AV,08/10/2021 12:00:00 AM,REHAB,275000,10,77610.30585,NOT CERTIFIED,,,QUALIFIED,-84.4620705162447,39.1301144015932,,EAST WALNUT HILLS,N/A,235289
a0F4W00000Xkh1VUAR,215 WADE ST,08/23/2021 12:00:00 AM,REHAB,230030,10,64918.90419882,NOT CERTIFIED,,,QUALIFIED,-84.5198266767677,39.1124872424242,,OVER-THE-RHINE,N/A,164642.47
a0F4W00000Xkh1pUAB,215 WADE ST,09/20/2021 12:00:00 AM,REHAB,236290,10,66685.59697926,NOT CERTIFIED,,,QUALIFIED,-84.5198266767677,39.1124872424242,,OVER-THE-RHINE,N/A,174219.17
a0F4W00000Xkh2EUAR,3225 LOOKOUT CIR,09/10/2021 12:00:00 AM,REHAB,148720,10,41971.65340368,NOT CERTIFIED,,,QUALIFIED,-84.42565027,39.1283185200299,,MOUNT LOOKOUT,MOUNT LOOKOUT,305445
a0F4W00000Xkh2iUAB,907 NANCY LN,09/27/2021 12:00:00 AM,REHAB,182110,10,51394.95563034,NOT CERTIFIED,,,QUALIFIED,-84.43230412,39.1258440600299,,MOUNT LOOKOUT,MOUNT LOOKOUT,251348.04
a0F4W00000XkiXKUAZ,6127 PRENTICE ST,08/04/2021 12:00:00 AM,REHAB,275000,10,77610.30585,NOT CERTIFIED,,,QUALIFIED,-84.38961774,39.1592416800299,,MADISONVILLE,MADISONVILLE,200000
a0F4W00000XkiXUUAZ,1648 DAUNER AV,09/20/2021 12:00:00 AM,REHAB,236360,10,66705.35232984,NOT CERTIFIED,,,QUALIFIED,-84.47336354,39.1411655500299,,EVANSTON,EVANSTON,296500
a0F4W00000XkiYmUAJ,1242 JERRY LN,09/13/2021 12:00:00 AM,REHAB,130570,10,36849.37321758,NOT CERTIFIED,,,QUALIFIED,-84.42328553,39.1314292100299,,MOUNT LOOKOUT,MOUNT LOOKOUT,139000
a0F4W00000XkiZLUAZ,1521 REPUBLIC ST,10/06/2021 12:00:00 AM,REHAB,0,10,0,NOT CERTIFIED,,,QUALIFIED,-84.51678364,39.1122081900299,,OVER-THE-RHINE,OTR,150000
a0F4W00000Xkiy8UAB,1260 MICHIGAN AV,10/14/2021 12:00:00 AM,REHAB,275000,10,77610.30585,NOT CERTIFIED,,,QUALIFIED,-84.44182306,39.1335286600299,,HYDE PARK,HYDE PARK,279816.99
a0F4W00000XkiyNUAR,13 W 12TH ST,10/18/2021 12:00:00 AM,REHAB,147420,10,41604.76832148,NOT CERTIFIED,,,QUALIFIED,-84.51522381,39.1081505700299,,OVER-THE-RHINE,OTR,100677.19
a0F4W00000XkizQUAR,6015 SIERRA ST,08/17/2021 12:00:00 AM,REHAB,233830,10,65991.33751602,NOT CERTIFIED,,,QUALIFIED,-84.3910673072151,39.161275,,MADISONVILLE,N/A,243083.59
a0F4W00000XknQrUAJ,39 E COURT ST,10/01/2021 12:00:00 AM,NEW,253770,10,71618.79023838,NOT CERTIFIED,,,QUALIFIED,-84.5049102,39.1072382,,DOWNTOWN CINCINNATI,N/A,432787.5
a0F4W00000XknRGUAZ,39 E COURT ST,10/01/2021 12:00:00 AM,NEW,263900,10,74477.6716866,NOT CERTIFIED,,,QUALIFIED,-84.5049102,39.1072382,,DOWNTOWN CINCINNATI,N/A,432787.5
a0F4W00000XknuCUAR,39 E COURT ST,10/01/2021 12:00:00 AM,NEW,240570,10,67893.49555758,NOT CERTIFIED,,,QUALIFIED,-84.5049102,39.1072382,,DOWNTOWN CINCINNATI,N/A,432787.5
a0F4W00000XknuMUAR,39 E COURT ST,10/01/2021 12:00:00 AM,NEW,194360,10,54852.14198184,NOT CERTIFIED,,,QUALIFIED,-84.5049102,39.1072382,,DOWNTOWN CINCINNATI,N/A,432787.5
a0F4W00000Xknv5UAB,39 E COURT ST,10/01/2021 12:00:00 AM,NEW,275000,10,77610.30585,NOT CERTIFIED,,,QUALIFIED,-84.5049102,39.1072382,,DOWNTOWN CINCINNATI,N/A,850000
a0F4W00000XknvKUAR,517 W MCMICKEN AV,10/12/2021 12:00:00 AM,REHAB,275000,10,77610.30585,NOT CERTIFIED,,,QUALIFIED,-84.52940335,39.1216915200299,,CUF,OTR,247365.45
a0F4W00000XknxNUAR,1250 1ST AV,10/27/2021 12:00:00 AM,REHAB,223450,10,63061.9012443,NOT CERTIFIED,,,QUALIFIED,-84.57869226,39.1159816100299,,WEST PRICE HILL,WEST PRICE HILL,327680.19
a0F4W00000XknzCUAR,1540 RUTH AV,10/14/2021 12:00:00 AM,NEW,275000,10,77610.30585,NOT CERTIFIED,,,QUALIFIED,-84.47720166,39.1393474000299,,EVANSTON,EVANSTON,540730
a0F4W00000XknzbUAB,3461 WILSON AV,10/18/2021 12:00:00 AM,NEW,275000,10,77610.30585,NOT CERTIFIED,,,QUALIFIED,-84.50321313,39.1445791600299,,AVONDALE,AVONDALE,414388
a0F4W00000XknzvUAB,3973 CLIFTON AV,10/11/2021 12:00:00 AM,NEW,103480,10,29204.05254312,NOT CERTIFIED,,,QUALIFIED,-84.51537292,39.1577977000299,,CLIFTON,CLIFTON,335075.45
a0F4W00000Xko05UAB,3640 BROTHERTON RD,10/12/2021 12:00:00 AM,NEW,485170,15,205386.50230497,GOLD,,,QUALIFIED,-84.41554203,39.1547160700299,,OAKLEY,OAKLEY,559900
a0F4W00000Xko1qUAB,3634 BROTHERTON RD,10/18/2021 12:00:00 AM,NEW,470400,15,199133.9338464,GOLD,,,QUALIFIED,-84.41578552,39.1547202900299,,OAKLEY,OAKLEY,554900
a0F4W00000Xko25UAB,3638 BROTHERTON RD,10/21/2021 12:00:00 AM,NEW,483540,15,204696.47613114,GOLD,,,QUALIFIED,-84.41562319,39.1547174800299,,OAKLEY,OAKLEY,549900
a0F4W00000Xko2eUAB,3912 EDWARDS RD,10/21/2021 12:00:00 AM,NEW,562000,15,237910.864842,GOLD,,,QUALIFIED,-84.44208944,39.1502800200299,,OAKLEY,OAKLEY,676453.5
a0F4W00000XkrBAUAZ,4209 VIRGINIA AV,11/17/2021 12:00:00 AM,REHAB,175010,10,49391.19864294,NOT CERTIFIED,,,QUALIFIED,-84.55038962,39.1657036200299,,NORTHSIDE,NORTHSIDE,159300
a0F4W00000XkrBPUAZ,992 EBONY LN,11/17/2021 12:00:00 AM,REHAB,141310,10,39880.40843514,NOT CERTIFIED,,,QUALIFIED,-84.52659005,39.2011607500298,,COLLEGE HILL,COLLEGE HILL,139900
a0F4W00000XkrBeUAJ,4226 MILLSBRAE AV,11/18/2021 12:00:00 AM,REHAB,271560,10,76639.47147864,NOT CERTIFIED,,,QUALIFIED,-84.43861131,39.1545648600299,,OAKLEY,OAKLEY,203708.6
a0F4W00000XkrC8UAJ,4325 DELRIDGE DR,11/18/2021 12:00:00 AM,REHAB,209900,10,59237.8298106,NOT CERTIFIED,,,QUALIFIED,-84.59419419,39.1042179100299,,WEST PRICE HILL,WEST PRICE HILL,110225
a0F4W00000XkrJGUAZ,328 MULBERRY ST,10/22/2021 12:00:00 AM,NEW,551790,15,233588.67635439,PLATINUM,07/12/2022 12:00:00 AM,,QUALIFIED,-84.51089713,39.1152022100299,,MOUNT AUBURN,MOUNT AUBURN,796600
a0F4W00000XkrKEUAZ,2711 A HYDE PARK AV,11/01/2021 12:00:00 AM,NEW,561040,15,237504.46905864,GOLD,,,QUALIFIED,-84.44182973,39.1502988500299,,OAKLEY,OAKLEY,661039.98
a0F4W00000XkrKiUAJ,232 OAK ST,11/05/2021 12:00:00 AM,NEW,424760,15,179813.20097916,GOLD,,,QUALIFIED,-84.50423605,39.1312931400299,,CORRYVILLE,CORRYVILLE,652791
a0F4W00000XkuLoUAJ,3636 BROTHERTON RD,11/09/2021 12:00:00 AM,NEW,487540,15,206389.79189514,GOLD,11/09/2021 12:00:00 AM,,QUALIFIED,-84.41569731,39.1547190000299,,OAKLEY,OAKLEY,549000
a0F4W00000XkuWeUAJ,3254 HARDISTY AV,11/09/2021 12:00:00 AM,NEW,1187540,15,502720.05059514,PLATINUM,01/13/2022 12:00:00 AM,,QUALIFIED,-84.42490579,39.1326158000299,,MOUNT LOOKOUT,MOUNT LOOKOUT,767288.08
a0F4W00000Xkw2jUAB,3569 LARKSPUR AV,11/12/2021 12:00:00 AM,NEW,562000,15,237910.864842,GOLD,01/10/2022 12:00:00 AM,,QUALIFIED,-84.45587934,39.1430013400299,,HYDE PARK,HYDE PARK,499254.21
a0F4W00000Xkw4LUAR,3916 EDWARDS RD,11/12/2021 12:00:00 AM,NEW,522880,15,221350.23667008,GOLD,11/12/2021 12:00:00 AM,,QUALIFIED,-84.44209773,39.1504652500299,,OAKLEY,OAKLEY,622884
a0F4W00000Xkw4pUAB,1731 HOLLOWAY AV,11/22/2021 12:00:00 AM,NEW,159960,15,67715.69740236,GOLD,02/01/2022 12:00:00 AM,,QUALIFIED,-84.47312486,39.1386348700299,,EVANSTON,EVANSTON,119560.82
a0F4W00000XkwHSUAZ,1516 PLEASANT ST,11/22/2021 12:00:00 AM,NEW,807500,15,341838.1198575,PLATINUM,11/22/2021 12:00:00 AM,,QUALIFIED,-84.51813611,39.1120356800299,,OVER-THE-RHINE,OTR,950000
a0F4W00000XkwJ9UAJ,2475 RIVERSIDE DR,11/19/2021 12:00:00 AM,NEW,852040,15,360693.19088964,PLATINUM,11/19/2021 12:00:00 AM,,QUALIFIED,-84.46284574,39.1239798900299,,EAST END,EAST END,895675.34
a0F4W00000XkwWyUAJ,2432 MARYLAND AV,11/29/2021 12:00:00 AM,NEW,641670,15,271637.48157147,PLATINUM,12/15/2021 12:00:00 AM,,QUALIFIED,-84.55519784,39.1049046100299,,LOWER PRICE HILL,LOWER PRICE HILL,751321.79
a0F4W00000XkwXrUAJ,3620 RUSSELL AV,12/01/2021 12:00:00 AM,NEW,709330,15,300279.91771953,PLATINUM,12/14/2021 12:00:00 AM,,QUALIFIED,-84.41428177,39.1276118100299,,LINWOOD,LINWOOD,593243
a0F4W00000Xkwl8UAB,5345 GRAND VISTA CT,12/02/2021 12:00:00 AM,NEW,275000,10,77610.30585,NOT CERTIFIED,12/02/2021 12:00:00 AM,,QUALIFIED,-84.38614527,39.1647088400299,,MADISONVILLE,MADISONVILLE,641309.4
a0F4W00000XkwlmUAB,3035 WALWORTH AV,11/12/2021 12:00:00 AM,NEW,562000,15,237910.864842,GOLD,12/15/2021 12:00:00 AM,,QUALIFIED,-84.4472505,39.1207875200299,,EAST END,EAST END,1200000
a0F4W00000XkxC2UAJ,1315 AULT VIEW AV,12/02/2022 12:00:00 AM,NEW,275000,10,77610.30585,,,,QUALIFIED,-84.42013249,39.1341017100299,,MOUNT LOOKOUT,MOUNT LOOKOUT,815000
a0F4W00000XkxCqUAJ,1510 PLEASANT ST,12/09/2021 12:00:00 AM,NEW,752500,15,318555.0281025,PLATINUM,12/09/2021 12:00:00 AM,,QUALIFIED,-84.51809077,39.1118633900299,,OVER-THE-RHINE,OTR,447075
a0F4W00000XkxDPUAZ,1512 PLEASANT ST,12/09/2021 12:00:00 AM,NEW,767500,15,324904.9622175,PLATINUM,12/09/2021 12:00:00 AM,,QUALIFIED,-84.51810709,39.1119212800299,,OVER-THE-RHINE,OTR,447075
a0F4W00000XkxEDUAZ,2431 RIVERSIDE DR,12/15/2021 12:00:00 AM,NEW,1398730,15,592122.88964493,PLATINUM,05/02/2022 12:00:00 AM,,QUALIFIED,-84.46427203,39.1238178300299,,EAST END,EAST END,1370000
a0F4W00000XkxENUAZ,1258 MORTEN ST,12/15/2021 12:00:00 AM,NEW,964400,15,408258.4307004,PLATINUM,12/17/2021 12:00:00 AM,,QUALIFIED,-84.44065414,39.1345003800299,,HYDE PARK,HYDE PARK,1306906
a0F4W00000XkxKlUAJ,3258 HARDISTY AV,12/20/2021 12:00:00 AM,NEW,1631000,15,690449.502771,PLATINUM,12/20/2021 12:00:00 AM,,QUALIFIED,-84.42468926,39.1326141100299,,MOUNT LOOKOUT,MOUNT LOOKOUT,1103286.03
a0F4W00000XkxKvUAJ,3930 FEEMSTER ST,12/20/2021 12:00:00 AM,NEW,562000,15,237910.864842,GOLD,05/05/2023 12:00:00 AM,,QUALIFIED,-84.4329806,39.1104559200299,,EAST END,COLUMBIA TUSCULUM,628680
a0F4W00000XkxLPUAZ,1307 LE CONTE AV,12/20/2021 12:00:00 AM,NEW,562000,15,237910.864842,GOLD,01/06/2022 12:00:00 AM,,QUALIFIED,-84.4410471,39.1361241700299,,HYDE PARK,HYDE PARK,739103
a0F4W00000XkxqNUAR,3017 WALWORTH AV,12/20/2021 12:00:00 AM,NEW,562000,15,237910.864842,GOLD,09/20/2022 12:00:00 AM,,QUALIFIED,-84.44762492,39.1209405100299,,EAST END,EAST END,761281
a0F4W00000XkxrGUAR,2414 COPELEN ST,12/22/2021 12:00:00 AM,NEW,217590,10,61408.09618146,NOT CERTIFIED,,,QUALIFIED,-84.4915251,39.1249391700299,,WALNUT HILLS,WALNUT HILLS,290089.93
a0F4W00000XkxrVUAR,2711 D HYDE PARK AV,12/23/2021 12:00:00 AM,NEW,521060,15,220579.77799746,GOLD,01/13/2022 12:00:00 AM,,QUALIFIED,-84.44181685,39.1504311400299,,OAKLEY,OAKLEY,621055.18
a0F4W00000XkxtCUAR,6718 DANIELS WALK,12/27/2021 12:00:00 AM,NEW,275000,10,77610.30585,,,,QUALIFIED,-84.68953878,39.1177295400299,,SAYLER PARK,SAYLER PARK,326522.36
a0F4W00000XkxwGUAR,300 BLACKBERRY ST,12/27/2021 12:00:00 AM,NEW,364250,15,154197.56675925,SILVER,05/03/2023 12:00:00 AM,,QUALIFIED,-84.69035352,39.1170886000299,,SAYLER PARK,SAYLER PARK,314750.09
a0F4W00000Xky6dUAB,3601 OBSERVATORY AV,10/22/2021 12:00:00 AM,REHAB,177660,10,50139.07977204,NOT CERTIFIED,,,QUALIFIED,-84.41589101,39.1382893700299,,MOUNT LOOKOUT,MOUNT LOOKOUT,274206.14
a0F4W00000Xkyf7UAB,5214 STEWART AV,10/11/2021 12:00:00 AM,REHAB,246370,10,69530.36746278,NOT CERTIFIED,,,QUALIFIED,-84.39669867,39.1632775900299,,MADISONVILLE,MADISONVILLE,151048.62
a0F4W00000XkyhOUAR,5509 TOMPKINS AV,11/04/2021 12:00:00 AM,REHAB,199750,10,56373.3039765,NOT CERTIFIED,,,QUALIFIED,-84.39908631,39.1566889800299,,MADISONVILLE,MADISONVILLE,144400
a0F4W00000XkzHyUAJ,320 MULBERRY ST,11/12/2021 12:00:00 AM,NEW,161360,10,45538.90527984,NOT CERTIFIED,,,QUALIFIED,-84.51114759,39.1152369800299,,MOUNT AUBURN,MOUNT AUBURN,175000
a0F4W00000XkzOFUAZ,5 W TWELFTH ST,10/27/2021 12:00:00 AM,REHAB,160810,10,45383.68466814,NOT CERTIFIED,,,QUALIFIED,-84.5149513333333,39.1081963333333,,OVER-THE-RHINE,N/A,109129.1
a0F4W00000XkzQkUAJ,215 WADE ST,11/08/2021 12:00:00 AM,REHAB,174840,10,49343.22136296,NOT CERTIFIED,,,QUALIFIED,-84.51985932,39.1124113300299,,OVER-THE-RHINE,OTR,144166.33
a0F4W00000XkzQzUAJ,2346 EAST HILL AVE,11/12/2021 12:00:00 AM,REHAB,57240,10,16154.23238856,NOT CERTIFIED,,,QUALIFIED,,,,HYDE PARK,N/A,258944.64
a0F4W00000XkzcYUAR,5805 CHANDLER ST,11/19/2021 12:00:00 AM,REHAB,163880,10,46250.09790072,NOT CERTIFIED,,,QUALIFIED,-84.3936677,39.1634084100299,,MADISONVILLE,MADISONVILLE,182100
a0F4W00000XkzcxUAB,3523 MONTEITH AV,11/16/2021 12:00:00 AM,REHAB,195690,10,55227.49364286,,,,QUALIFIED,-84.43707879,39.1400398400299,,HYDE PARK,HYDE PARK,421145
a0F4W00000XkzfrUAB,5 W TWELFTH ST,11/16/2021 12:00:00 AM,REHAB,117030,10,33028.12397682,NOT CERTIFIED,,,QUALIFIED,-84.5149513333333,39.1081963333333,,OVER-THE-RHINE,N/A,56926.11
a0F4W00000Xkzg1UAB,4806 MATHIS ST,11/17/2021 12:00:00 AM,REHAB,194830,10,54984.78505002,NOT CERTIFIED,,,QUALIFIED,-84.390814,39.1581961800299,,MADISONVILLE,MADISONVILLE,86440.9
a0F4W00000XkzgLUAR,3035 CLIFTON AV,10/06/2020 12:00:00 AM,NEW,562000,15,237910.864842,GOLD,,,QUALIFIED,-84.52037375,39.1366950700299,,CUF,CUF - HEIGHTS,1794499.7
a0F4W00000XkzgQUAR,5310 TANNER AVE,11/18/2021 12:00:00 AM,REHAB,68380,10,19298.15532372,NOT CERTIFIED,,,QUALIFIED,-84.431173669388,39.1702892,,PLEASANT RIDGE,N/A,45673.44
a0F4W00000XkzgpUAB,5807 PEABODY AV,11/24/2021 12:00:00 AM,REHAB,109880,10,31010.25602472,NOT CERTIFIED,,,QUALIFIED,-84.39401907,39.1582905300298,,MADISONVILLE,MADISONVILLE,150000
a0F4W00000Xkzh9UAB,539 MILTON ST,11/24/2021 12:00:00 AM,REHAB,32750,10,9242.6818785,NOT CERTIFIED,,,QUALIFIED,-84.50510995,39.1129589600299,,MOUNT AUBURN,MOUNT AUBURN,205524
a0F4W00000XkzoSUAR,1312 BROADWAY,09/15/2021 12:00:00 AM,REHAB,275000,10,77610.30585,NOT CERTIFIED,,,QUALIFIED,-84.50839615,39.1108308600299,,PENDLETON,PENDLETON,237650
a0F4W00000XkzohUAB,3320 COLUMBIA PW,10/18/2021 12:00:00 AM,REHAB,275000,10,77610.30585,NOT CERTIFIED,,,QUALIFIED,,,,COLUMBIA-TUSCULUM,N/A,310978.61
a0F4W00000Xkzp6UAB,1022 URBANCREST PL,10/18/2021 12:00:00 AM,REHAB,157040,10,44319.71792976,NOT CERTIFIED,,,QUALIFIED,-84.42308947,39.1252017100299,,MOUNT LOOKOUT,MOUNT LOOKOUT,208120
a0F4W00000Xkzq4UAB,1272 MORTEN ST,12/01/2021 12:00:00 AM,REHAB,155680,10,43935.89968992,NOT CERTIFIED,,,QUALIFIED,-84.4406561263449,39.1355483543682,,HYDE PARK,N/A,273830
a0F4W00000Xkzr0UAB,2200 VICTORY PW,12/03/2021 12:00:00 AM,REHAB,51220,10,14455.27223868,NOT CERTIFIED,,,QUALIFIED,,,,WALNUT HILLS,N/A,91720
a0F4W00000Xl05FUAR,780 CROOKED STONE RD,12/03/2021 12:00:00 AM,REHAB,122430,10,34552.10816442,NOT CERTIFIED,,,QUALIFIED,-84.53090265,39.1481886800298,,CLIFTON,CLIFTON,101884
a0F4W00000Xl06EUAR,1307 DUNCAN AV,11/22/2021 12:00:00 AM,REHAB,57930,10,16348.96370142,NOT CERTIFIED,,,QUALIFIED,-84.43549245,39.1346168800299,,HYDE PARK,HYDE PARK,171401.65
a0F4W00000Xl077UAB,2353 VICTOR ST,11/24/2021 12:00:00 AM,REHAB,137070,10,38683.79862858,NOT CERTIFIED,,,QUALIFIED,-84.52387768,39.1269133700299,,CUF,CUF,79143.08
a0F4W00000Xl0JYUAZ,1907 BERKLEY AV,12/03/2021 12:00:00 AM,REHAB,151430,10,42736.46769042,NOT CERTIFIED,,,QUALIFIED,-84.46186694,39.1717272300299,,BOND HILL,BOND HILL,84347
a0F4W00000Xl0LmUAJ,4310 NORMANDY AV,12/03/2021 12:00:00 AM,REHAB,275000,10,77610.30585,NOT CERTIFIED,,,QUALIFIED,-84.39270298,39.1521985800299,,MADISONVILLE,MADISONVILLE,116321.31
a0F4W00000Xl18QUAR,3212 WOLD AV,11/08/2021 12:00:00 AM,REHAB,129910,10,36663.10848354,NOT CERTIFIED,,,QUALIFIED,-84.46810665,39.1355392300299,,EVANSTON,EVANSTON,150000
a0F4W00000Xl1IPUAZ,1828 REPUBLIC ST,11/30/2021 12:00:00 AM,REHAB,275000,10,77610.30585,NOT CERTIFIED,,,QUALIFIED,-84.51739688,39.1166717900299,,OVER-THE-RHINE,OTR,304375.21
a0F4W00000Xl2OEUAZ,2801 MARYLAND AV,10/22/2021 12:00:00 AM,REHAB,80010,10,22580.36571294,NOT CERTIFIED,,,QUALIFIED,-84.55889891,39.1087637400299,,EAST PRICE HILL,EAST PRICE HILL,45600
a0F4W00000Xl2PRUAZ,302 FOREST AV,12/02/2021 12:00:00 AM,REHAB,232740,10,65683.71848556,NOT CERTIFIED,,,QUALIFIED,-84.50252311,39.1466714300299,,AVONDALE,AVONDALE,150000
a0F4W00000Xl2UsUAJ,4569 W MITCHELL AV,12/06/2021 12:00:00 AM,REHAB,119300,10,33668.7617742,NOT CERTIFIED,,,QUALIFIED,-84.51511657,39.1715217600299,,SPRING GROVE VILLAGE,SPRING GROVE VILLAGE,155000
a0F4W00000Xl2XDUAZ,1916 CLARION AV,12/09/2021 12:00:00 AM,REHAB,232040,10,65486.16497976,NOT CERTIFIED,,,QUALIFIED,-84.46529281,39.1445912800299,,EVANSTON,EVANSTON,165505
a0F4W00000Xl2YUUAZ,3608 BARBERRY AV,12/10/2021 12:00:00 AM,REHAB,175290,10,49470.22004526,NOT CERTIFIED,,,QUALIFIED,-84.45504183,39.1442369600299,,HYDE PARK,HYDE PARK,168508
a0F4W00000Xl2YVUAZ,3826 EARLSCOURT VIEW,12/10/2021 12:00:00 AM,REHAB,254790,10,71906.65391826,GOLD,12/21/2021 12:00:00 AM,,QUALIFIED,-84.42384178,39.1225821800299,,MOUNT LOOKOUT,MOUNT LOOKOUT,491829.7
a0F4W00000Xl2c2UAB,274 BODMANN AV,12/06/2021 12:00:00 AM,REHAB,185070,10,52230.32474058,NOT CERTIFIED,,,QUALIFIED,-84.50569926,39.1186399100299,,MOUNT AUBURN,MOUNT AUBURN,96910
a0F4W00000Xl2cbUAB,3154 LOOKOUT CIR,12/01/2021 12:00:00 AM,REHAB,204020,10,57578.38036188,NOT CERTIFIED,,,QUALIFIED,-84.42787756,39.1288829300299,,MOUNT LOOKOUT,MOUNT LOOKOUT,275000
a0F4W00000Xl2eFUAR,123 EHRMAN AV,12/06/2021 12:00:00 AM,REHAB,118940,10,33567.16282836,NOT CERTIFIED,,,QUALIFIED,-84.50526717,39.1492599300299,,AVONDALE,AVONDALE,125000
a0F4W00000Xl2klUAB,1534 REPUBLIC ST,12/14/2021 12:00:00 AM,REHAB,562000,10,158607.243228,GOLD,12/14/2021 12:00:00 AM,,QUALIFIED,-84.51653235,39.1126596300299,,OVER-THE-RHINE,OTR,587500
a0F4W00000Xl2nJUAR,1607 NEILSON PL,12/17/2021 12:00:00 AM,REHAB,218040,10,61535.09486376,NOT CERTIFIED,,,QUALIFIED,-84.47588552,39.1333101000299,,EVANSTON,EVANSTON,253500
a0F4W00000Xl2pBUAR,1229 MARTIN DR,12/21/2021 12:00:00 AM,REHAB,275000,10,77610.30585,NOT CERTIFIED,,,QUALIFIED,-84.49308971,39.1090432300299,,MOUNT ADAMS,MOUNT ADAMS,262833
a0F4W00000Xl2puUAB,4208 TURRILL ST,12/21/2021 12:00:00 AM,REHAB,275000,10,77610.30585,NOT CERTIFIED,,,QUALIFIED,-84.54118258,39.1637999500299,,NORTHSIDE,NORTHSIDE,183441
a0F4W00000Xl2sZUAR,435 PUEBLO ST,12/29/2021 12:00:00 AM,NEW,818390,15,346448.17202499,PLATINUM,12/10/2021 12:00:00 AM,,QUALIFIED,-84.50727626,39.1142021500299,,MOUNT AUBURN,MOUNT AUBURN,837149
a0F4W00000Xl2uuUAB,3317 WOODFORD RD,12/29/2021 12:00:00 AM,NEW,514450,15,217781.57369745,GOLD,01/08/2024 12:00:00 AM,,QUALIFIED,-84.42376964,39.1804695800299,,PLEASANT RIDGE,PLEASANT RIDGE,525405
a0F4W00000Xl2vxUAB,5139 CAMARGO RD,12/30/2021 12:00:00 AM,NEW,275000,10,77610.30585,NOT CERTIFIED,,,QUALIFIED,-84.38071696,39.1620378700298,,MADISONVILLE,MADISONVILLE,325000
a0F4W00000Xl2wtUAB,1514 PLEASANT ST,12/30/2021 12:00:00 AM,NEW,792500,15,335488.1857425,PLATINUM,,,QUALIFIED,-84.51812101,39.1119787300299,,OVER-THE-RHINE,OTR,935000
a0F4W00000Xl2xXUAR,789 N FRED SHUTTLESWORTH CIR,12/30/2021 12:00:00 AM,NEW,275000,10,77610.30585,NOT CERTIFIED,,,QUALIFIED,-84.48650218,39.1533140900299,,AVONDALE,AVONDALE - NORTH AVONDALE,426624
a0F4W00000Xl2xmUAB,3027 CINNAMON ST,12/31/2021 12:00:00 AM,NEW,502970,15,212921.75745477,GOLD,02/09/2023 12:00:00 AM,,QUALIFIED,-84.46226214,39.1331141800299,,EVANSTON,EVANSTON,513900
a0F4W00000Xl2yGUAR,3031 CINNAMON ST,01/21/2022 12:00:00 AM,NEW,550430,15,233012.94899463,GOLD,02/03/2023 12:00:00 AM,,QUALIFIED,-84.4623159,39.1332626500299,,EVANSTON,EVANSTON,550490.79
a0F4W00000Xl77vUAB,2870 VICTORIA AV,12/22/2021 12:00:00 AM,REHAB,275000,10,77610.30585,NOT CERTIFIED,,,QUALIFIED,-84.43619025,39.1424398300299,,HYDE PARK,HYDE PARK,398346.46
a0F4W00000Xl78eUAB,1819 HIGHLAND AVE,12/27/2021 12:00:00 AM,REHAB,149030,10,42059.14138482,NOT CERTIFIED,,,QUALIFIED,-84.5038895714286,39.1152217755102,,MOUNT AUBURN,N/A,98866.51
a0F4W00000Xl78yUAB,5050 E EASTWOOD CIR,12/27/2021 12:00:00 AM,REHAB,158280,10,44669.66985432,NOT CERTIFIED,,,QUALIFIED,-84.40944783,39.1632710600299,,MADISONVILLE,MADISONVILLE,13500
a0F4W00000Xl7HBUAZ,1303 CYPRESS ST,12/29/2021 12:00:00 AM,REHAB,275000,10,77610.30585,NOT CERTIFIED,,,QUALIFIED,-84.4836375,39.1223577600299,,EAST WALNUT HILLS,EAST WALNUT HILLS,187400
a0F4W00000Xl7HzUAJ,1832 RACE ST,12/30/2021 12:00:00 AM,REHAB,896920,10,253128.12917448,PLATINUM,,,QUALIFIED,-84.51832193,39.1164744200299,,OVER-THE-RHINE,OTR,2770446.58
a0F4W00000Xl7ITUAZ,2931 CLEINVIEW AV,12/30/2021 12:00:00 AM,REHAB,207580,10,58583.08104852,NOT CERTIFIED,,,QUALIFIED,-84.47382757,39.1309720700299,,EAST WALNUT HILLS,EAST WALNUT HILLS,144900
a0F4W00000Xl7IdUAJ,4091 MALAER DR,12/30/2021 12:00:00 AM,REHAB,,10,,NOT CERTIFIED,,,QUALIFIED,-84.5124602,39.1014537,,EVANSTON,N/A,5352
a0F4W00000Xl7JWUAZ,5564 MOORHEAD ST,12/30/2021 12:00:00 AM,REHAB,105180,10,29683.82534292,NOT CERTIFIED,,,QUALIFIED,-84.44045002,39.1749818200299,,PLEASANT RIDGE,PLEASANT RIDGE,149758
a0F4W00000Xl7JlUAJ,1827 CAMPBELL ST,12/30/2021 12:00:00 AM,REHAB,166010,10,46851.22499694,NOT CERTIFIED,,,QUALIFIED,-84.52073523,39.1159270600299,,OVER-THE-RHINE,OTR,270929.48
a0F4W00000XlAJkUAN,4142 PAXTON WOODS DR,01/13/2022 12:00:00 AM,REHAB,109410,10,30877.61295654,NOT CERTIFIED,,,QUALIFIED,-84.41661472,39.1528205600299,,OAKLEY,OAKLEY,74247
a0F4W00000XlAKsUAN,6103 NAVARRE PL,01/13/2022 12:00:00 AM,REHAB,253840,10,71638.54558896,NOT CERTIFIED,,,QUALIFIED,-84.39085936,39.1568272600299,,MADISONVILLE,MADISONVILLE,237584
a0F4W00000XlALlUAN,3977 MARBURG AV,01/13/2022 12:00:00 AM,REHAB,179230,10,50582.16406362,NOT CERTIFIED,,,QUALIFIED,-84.42210479,39.1509904700299,,OAKLEY,OAKLEY,194000
a0F4W00000XlAaNUAV,3060 SIDNEY AV,01/20/2022 12:00:00 AM,REHAB,156580,10,44189.89705452,NOT CERTIFIED,,,QUALIFIED,-84.53620165,39.1399606900299,,CAMP WASHINGTON,CAMP WASHINGTON,201847
a0F4W00000XlAahUAF,3736 MORRIS PL,01/19/2022 12:00:00 AM,REHAB,275000,10,77610.30585,NOT CERTIFIED,,,QUALIFIED,-84.4357229814636,39.1129451205421,,COLUMBIA-TUSCULUM,N/A,338942
a0F4W00000XlAbaUAF,126 ELDER ST,01/19/2022 12:00:00 AM,REHAB,251050,10,70851.1537587,NOT CERTIFIED,,,QUALIFIED,-84.5193182,39.1154356,,OVER-THE-RHINE,N/A,309340
a0F4W00000XlAbkUAF,126 W ELDER ST,01/19/2022 12:00:00 AM,REHAB,275000,10,77610.30585,NOT CERTIFIED,,,QUALIFIED,-84.51951093,39.1155502300299,,OVER-THE-RHINE,OTR,337153
a0F4W00000XlAcOUAV,217 OAK ST,01/14/2022 12:00:00 AM,REHAB,248160,10,70035.53999904,NOT CERTIFIED,,,QUALIFIED,-84.50518882,39.1309946200299,,CORRYVILLE,CORRYVILLE,287930
a0F4W00000XlAdCUAV,4105 HOMER AV,01/18/2022 12:00:00 AM,REHAB,275000,10,77610.30585,NOT CERTIFIED,,,QUALIFIED,-84.38968511,39.1498074800299,,MADISONVILLE,MADISONVILLE,288404.08
a0F4W00000XlAnMUAV,2908 MINOT AV,01/18/2021 12:00:00 AM,REHAB,161450,10,45564.3050163,NOT CERTIFIED,,,QUALIFIED,-84.4351121,39.1528291600299,,OAKLEY,OAKLEY,70149
a0F4W00000XlAnWUAV,3165 SAGOLA PL,01/20/2022 12:00:00 AM,NEW,384140,15,162617.57939574,GOLD,01/20/2022 12:00:00 AM,,QUALIFIED,-84.427645122449,39.150501122449,,OAKLEY,N/A,342196.22
a0F4W00000XlAoAUAV,3620 SHAW AV,12/31/2021 12:00:00 AM,REHAB,119970,10,33857.84870118,NOT CERTIFIED,,,QUALIFIED,-84.43943324,39.1430873000299,,HYDE PARK,HYDE PARK,241192.83
a0F4W00000XlAooUAF,1640 JONATHAN AV,11/21/2020 12:00:00 AM,REHAB,102420,10,28904.90009148,NOT CERTIFIED,,,QUALIFIED,-84.47278375,39.1427956800299,,EVANSTON,EVANSTON,150000
a0F4W00000XlB9JUAV,2420 GRANDIN GATE LN,01/18/2022 12:00:00 AM,NEW,562000,15,237910.864842,GOLD,,,QUALIFIED,-84.44909804,39.1273098000299,,HYDE PARK,HYDE PARK,777885
a0F4W00000XlB9iUAF,6702 DANIELS WALK,01/25/2022 12:00:00 AM,NEW,392380,15,166105.80986958,SILVER,07/20/2022 12:00:00 AM,,QUALIFIED,-84.69049611,39.1180444200299,,SAYLER PARK,SAYLER PARK,318424
a0F4W00000XlBYpUAN,21 WEST 12TH ST,,REHAB,,10,,GOLD,,,QUALIFIED,-84.5124602,39.1014537,,AVONDALE,N/A,9999999
a0F4W00000XlDJJUA3,1551 CHASE AV,01/19/2022 12:00:00 AM,REHAB,232940,10,65740.16234436,NOT CERTIFIED,,,QUALIFIED,-84.53878111,39.1629823100299,,NORTHSIDE,NORTHSIDE,267463.2
a0F4W00000XlDP2UAN,3916 B EDWARDS RD,02/14/2022 12:00:00 AM,NEW,511770,15,216647.05213557,GOLD,02/14/2022 12:00:00 AM,,QUALIFIED,-84.44218582,39.1503772800299,,HYDE PARK,OAKLEY,610000
a0F4W00000XlDPlUAN,3077 HENSHAW AV,01/20/2022 12:00:00 AM,REHAB,175380,10,49495.61978172,NOT CERTIFIED,,,QUALIFIED,-84.53774361,39.1404480700299,,CAMP WASHINGTON,CAMP WASHINGTON,101000
a0F4W00000XlDPvUAN,3756 BROADVIEW DR,01/21/2022 12:00:00 AM,REHAB,275000,10,77610.30585,NOT CERTIFIED,,,QUALIFIED,-84.40999427,39.1510686500299,,HYDE PARK,HYDE PARK,962901.88
a0F4W00000XlDPwUAN,3106 CELERON AV,02/24/2022 12:00:00 AM,REHAB,171340,10,48355.45383396,NOT CERTIFIED,,,QUALIFIED,-84.42990772,39.1502451500299,,KENNEDY HEIGHTS,OAKLEY,75000
a0F4W00000XlDQAUA3,6641 DANTE AV,01/16/2022 12:00:00 AM,REHAB,148270,10,41844.65472138,NOT CERTIFIED,,,QUALIFIED,-84.41582052,39.1894894300299,,KENNEDY HEIGHTS,KENNEDY HEIGHTS,84500
a0F4W00000XlDQtUAN,123 MAIN ST,02/16/2022 12:00:00 AM,REHAB,,10,,GOLD,,,QUALIFIED,-84.5124602,39.1014537,,DOWNTOWN CINCINNATI,N/A,300000
a0F4W00000XlDRDUA3,730 CHALFONTE PL,01/24/2022 12:00:00 AM,REHAB,275000,10,77610.30585,NOT CERTIFIED,,,QUALIFIED,-84.48865425,39.1503008200299,,AVONDALE,AVONDALE - NORTH AVONDALE,229410
a0F4W00000XlEt8UAF,4114 EASTERN AV,12/29/2021 12:00:00 AM,NEW,1128870,15,477883.34162667,PLATINUM,04/26/2022 12:00:00 AM,,QUALIFIED,-84.43069759,39.1079844400299,,COLUMBIA-TUSCULUM,COLUMBIA TUSCULUM,1127248
a0F4W00000XlEuBUAV,1918 HEWITT AV,01/24/2022 12:00:00 AM,REHAB,106540,10,30067.64358276,NOT CERTIFIED,,,QUALIFIED,-84.46752776,39.1372957100299,,EVANSTON,EVANSTON,109700
a0F4W00000XlEuCUAV,4616 NORTH EDGEWOOD AV,01/25/2022 12:00:00 AM,REHAB,249890,10,70523.77937766,NOT CERTIFIED,,,QUALIFIED,-84.51591664,39.1729105700299,,SPRING GROVE VILLAGE,SPRING GROVE VILLAGE,126900
a0F4W00000XlEukUAF,3628 HEEKIN AV,01/28/2022 12:00:00 AM,REHAB,82980,10,23418.55701612,NOT CERTIFIED,,,QUALIFIED,-84.41495377,39.1264969800299,,MOUNT LOOKOUT,LINWOOD,63881
a0F4W00000XlEyNUAV,3257 HARDISTY AV,01/28/2022 12:00:00 AM,REHAB,275000,10,77610.30585,NOT CERTIFIED,,,QUALIFIED,-84.42533135,39.1309006500299,,MOUNT LOOKOUT,MOUNT LOOKOUT,532107.38
a0F4W00000XlQtJUAV,2638 RIVERSIDE DR,02/25/2022 12:00:00 AM,NEW,562000,15,237910.864842,GOLD,,,QUALIFIED,-84.4573651565525,39.1231982439699,,EAST END,N/A,655766
a0F4W00000XlQtOUAV,2642 RIVERSIDE DR,02/25/2022 12:00:00 AM,NEW,562000,15,237910.864842,GOLD,,,QUALIFIED,-84.45624412,39.1230177800299,,EAST END,EAST END,643758
a0F4W00000XlQtsUAF,3854 DUCK CREEK RD,02/14/2022 12:00:00 AM,NEW,462000,15,195577.970742,GOLD,01/26/2022 12:00:00 AM,,QUALIFIED,-84.41662524,39.1655953600299,,MADISONVILLE,MADISONVILLE,461569
a0F4W00000XlQu7UAF,3110 WOODBURN AV,02/14/2022 12:00:00 AM,NEW,399650,15,169183.41127065,SILVER,08/03/2022 12:00:00 AM,,QUALIFIED,-84.47592653,39.1344264900299,,EVANSTON,EVANSTON,400145
a0F4W00000XlQuvUAF,6209 CHANDLER ST,02/10/2022 12:00:00 AM,NEW,275000,10,77610.30585,NOT CERTIFIED,,,QUALIFIED,-84.38896248,39.1632017600299,,MADISONVILLE,MADISONVILLE,388657
a0F4W00000XlQz7UAF,1706 ELM ST,02/14/2022 12:00:00 AM,NEW,786250,15,332842.37986125,PLATINUM,09/19/2022 12:00:00 AM,,QUALIFIED,-84.51935837,39.1143069600299,,OVER-THE-RHINE,OTR,506864
a0F4W00000XlQzvUAF,401 PARKVIEW CIR,02/24/2022 12:00:00 AM,NEW,275000,10,77610.30585,,,,QUALIFIED,-84.68812512,39.1183000400299,,SAYLER PARK,SAYLER PARK,250000
a0F4W00000XlRMdUAN,26 W FIFTEENTH ST,01/24/2022 12:00:00 AM,REHAB,211410,10,59663.98094454,NOT CERTIFIED,,,QUALIFIED,-84.516996804878,39.1116244390244,,OVER-THE-RHINE,N/A,177040.47
a0F4W00000XlROuUAN,6817 PALMETTO ST,03/16/2021 12:00:00 AM,REHAB,155440,10,43868.16705936,NOT CERTIFIED,,,QUALIFIED,-84.37876692,39.1511767700299,,MADISONVILLE,MADISONVILLE,78000
a0F4W00000XlRPJUA3,2819 PARK AV,02/02/2022 12:00:00 AM,REHAB,234710,10,66239.69049474,NOT CERTIFIED,,,QUALIFIED,-84.48599439,39.1304341500299,,WALNUT HILLS,WALNUT HILLS,17000
a0F4W00000XlRPYUA3,24 W FIFTEENTH ST,01/24/2022 12:00:00 AM,REHAB,196500,10,55456.091271,NOT CERTIFIED,,,QUALIFIED,-84.5169932439024,39.1116249512195,,OVER-THE-RHINE,N/A,177040.47
a0F4W00000XlRPsUAN,1508 RACE ST,01/24/2022 12:00:00 AM,REHAB,275000,10,77610.30585,NOT CERTIFIED,,,QUALIFIED,-84.517204122449,39.1117445918367,,OVER-THE-RHINE,N/A,215768.07
a0F4W00000XlRQ7UAN,4151 CHAMBERS ST,02/10/2022 12:00:00 AM,REHAB,95530,10,26960.40915582,NOT CERTIFIED,,,QUALIFIED,-84.53414111,39.1618144800299,,NORTHSIDE,NORTHSIDE,142797
a0F4W00000XlRRFUA3,1429 ELM ST,02/07/2022 12:00:00 AM,REHAB,275000,10,77610.30585,NOT CERTIFIED,,,QUALIFIED,-84.51906924,39.1109686700299,,OVER-THE-RHINE,OTR,303648
a0F4W00000XlRRKUA3,6809 EAST FORK RD,02/10/2022 12:00:00 AM,REHAB,187620,10,52949.98394028,NOT CERTIFIED,,,QUALIFIED,-84.3804411,39.1595681400299,,MADISONVILLE,MADISONVILLE,138588.95
a0F4W00000XlTijUAF,5 W TWELFTH ST,12/09/2021 12:00:00 AM,REHAB,260660,10,73563.28117404,NOT CERTIFIED,,,QUALIFIED,-84.5149513333333,39.1081963333333,,OVER-THE-RHINE,N/A,177863.03
a0F4W00000XlTzeUAF,3064 PORTSMOUTH AV,02/10/2022 12:00:00 AM,REHAB,270300,10,76283.8751682,NOT CERTIFIED,,,QUALIFIED,-84.43061847,39.1436716300299,,HYDE PARK,HYDE PARK,560333
a0F4W00000XlU0mUAF,1508 RACE ST,02/11/2022 12:00:00 AM,REHAB,229920,10,64887.86007648,NOT CERTIFIED,,,QUALIFIED,-84.517204122449,39.1117445918367,,OVER-THE-RHINE,N/A,189212
a0F4W00000XlU2nUAF,1231 PAXTON AV,02/15/2022 12:00:00 AM,REHAB,87360,10,24654.67752384,NOT CERTIFIED,,,QUALIFIED,-84.43460427,39.1346072600299,,HYDE PARK,HYDE PARK,83209.33
a0F4W00000XlU37UAF,1909 RACE ST,02/16/2022 12:00:00 AM,REHAB,275270,10,77686.50505938,GOLD,03/08/2022 12:00:00 AM,,QUALIFIED,-84.5188023684211,39.1171947894737,,OVER-THE-RHINE,N/A,168110.59
a0F4W00000XlU3HUAV,106 ETON PL,02/16/2022 12:00:00 AM,REHAB,393960,10,111183.11306424,GOLD,03/08/2022 12:00:00 AM,,QUALIFIED,-84.5190049,39.1169321500299,,OVER-THE-RHINE,OTR,279050.31
a0F4W00000XlU3RUAV,1909 RACE ST,02/16/2022 12:00:00 AM,REHAB,434190,10,122536.79526186,GOLD,03/08/2022 12:00:00 AM,,QUALIFIED,-84.5188023684211,39.1171947894737,,OVER-THE-RHINE,N/A,382605.1
a0F4W00000XlU3lUAF,1904 HEWITT AV,11/29/2021 12:00:00 AM,REHAB,274540,10,77480.48497476,NOT CERTIFIED,,,QUALIFIED,-84.46813554,39.1373400500299,,EVANSTON,EVANSTON,207973.69
a0F4W00000XlU48UAF,1641 HOFFNER ST,02/16/2022 12:00:00 AM,REHAB,208960,10,58972.54367424,NOT CERTIFIED,,,QUALIFIED,-84.54159186,39.1584337900299,,NORTHSIDE,NORTHSIDE,172000
a0F4W00000XlU9SUAV,4720 GLENSHADE AV,02/22/2022 12:00:00 AM,REHAB,208090,10,58727.01288846,NOT CERTIFIED,,,QUALIFIED,-84.38830156,39.1571899700299,,MADISONVILLE,MADISONVILLE,116000
a0F4W00000XlUA2UAN,3309 ALICEMONT AV,02/28/2022 12:00:00 AM,REHAB,77290,10,21812.72923326,NOT CERTIFIED,,,QUALIFIED,-84.42343116,39.1492830900299,,OAKLEY,OAKLEY,256727.81
a0F4W00000XlUAfUAN,2349 RAEBURN DR,03/01/2022 12:00:00 AM,REHAB,255570,10,72126.78496758,NOT CERTIFIED,,,QUALIFIED,-84.5602553,39.1736656900299,,MOUNT AIRY,MOUNT AIRY,305248.31
a0F4W00000XlYmnUAF,874 GRANDIN VIEW DR,12/30/2021 12:00:00 AM,NEW,1349850,15,571430.57100885,PLATINUM,05/11/2022 12:00:00 AM,,QUALIFIED,-84.44460626,39.1247680000299,,HYDE PARK,HYDE PARK,1200000
a0F4W00000XlYnHUAV,1404 APJONES ST,03/02/2022 12:00:00 AM,REHAB,101440,10,28628.32518336,NOT CERTIFIED,,,QUALIFIED,-84.53450802,39.1651791800299,,NORTHSIDE,NORTHSIDE,138150
a0F4W00000XlYo5UAF,2200 VICTORY PW,01/15/2022 12:00:00 AM,REHAB,74650,10,21067.6702971,NOT CERTIFIED,,,QUALIFIED,,,,EAST WALNUT HILLS,N/A,107000
a0F4W00000XlYoFUAV,4408 PLAINVILLE RD,03/07/2022 12:00:00 AM,REHAB,136120,10,38415.69029928,NOT CERTIFIED,,,QUALIFIED,-84.37989394,39.1526195100299,,MADISONVILLE,MADISONVILLE,180300
a0F4W00000XlYojUAF,3570 MONTEITH AV,03/07/2022 12:00:00 AM,REHAB,95070,10,26830.58828058,NOT CERTIFIED,,,QUALIFIED,-84.43586092,39.1412891400299,,HYDE PARK,HYDE PARK,286358
a0F4W00000XlYp3UAF,2331 HIGHLAND AV,03/07/2022 12:00:00 AM,REHAB,268590,10,75801.28017546,NOT CERTIFIED,,,QUALIFIED,-84.50370217,39.1244101800299,,MOUNT AUBURN,MOUNT AUBURN,305520.53
a0F4W00000XldyPUAR,2415 RIVERSIDE DR,03/09/2022 12:00:00 AM,NEW,1327590,15,562007.26878219,PLATINUM,05/11/2022 12:00:00 AM,,QUALIFIED,-84.46501767,39.1237530200299,,EAST END,EAST END,1302625
a0F4W00000XldyeUAB,314 MILTON ST,03/10/2022 12:00:00 AM,NEW,562000,15,237910.864842,GOLD,06/14/2022 12:00:00 AM,,QUALIFIED,-84.51006584,39.1136395300299,,MOUNT AUBURN,MOUNT AUBURN,600000
a0F4W00000XldzIUAR,6729 DANIELS WALK,03/14/2022 12:00:00 AM,NEW,275000,10,77610.30585,,,,QUALIFIED,-84.68927939,39.1188254300299,,SAYLER PARK,SAYLER PARK,397940.84
a0F4W00000XldzxUAB,6731 DANIELS WALK,03/18/2022 12:00:00 AM,NEW,275000,10,77610.30585,,,,QUALIFIED,-84.68949826,39.1189476400299,,SAYLER PARK,SAYLER PARK,260016
a0F4W00000Xle0QUAR,307 BLACKBERRY ST,03/15/2022 12:00:00 AM,NEW,407020,15,172303.34556582,GOLD,10/12/2023 12:00:00 AM,,QUALIFIED,-84.69003266,39.1178801500299,,SAYLER PARK,SAYLER PARK,387559.96
a0F4W00000Xle1JUAR,3836 DUCK CREEK RD,03/17/2022 12:00:00 AM,NEW,358710,15,151852.32442611,SILVER,03/13/2023 12:00:00 AM,,QUALIFIED,-84.4169477,39.1655186300299,,MADISONVILLE,MADISONVILLE,427710
a0F4W00000Xle1lUAB,3489 WILSON AV,03/29/2022 12:00:00 AM,NEW,275000,10,77610.30585,NOT CERTIFIED,,,QUALIFIED,-84.5029850416667,39.145078875,,AVONDALE,N/A,415081
a0F4W00000XpzSjUAJ,3726 HYDE PARK AV,06/07/2021 12:00:00 AM,NEW,742840,15,314465.67053244,PLATINUM,,,QUALIFIED,-84.43688228,39.1454901000299,,OAKLEY,OAKLEY,734326.25
a0F4W00000XpzT3UAJ,5881 RHODE ISLAND AV,06/07/2021 12:00:00 AM,NEW,267400,10,75465.4392156,NOT CERTIFIED,,,QUALIFIED,-84.45948315,39.1811351200299,,BOND HILL,BOND HILL,265120
a0F4W00000Xq0zfUAB,1964 FAIRFAX AV,05/26/2021 12:00:00 AM,REHAB,154850,10,43701.6576759,NOT CERTIFIED,,,QUALIFIED,-84.46545813,39.1351521700299,,EVANSTON,EVANSTON,51000
a0F4W00000Xq1HAUAZ,2323 KENTON ST,05/25/2021 12:00:00 AM,REHAB,227300,10,64148.4455262,NOT CERTIFIED,,,QUALIFIED,-84.49467883,39.1234244400299,,WALNUT HILLS,WALNUT HILLS,285500
a0F4W00000Xq7OWUAZ,4718 PEABODY AV,05/26/2021 12:00:00 AM,REHAB,196440,10,55439.15811336,NOT CERTIFIED,,,QUALIFIED,-84.39620875,39.1580891400299,,MADISONVILLE,MADISONVILLE,215699
a0F4W00000Xq7PJUAZ,5 W TWELFTH ST,06/03/2021 12:00:00 AM,REHAB,265660,10,74974.37764404,NOT CERTIFIED,,,QUALIFIED,-84.5149513333333,39.1081963333333,,OVER-THE-RHINE,N/A,184450.55
a0F4W00000Xq7PdUAJ,254 DORCHESTER AV,06/04/2021 12:00:00 AM,REHAB,199650,10,56345.0820471,NOT CERTIFIED,,,QUALIFIED,-84.50654869,39.1179769900299,,MOUNT AUBURN,MOUNT AUBURN,334063.01
a0F4W00000Xq7QTUAZ,3620 WABASH AV,06/01/2021 12:00:00 AM,REHAB,190030,10,53630.13243882,NOT CERTIFIED,,,QUALIFIED,-84.4635166,39.1450794600299,,EVANSTON,EVANSTON,141077.94
a0F4W00000Xq7QnUAJ,2340 KENTON ST,06/04/2021 12:00:00 AM,REHAB,176290,10,49752.43933926,NOT CERTIFIED,,,QUALIFIED,-84.49410986,39.1241538800299,,WALNUT HILLS,WALNUT HILLS,45980
a0F4W00000Xq7rkUAB,4627 CASTLE PL,06/04/2021 12:00:00 AM,REHAB,178900,10,50489.0316966,NOT CERTIFIED,,,QUALIFIED,-84.38658965,39.1562143600299,,MADISONVILLE,MADISONVILLE,151000
a0F4W00000Xq8DVUAZ,2945 WALWORTH AV,06/17/2021 12:00:00 AM,NEW,562000,15,237910.864842,GOLD,,,QUALIFIED,-84.4492035,39.1216719600299,,EAST END,EAST END,1300000
a0F4W00000ZuWsiUAF,3071 SIDNEY AV,04/14/2023 12:00:00 AM,REHAB,152020,10,42902.97707388,NOT CERTIFIED,,,QUALIFIED,-84.53657658,39.1403727300299,,CAMP WASHINGTON,CAMP WASHINGTON,175000
a0F4W00000ZuWsjUAF,3339 GRAYDON AV,05/15/2023 12:00:00 AM,NEW,,15,,GOLD,01/11/2024 12:00:00 AM,,QUALIFIED,-84.5124602,39.1014537,,EVANSTON,N/A,280000
a0F4W00000ZuWssUAF,3341 GRAYDON AV,05/15/2023 12:00:00 AM,NEW,,15,,GOLD,10/12/2023 12:00:00 AM,,QUALIFIED,-84.5124602,39.1014537,,EVANSTON,N/A,280000
a0F4W00000ZuWt7UAF,6454 TIMBERS COURT MASON OH,05/15/2023 12:00:00 AM,REHAB,,10,,NOT CERTIFIED,,,QUALIFIED,-84.5124602,39.1014537,,MADISONVILLE,N/A,197300
a0F4W00000ZuWtWUAV,1332 CUSTER ST,05/19/2023 12:00:00 AM,NEW,562000,15,237910.864842,GOLD,01/17/2023 12:00:00 AM,,QUALIFIED,-84.41817424,39.1340151000299,,MOUNT LOOKOUT,MOUNT LOOKOUT,1165750
a0F4W00000ZuWtbUAF,5812 MONTGOMERY RD,05/31/2023 12:00:00 AM,NEW,345260,15,146158.55016966,GOLD,10/05/2023 12:00:00 AM,,QUALIFIED,-84.43610781,39.1784758500299,,PLEASANT RIDGE,PLEASANT RIDGE,502533
a0F4W00000ZuX8nUAF,3070 OBSERVATORY AV,05/25/2023 12:00:00 AM,REHAB,,10,,NOT CERTIFIED,,,QUALIFIED,-84.5124602,39.1014537,,HYDE PARK,N/A,216991.34
a0F4W00000ZuX8xUAF,4714 TOWER AV,05/18/2023 12:00:00 AM,REHAB,,10,,NOT CERTIFIED,,,QUALIFIED,-84.5124602,39.1014537,,WESTWOOD,N/A,114890
a0F4W00000ZuXAAUA3,3236 LINWOOD AV,05/16/2023 12:00:00 AM,NEW,500000,15,211664.4705,GOLD,05/16/2023 12:00:00 AM,,QUALIFIED,-84.42939446,39.1276332800299,,MOUNT LOOKOUT,MOUNT LOOKOUT,500000
a0F4W00000ZuXAKUA3,1823 HEWITT AV,05/19/2023 12:00:00 AM,NEW,275000,10,77610.30585,NOT CERTIFIED,,,QUALIFIED,-84.47107086,39.1370855800299,,EVANSTON,EVANSTON,340000
a0F4W00000ZuXAUUA3,3306 HARDISTY AV,06/02/2023 12:00:00 AM,NEW,1126350,15,476816.55269535,PLATINUM,,,QUALIFIED,-84.42299507,39.1324083000299,,HYDE PARK,MOUNT LOOKOUT,1406713
a0F4W00000ZuXGxUAN,239 GOTHAM PL,06/02/2023 12:00:00 AM,NEW,1095570,15,463786.48789137,PLATINUM,07/07/2023 12:00:00 AM,,QUALIFIED,-84.45822466,39.1219619200299,,EAST END,EAST END,1435852
a0F4W00000ZuXHMUA3,3530 HAVEN ST,06/02/2023 12:00:00 AM,NEW,233570,10,65917.96049958,NOT CERTIFIED,,,QUALIFIED,-84.50522156,39.1467142100299,,AVONDALE,AVONDALE,496411
a0F4W00000ZuXIPUA3,5729 ROE ST,06/08/2023 12:00:00 AM,NEW,395250,15,167320.76393025,GOLD,11/29/2023 12:00:00 AM,,QUALIFIED,-84.39602226,39.1564391700298,,MADISONVILLE,MADISONVILLE,465000
a0F4W00000ZuXR7UAN,402 GRAND AV,05/16/2023 12:00:00 AM,REHAB,259980,10,73371.37205412,NOT CERTIFIED,,,QUALIFIED,-84.56162766,39.0975424100299,,EAST PRICE HILL,EAST PRICE HILL,111171
a0F4W00000ZuXXLUA3,3806 DUCK CREEK RD,06/09/2023 12:00:00 AM,NEW,275000,10,77610.30585,,,,QUALIFIED,-84.41749613,39.1655782200299,,MADISONVILLE,MADISONVILLE,477776
a0F4W00000ZuXXQUA3,4206 FERGUS ST,07/10/2023 12:00:00 AM,REHAB,0,10,0,NOT CERTIFIED,,,QUALIFIED,-84.53609336,39.1634590600298,,NORTHSIDE,NORTHSIDE,80000
a0F4W00000ZuXXfUAN,2032 BURNET AV,06/15/2023 12:00:00 AM,REHAB,0,10,0,NOT CERTIFIED,,,QUALIFIED,-84.50253997,39.1193800300299,,MOUNT AUBURN,MOUNT AUBURN,162000
a0F4W00000ZuXXkUAN,5812 1/2 MONTGOMERY RD,06/12/2023 12:00:00 AM,NEW,331490,15,140329.31065209,GOLD,,,QUALIFIED,-84.43604478,39.1784933800299,,PLEASANT RIDGE,PLEASANT RIDGE,502533
a0F4W00000ZuYA2UAN,3341 BOXWOOD CIRCLE,05/09/2023 12:00:00 AM,REHAB,,10,,NOT CERTIFIED,,,QUALIFIED,-84.5124602,39.1014537,,EVANSTON,N/A,116240
a0F4W00000ZuYACUA3,3739 ISABELLA AV,06/15/2023 12:00:00 AM,NEW,562000,15,237910.864842,GOLD,01/08/2024 12:00:00 AM,,QUALIFIED,-84.4328997527856,39.1456682641263,,OAKLEY,N/A,839900
a0F4W00000ZuYBtUAN,3627 RAVENWOOD AV,06/21/2023 12:00:00 AM,REHAB,210300,10,59350.7175282,NOT CERTIFIED,,,QUALIFIED,-84.41304136,39.1833301200299,,KENNEDY HEIGHTS,KENNEDY HEIGHTS,76725
a0F4W00000ZuYMnUAN,1316 BURDETTE AV,05/31/2023 12:00:00 AM,REHAB,0,10,0,NOT CERTIFIED,,,QUALIFIED,-84.48187681,39.1284725100299,,WALNUT HILLS,EAST WALNUT HILLS,357957.84
a0F4W00000ZuYNCUA3,3470 HUDSON AV,06/21/2023 12:00:00 AM,REHAB,275000,10,77610.30585,NOT CERTIFIED,,,QUALIFIED,-84.4675044,39.1411994300299,,EVANSTON,EVANSTON,218250
a0F4W00000ZuYeSUAV,849 EAST MITCHELL AV,06/22/2023 12:00:00 AM,REHAB,,10,,NOT CERTIFIED,,,QUALIFIED,-84.5124602,39.1014537,,NORTH AVONDALE,N/A,185723.46
a0F4W00000ZuYg9UAF,3219 GOLDEN AV,06/21/2023 12:00:00 AM,NEW,562000,15,237910.864842,GOLD,12/18/2023 12:00:00 AM,,QUALIFIED,-84.44252003,39.1209628600299,,COLUMBIA-TUSCULUM,COLUMBIA TUSCULUM,841500
a0F4W00000ZuYgJUAV,2692 MADISON RD STE N1-336,06/22/2023 12:00:00 AM,NEW,,15,,GOLD,11/03/2023 12:00:00 AM,,QUALIFIED,-84.5124602,39.1014537,,MADISONVILLE,N/A,501278
a0F4W00000ZuZDiUAN,981 BURTON AV,04/14/2023 12:00:00 AM,REHAB,143860,10,40600.06763484,NOT CERTIFIED,,,QUALIFIED,-84.48310677,39.1495633200299,,AVONDALE,AVONDALE - NORTH AVONDALE,56683
a0F4W00000ZuZECUA3,33 E COURT ST,05/15/2023 12:00:00 AM,REHAB,0,10,0,NOT CERTIFIED,,,QUALIFIED,-84.5049102,39.1072382,,DOWNTOWN CINCINNATI,N/A,318469
a0F4W00000ZuZEWUA3,33 E COURT ST,05/15/2023 12:00:00 AM,REHAB,0,10,0,NOT CERTIFIED,,,QUALIFIED,-84.5049102,39.1072382,,DOWNTOWN CINCINNATI,N/A,178700
a0F4W00000ZuZEvUAN,33 E COURT ST,05/15/2023 12:00:00 AM,REHAB,0,10,0,NOT CERTIFIED,,,QUALIFIED,-84.5049102,39.1072382,,DOWNTOWN CINCINNATI,N/A,212206
a0F4W00000ZuZKyUAN,33 E COURT ST,05/15/2023 12:00:00 AM,REHAB,0,10,0,NOT CERTIFIED,,,QUALIFIED,-84.5049102,39.1072382,,DOWNTOWN CINCINNATI,N/A,293578.86
a0F4W00000ZuZL3UAN,33 E COURT ST,05/15/2023 12:00:00 AM,REHAB,0,10,0,NOT CERTIFIED,,,QUALIFIED,-84.5049102,39.1072382,,DOWNTOWN CINCINNATI,N/A,310491.55
a0F4W00000ZuZLDUA3,33 E COURT ST,05/15/2023 12:00:00 AM,REHAB,0,10,0,NOT CERTIFIED,,,QUALIFIED,-84.5049102,39.1072382,,DOWNTOWN CINCINNATI,N/A,168807.84
a0F4W00000ZuZRLUA3,33 E COURT ST,05/15/2023 12:00:00 AM,REHAB,0,10,0,NOT CERTIFIED,,,QUALIFIED,-84.5049102,39.1072382,,DOWNTOWN CINCINNATI,N/A,288473.14
a0F4W00000ZuZW1UAN,33 E COURT ST,05/15/2023 12:00:00 AM,REHAB,0,10,0,NOT CERTIFIED,,,QUALIFIED,-84.5049102,39.1072382,,DOWNTOWN CINCINNATI,N/A,162745
a0F4W00000ZuZWBUA3,1024 SETON AV,06/12/2023 12:00:00 AM,REHAB,164780,10,46504.09526532,NOT CERTIFIED,,,QUALIFIED,-84.57621512,39.1111635400299,,WEST PRICE HILL,EAST PRICE HILL,265570
a0F4W00000ZuZWGUA3,33 E COURT ST,05/15/2023 12:00:00 AM,REHAB,0,10,0,NOT CERTIFIED,,,QUALIFIED,-84.5049102,39.1072382,,DOWNTOWN CINCINNATI,N/A,119665
a0F4W00000ZuZWLUA3,33 E COURT ST,05/15/2023 12:00:00 AM,REHAB,0,10,0,NOT CERTIFIED,,,QUALIFIED,-84.5049102,39.1072382,,DOWNTOWN CINCINNATI,N/A,178700
a0F4W00000ZuZWQUA3,33 E COURT ST,05/15/2023 12:00:00 AM,REHAB,0,10,0,NOT CERTIFIED,,,QUALIFIED,-84.5049102,39.1072382,,DOWNTOWN CINCINNATI,N/A,294217
a0F4W00000ZuZWfUAN,33 E COURT ST,05/16/2023 12:00:00 AM,REHAB,0,10,0,NOT CERTIFIED,,,QUALIFIED,-84.5049102,39.1072382,,DOWNTOWN CINCINNATI,N/A,212206
a0F4W00000Zua3LUAR,33 E COURT ST,05/15/2023 12:00:00 AM,REHAB,0,10,0,NOT CERTIFIED,,,QUALIFIED,-84.5049102,39.1072382,,DOWNTOWN CINCINNATI,N/A,310491.55
a0F4W00000Zua6AUAR,33 E COURT ST,05/15/2023 12:00:00 AM,REHAB,0,10,0,NOT CERTIFIED,,,QUALIFIED,-84.5049102,39.1072382,,DOWNTOWN CINCINNATI,N/A,314001.74
a0F4W00000ZuaFQUAZ,7889 GLEN ORCHARD DR,06/26/2023 12:00:00 AM,REHAB,0,10,0,NOT CERTIFIED,,,QUALIFIED,-84.45900929,39.2076777000298,,ROSELAWN,ROSELAWN,112197
a0F4W00000ZuaFaUAJ,2720 WALSH RD,06/26/2023 12:00:00 AM,NEW,275000,10,77610.30585,,,,QUALIFIED,-84.44319071,39.1305754300299,,HYDE PARK,HYDE PARK,3696000
a0F4W00000ZuamUUAR,3800 DUCK CREEK RD,06/29/2023 12:00:00 AM,NEW,332330,15,140684.90696253,GOLD,,,QUALIFIED,-84.41759164,39.1655876300299,,MADISONVILLE,MADISONVILLE,512100.81
a0F4W00000ZuaowUAB,5145 SALEM HILLS LANE,07/03/2023 12:00:00 AM,ADDITION,,0,,NOT CERTIFIED,,,QUALIFIED,-84.5124602,39.1014537,,MOUNT WASHINGTON,N/A,207930
a0F4W00000Zub6ZUAR,4400 HAMILTON AV,12/27/2022 12:00:00 AM,REHAB,,10,,NOT CERTIFIED,,,QUALIFIED,-84.5124602,39.1014537,,NORTHSIDE,N/A,16665
a0F4W00000Zub78UAB,2638 RIVERSIDE DR,07/05/2023 12:00:00 AM,NEW,562000,15,237910.864842,GOLD,07/05/2023 12:00:00 AM,,QUALIFIED,-84.4573651565525,39.1231982439699,,EAST END,N/A,667969
a0F4W00000ZucCqUAJ,6325 DESMOND ST,12/22/2022 12:00:00 AM,REHAB,204240,10,57640.46860656,NOT CERTIFIED,,,QUALIFIED,-84.38632576,39.1619434800299,,MADISONVILLE,MADISONVILLE,190000
a0F4W00000ZucDZUAZ,3700 WESTGATE AV,07/05/2023 12:00:00 AM,REHAB,,10,,NOT CERTIFIED,,,QUALIFIED,-84.5124602,39.1014537,,HYDE PARK,N/A,94414
a0F4W00000ZucE3UAJ,2238 MAPLEWOOD AV,06/12/2023 12:00:00 AM,REHAB,0,10,0,NOT CERTIFIED,,,QUALIFIED,-84.50423727,39.1224392200299,,MOUNT AUBURN,MOUNT AUBURN,244740
a0F4W00000ZucE4UAJ,2642 RIVERSIDE DR,07/05/2023 12:00:00 AM,NEW,562000,15,237910.864842,GOLD,07/05/2023 12:00:00 AM,,QUALIFIED,-84.45624412,39.1230177800299,,EAST END,EAST END,635211
a0F4W00000ZucknUAB,133 W ELDER ST,04/13/2023 12:00:00 AM,REHAB,153970,10,43453.30469718,NOT CERTIFIED,,,QUALIFIED,-84.51956784,39.1149506400299,,OVER-THE-RHINE,OTR,236305
a0F4W00000Zucl8UAB,10194 BAYBERRY WAY PLAIN CITY OH,07/05/2023 12:00:00 AM,REHAB,,10,,NOT CERTIFIED,,,QUALIFIED,-84.5124602,39.1014537,,WALNUT HILLS,N/A,212000
a0F4W00000Zucl9UAB,1335 DELTA AV,07/07/2023 12:00:00 AM,NEW,562000,15,237910.864842,GOLD,07/07/2023 12:00:00 AM,,QUALIFIED,-84.42739819,39.1356039100299,,HYDE PARK,HYDE PARK,1112500
a0F4W00000ZuclDUAR,PO BOX 507 NORTH BEND OH,07/07/2023 12:00:00 AM,REHAB,,10,,NOT CERTIFIED,,,QUALIFIED,-84.5124602,39.1014537,,KENNEDY HEIGHTS,N/A,135687
a0F4W00000Zud6wUAB,4680 PARKWAY DR MASON OH,07/11/2023 12:00:00 AM,REHAB,,10,,NOT CERTIFIED,,,QUALIFIED,-84.5124602,39.1014537,,EAST PRICE HILL,N/A,160500
a0F4W00000ZufHvUAJ,3232 LINWOOD AV,07/14/2023 12:00:00 AM,NEW,562000,15,237910.864842,GOLD,07/14/2023 12:00:00 AM,,QUALIFIED,-84.42947845,39.1277389900299,,MOUNT LOOKOUT,MOUNT LOOKOUT,840996
a0F4W00000ZugHAUAZ,2050 MISTYOAK LN,07/17/2023 12:00:00 AM,NEW,275000,10,77610.30585,NOT CERTIFIED,,,QUALIFIED,-84.45802482,39.1784100600298,,BOND HILL,BOND HILL,340891
a0F4W00000Zuh0eUAB,2680 GRANDIN PL,11/10/2022 12:00:00 AM,REHAB,200000,10,56443.8588,NOT CERTIFIED,,,QUALIFIED,-84.43856258,39.1243358100299,,HYDE PARK,HYDE PARK,330767
a0F4W00000Zuh1rUAB,1256 EDWARDS RD,11/29/2022 12:00:00 AM,REHAB,150000,10,42332.8941,NOT CERTIFIED,,,QUALIFIED,-84.44336446,39.1349608400299,,HYDE PARK,HYDE PARK,191605
a0F4W00000Zuh21UAB,3333 STETTINIUS AV,01/20/2023 12:00:00 AM,REHAB,247400,10,69821.0533356,NOT CERTIFIED,,,QUALIFIED,-84.44886941,39.1375078900299,,HYDE PARK,HYDE PARK,475124
a0F4W00000Zuj5kUAB,2828 EAST SAINT CHARLES PLACE,12/29/2022 12:00:00 AM,NEW,,15,,PLATINUM,09/06/2023 12:00:00 AM,,QUALIFIED,-84.5124602,39.1014537,,HYDE PARK,N/A,904008
a0F4W00000Zuj6YUAR,10 W 9TH ST,08/10/2023 12:00:00 AM,REHAB,248750,10,70202.0493825,NOT CERTIFIED,,,QUALIFIED,-84.51468006,39.1053966200299,,DOWNTOWN CINCINNATI,DOWNTOWN,257000
a0F4W00000Zuj7lUAB,3326 STETTINIUS AV,07/24/2023 12:00:00 AM,NEW,1537760,15,650978.31231216,PLATINUM,07/24/2023 12:00:00 AM,,QUALIFIED,-84.44844445,39.1369988600299,,HYDE PARK,HYDE PARK,2550431
a0F4W00000Zuj7qUAB,3884 ITALEY LANE CLEVES OH,06/30/2023 12:00:00 AM,REHAB,,10,,NOT CERTIFIED,,,QUALIFIED,-84.5124602,39.1014537,,EAST PRICE HILL,N/A,113892
a0F4W00000Zuj7vUAB,2746 IVY FARM COURT LEBANON OH,07/12/2023 12:00:00 AM,REHAB,,10,,NOT CERTIFIED,,,QUALIFIED,-84.5124602,39.1014537,,EVANSTON,N/A,279812
a0F4W00000ZujBiUAJ,1992 KINNEY AV,07/14/2023 12:00:00 AM,REHAB,,10,,NOT CERTIFIED,,,QUALIFIED,-84.5124602,39.1014537,,EVANSTON,N/A,81690
a0F4W00000ZujG9UAJ,1022 CARRIAGE PARK DR VALRICO FL,07/24/2023 12:00:00 AM,REHAB,,10,,NOT CERTIFIED,,,QUALIFIED,-84.5124602,39.1014537,,WEST END,N/A,471415
a0F4W00000ZujGdUAJ,4935 BOUTON ST,07/25/2023 12:00:00 AM,NEW,459290,15,194430.74931189,GOLD,12/19/2023 12:00:00 AM,,QUALIFIED,-84.41521256,39.1272863800299,,MOUNT LOOKOUT,LINWOOD,1050405
a0F4W00000ZujhUUAR,1404 YARMOUTH AV,07/26/2023 12:00:00 AM,NEW,,10,,NOT CERTIFIED,,,QUALIFIED,-84.5124602,39.1014537,,BOND HILL,N/A,185000
a0F4W00000ZujhtUAB,3107 WALWORTH AV,07/26/2023 12:00:00 AM,NEW,500000,15,211664.4705,GOLD,11/01/2023 12:00:00 AM,,QUALIFIED,-84.44584425,39.1200394300299,,EAST END,COLUMBIA TUSCULUM - EAST END,801017.12
a0F4W00000Zujm0UAB,4220 31ST AV,07/27/2023 12:00:00 AM,REHAB,297000,10,83819.130318,NOT CERTIFIED,,,QUALIFIED,-84.43629806,39.1543060900299,,OAKLEY,OAKLEY,308396.89
a0F4W00000ZujmKUAR,62 E CLIFTON AV,08/07/2023 12:00:00 AM,REHAB,0,10,0,NOT CERTIFIED,,,QUALIFIED,-84.51560264,39.1170820400299,,OVER-THE-RHINE,OTR,193450
a0F4W00000ZujmUUAR,120 W ELDER ST,08/02/2023 12:00:00 AM,REHAB,0,10,0,NOT CERTIFIED,,,QUALIFIED,-84.51928164,39.1154903500299,,OVER-THE-RHINE,OTR,312995
a0F4W00000Zun5GUAR,1270 GRACE AV,03/21/2023 12:00:00 AM,REHAB,400000,10,112887.7176,SILVER,02/16/2024 12:00:00 AM,,QUALIFIED,-84.431881,39.1341600000299,,HYDE PARK,MOUNT LOOKOUT,845137
a0F4W00000Zunc0UAB,2721 DARBY DAN COURT CRESTVIEW HILLS KY,08/04/2023 12:00:00 AM,REHAB,,10,,NOT CERTIFIED,,,QUALIFIED,-84.5124602,39.1014537,,EVANSTON,N/A,104849
a0F4W00000ZuncKUAR,2338 MAY ST,11/04/2022 12:00:00 AM,REHAB,31700,10,8946.3516198,NOT CERTIFIED,,,QUALIFIED,-84.4951134,39.1241383000299,,WALNUT HILLS,WALNUT HILLS,124775
a0F4W00000ZuncPUAR,2200 VICTORY PW,03/09/2023 12:00:00 AM,REHAB,30000,10,8466.57882,NOT CERTIFIED,,,QUALIFIED,,,,EAST WALNUT HILLS,N/A,61812
a0F4W00000Zund3UAB,3321 S WOODMONT AV,06/08/2023 12:00:00 AM,REHAB,138100,10,38974.4845014,NOT CERTIFIED,,,QUALIFIED,-84.42351721,39.1771642700299,,PLEASANT RIDGE,PLEASANT RIDGE,140166
a0F4W00000ZundmUAB,6537 CLIFF RIDGE LANE,07/12/2023 12:00:00 AM,REHAB,,10,,NOT CERTIFIED,,,QUALIFIED,-84.5124602,39.1014537,,PLEASANT RIDGE,N/A,200000
a0F4W00000ZunhUUAR,1875 WILLIAM H TAFT RD,08/08/2023 12:00:00 AM,NEW,917490,15,388400.07007809,PLATINUM,12/14/2023 12:00:00 AM,,QUALIFIED,-84.46763542,39.1257611400299,,EAST WALNUT HILLS,EAST WALNUT HILLS,1569628
a0F4W00000ZunhoUAB,4230 FERGUS ST,08/09/2023 12:00:00 AM,REHAB,0,10,0,NOT CERTIFIED,,,QUALIFIED,-84.53601655,39.1643148000298,,NORTHSIDE,NORTHSIDE,229464
a0F4W00000ZuniNUAR,321 RESOR AV,08/09/2023 12:00:00 AM,NEW,461990,15,195573.73745259,PLATINUM,11/21/2023 12:00:00 AM,,QUALIFIED,-84.52024973,39.1472835500299,,CLIFTON,CLIFTON,1037120
a0F4W00000ZuntFUAR,6121 WOODMONT AV,08/14/2023 12:00:00 AM,REHAB,0,10,0,NOT CERTIFIED,,,QUALIFIED,-84.42445706,39.1825714500299,,PLEASANT RIDGE,PLEASANT RIDGE,290941
a0F4W00000ZunvzUAB,1245 HAYWARD AV,09/06/2023 12:00:00 AM,NEW,,10,,NOT CERTIFIED,,,QUALIFIED,-84.5124602,39.1014537,,MOUNT LOOKOUT,N/A,412705
a0F4W00000Zunw4UAB,PO BOX 507 NORTH BEND OH,09/06/2023 12:00:00 AM,REHAB,,10,,NOT CERTIFIED,,,QUALIFIED,-84.5124602,39.1014537,,OAKLEY,N/A,140238
a0F4W00000ZunwJUAR,4319 32ND AV,08/31/2023 12:00:00 AM,REHAB,,10,,NOT CERTIFIED,,,QUALIFIED,-84.5124602,39.1014537,,OAKLEY,N/A,507000
a0F4W00000ZunwKUAR,9122 MONTGOMERY RD STE 12,08/23/2023 12:00:00 AM,NEW,,15,,PLATINUM,02/23/2024 12:00:00 AM,,QUALIFIED,-84.5124602,39.1014537,,MOUNT LOOKOUT,N/A,1835150
a0F4W00000ZunxqUAB,3009 W 8TH ST,08/22/2023 12:00:00 AM,REHAB,230000,10,64910.43762,NOT CERTIFIED,,,QUALIFIED,-84.56167187,39.1055692900299,,EAST PRICE HILL,EAST PRICE HILL,166500
a0F4W00000ZuoG4UAJ,2132 ST MICHAEL ST,08/18/2023 12:00:00 AM,REHAB,0,10,0,NOT CERTIFIED,,,QUALIFIED,-84.55250545,39.1025256000299,,LOWER PRICE HILL,LOWER PRICE HILL,270581
a0F4W00000ZuoGEUAZ,6724 ROE ST,08/15/2023 12:00:00 AM,REHAB,,10,,NOT CERTIFIED,,,QUALIFIED,-84.5124602,39.1014537,,MADISONVILLE,N/A,90426
a0F4W00000ZuoHgUAJ,3484 PRINCIPIO AV,09/12/2023 12:00:00 AM,REHAB,50200,10,14167.4085588,NOT CERTIFIED,,,QUALIFIED,-84.41749802,39.1317211800299,,HYDE PARK,MOUNT LOOKOUT,54842
a0F4W00000ZuoHlUAJ,2330 ASHLAND AV  1,06/30/2023 12:00:00 AM,REHAB,,10,,NOT CERTIFIED,,,QUALIFIED,-84.5124602,39.1014537,,WALNUT HILLS,N/A,97919
a0F4W00000Zup0DUAR,1040 BEECH AV,08/18/2023 12:00:00 AM,REHAB,194520,10,54897.29706888,NOT CERTIFIED,,,QUALIFIED,-84.57724492,39.1114886600299,,EAST PRICE HILL,WEST PRICE HILL,80000
a0F4W00000Zup0IUAR,4311 SCHULTE DR,08/31/2023 12:00:00 AM,REHAB,,10,,NOT CERTIFIED,,,QUALIFIED,-84.5124602,39.1014537,,WEST PRICE HILL,N/A,81700
a0F4W00000ZuptjUAB,11187 MARLETTE DR,07/20/2023 12:00:00 AM,REHAB,,10,,NOT CERTIFIED,,,QUALIFIED,-84.5124602,39.1014537,,WALNUT HILLS,N/A,204316
a0F4W00000ZupwTUAR,2200 VICTORY PW,01/20/2023 12:00:00 AM,REHAB,50000,10,14110.9647,NOT CERTIFIED,,,QUALIFIED,,,,EAST WALNUT HILLS,N/A,146429
a0F4W00000Zur0FUAR,2746 IVY FARM COURT MASON OH,09/11/2023 12:00:00 AM,REHAB,,10,,NOT CERTIFIED,,,QUALIFIED,-84.5124602,39.1014537,,EVANSTON,N/A,191525
a0F4W00000Zur1mUAB,325 RESOR AV,08/09/2023 12:00:00 AM,NEW,461990,15,195573.73745259,PLATINUM,11/01/2023 12:00:00 AM,,QUALIFIED,-84.52042534,39.1473005100299,,CLIFTON,CLIFTON,1095000
a0F4W00000Zur3xUAB,3302 NASH AV,08/14/2023 12:00:00 AM,NEW,963760,15,407987.50017816,PLATINUM,,,QUALIFIED,-84.4290075,39.1253818400299,,MOUNT LOOKOUT,MOUNT LOOKOUT,1585000
a0F4W00000Zur6SUAR,3814 IONA AV,08/29/2023 12:00:00 AM,NEW,193530,10,54617.89996782,NOT CERTIFIED,,,QUALIFIED,-84.40755472,39.1839840000299,,KENNEDY HEIGHTS,KENNEDY HEIGHTS,325000
a0F4W00000Zur7kUAB,3222 COLUMBIA PKWY,09/08/2023 12:00:00 AM,NEW,5401690,15,2286691.70731029,PLATINUM,08/09/2023 12:00:00 AM,,QUALIFIED,-84.44290962,39.1201469800299,,COLUMBIA-TUSCULUM,COLUMBIA TUSCULUM,5653158
a0F4W00000ZusB4UAJ,1048 RICHWOOD AV,03/30/2023 12:00:00 AM,NEW,1220050,15,516482.47446705,PLATINUM,,,QUALIFIED,-84.41684874,39.1256913900299,,MOUNT LOOKOUT,MOUNT LOOKOUT,1795000
a0F4W00000ZusB5UAJ,1050 RICHWOOD AV,03/30/2023 12:00:00 AM,NEW,1219220,15,516131.11144602,PLATINUM,,,QUALIFIED,-84.41689469,39.1258279400299,,MOUNT LOOKOUT,MOUNT LOOKOUT,1795000
a0F4W00000ZusGOUAZ,622 EVANSWOOD PLACE,08/18/2023 12:00:00 AM,REHAB,,10,,NOT CERTIFIED,,,QUALIFIED,-84.5124602,39.1014537,,CLIFTON,N/A,29663
a0F4W00000ZusGdUAJ,7227 BERWOOD DR MADEIRA OH,09/14/2023 12:00:00 AM,REHAB,,10,,NOT CERTIFIED,,,QUALIFIED,-84.5124602,39.1014537,,EAST PRICE HILL,N/A,122900
a0F4W00000ZusI5UAJ,762 SUMMIT AV,09/14/2023 12:00:00 AM,REHAB,66480,10,18761.93866512,NOT CERTIFIED,,,QUALIFIED,-84.55880396,39.1047651600299,,EAST PRICE HILL,EAST PRICE HILL,89600
a0F4W00000ZusJSUAZ,11711 PRINCETON PIKE STE 341-331,09/21/2023 12:00:00 AM,REHAB,,10,,NOT CERTIFIED,,,QUALIFIED,-84.5124602,39.1014537,,NORTHSIDE,N/A,118325
a0F4W00000ZusJXUAZ,2712 GRIFFITHS AV,08/18/2023 12:00:00 AM,NEW,,15,,PLATINUM,11/21/2023 12:00:00 AM,,QUALIFIED,-84.5124602,39.1014537,,HYDE PARK,N/A,1248153
a0F4W00000Zuw4GUAR,5341 GRAND VISTA COURT,09/25/2023 12:00:00 AM,NEW,,10,,NOT CERTIFIED,,,QUALIFIED,-84.5124602,39.1014537,,MADISONVILLE,N/A,633958
a0F4W00000Zuw4HUAR,28 FINDLAY ST,09/27/2023 12:00:00 AM,NEW,275000,10,77610.30585,,,,QUALIFIED,-84.5181287,39.1168671400299,,OVER-THE-RHINE,OTR,808414
a0F4W00000Zuw4LUAR,5284 BIRCHKNOLL CT,10/17/2022 12:00:00 AM,REHAB,157000,10,44308.429158,NOT CERTIFIED,,,QUALIFIED,-84.4062524,39.0878149600299,,MOUNT WASHINGTON,MOUNT WASHINGTON,82623
a0F4W00000Zuw4QUAR,PO BOX 507 NORTH BEND OH,01/20/2023 12:00:00 AM,REHAB,,10,,NOT CERTIFIED,,,QUALIFIED,-84.5124602,39.1014537,,MOUNT LOOKOUT,N/A,159863
a0F4W00000Zuw4VUAR,10817 OAKVALLEY COURT LOVELAND OH,09/21/2023 12:00:00 AM,REHAB,,10,,NOT CERTIFIED,,,QUALIFIED,-84.5124602,39.1014537,,OAKLEY,N/A,112931
a0F4W00000Zuw4fUAB,3372 ARROW AV,10/09/2023 12:00:00 AM,NEW,0,10,0,,,,QUALIFIED,-84.42076278,39.1827472000299,,PLEASANT RIDGE,PLEASANT RIDGE,635200
a0F4W00000ZuwSIUAZ,1801 WALKER ST,08/25/2023 12:00:00 AM,REHAB,0,10,0,GOLD,08/25/2023 12:00:00 AM,,QUALIFIED,-84.50975,39.114916,,MOUNT AUBURN,N/A,975286
a0F4W00000ZuwSmUAJ,3874 PAXTON AV 9303,09/06/2023 12:00:00 AM,REHAB,,10,,NOT CERTIFIED,,,QUALIFIED,-84.5124602,39.1014537,,BOND HILL,N/A,130303
a0F4W00000ZuwTpUAJ,2216 BURNET AV,09/12/2023 12:00:00 AM,REHAB,0,10,0,NOT CERTIFIED,,,QUALIFIED,-84.50229627,39.1215068800299,,CLIFTON,MOUNT AUBURN,173146
a0F4W00000ZuyQdUAJ,11711 PRINCETON PIKE STE 341-331,09/21/2023 12:00:00 AM,REHAB,,10,,NOT CERTIFIED,,,QUALIFIED,-84.5124602,39.1014537,,MADISONVILLE,N/A,228228
a0F4W00000ZuyrPUAR,3527 GLENWAY AVE,09/22/2023 12:00:00 AM,REHAB,0,10,0,NOT CERTIFIED,,,QUALIFIED,-84.5988938,39.1181912,,EAST PRICE HILL,N/A,87649
a0F4W00000aoatwUAA,344 AMAZON AV,03/21/2022 12:00:00 AM,REHAB,275000,10,77610.30585,NOT CERTIFIED,,,QUALIFIED,-84.51679568,39.1586518300299,,CLIFTON,CLIFTON,73388
a0F4W00000aoauVUAQ,2946 BURLINGTON PL,03/23/2022 12:00:00 AM,REHAB,132800,10,37478.7222432,NOT CERTIFIED,,,QUALIFIED,-84.53819679,39.1361538700299,,CAMP WASHINGTON,CAMP WASHINGTON,124384.48
a0F4W00000aoauaUAA,4672 HAMILTON AV,04/05/2022 12:00:00 AM,REHAB,192610,10,54358.25821734,NOT CERTIFIED,,,QUALIFIED,-84.54357683,39.1755179200299,,NORTHSIDE,NORTHSIDE,126750
a0F4W00000aob0nUAA,5744 SANCTUARY PL,12/15/2021 12:00:00 AM,NEW,478200,15,202435.8995862,PLATINUM,05/09/2022 12:00:00 AM,,QUALIFIED,-84.43110191,39.0677054600299,,CALIFORNIA,CALIFORNIA,585000
a0F4W00000aob1bUAA,1817 BAYMILLER ST,03/09/2022 12:00:00 AM,REHAB,201700,10,56923.6315998,NOT CERTIFIED,,,QUALIFIED,-84.52944245,39.1166424900299,,WEST END,WEST END,232758.59
a0F4W00000aobYgUAI,747 WAYNE ST,03/11/2022 12:00:00 AM,REHAB,275000,10,77610.30585,NOT CERTIFIED,,,QUALIFIED,-84.49286283,39.1251575800299,,WALNUT HILLS,WALNUT HILLS,463900
a0F4W00000aobYqUAI,1648 DAUNER AVE,03/09/2022 12:00:00 AM,REHAB,248590,10,70156.89429546,NOT CERTIFIED,,,QUALIFIED,-84.4734924137931,39.1410791034483,,EVANSTON,N/A,290000
a0F4W00000aobZAUAY,1443 KENOVA AV,03/10/2022 12:00:00 AM,REHAB,237470,10,67018.61574618,NOT CERTIFIED,,,QUALIFIED,-84.46490715,39.1927126400299,,ROSELAWN,ROSELAWN,154546.21
a0F4W00000aobZoUAI,533 MILTON ST,04/04/2022 12:00:00 AM,REHAB,129600,10,36575.6205024,NOT CERTIFIED,,,QUALIFIED,-84.50537424,39.1129906000299,,MOUNT AUBURN,MOUNT AUBURN,45804
a0F4W00000aoba3UAA,6328 DESMOND ST,04/07/2022 12:00:00 AM,REHAB,271020,10,76487.07305988,NOT CERTIFIED,,,QUALIFIED,-84.3861232,39.1622823600299,,MADISONVILLE,MADISONVILLE,231469.11
a0F4W00000aoba4UAA,1522 LINGO ST,04/07/2022 12:00:00 AM,REHAB,275000,10,77610.30585,NOT CERTIFIED,,,QUALIFIED,-84.53750552,39.1624606800299,,NORTHSIDE,NORTHSIDE,275000
a0F4W00000aobaDUAQ,5361 GRAND VISTA CT,04/07/2022 12:00:00 AM,NEW,275000,10,77610.30585,NOT CERTIFIED,,,QUALIFIED,-84.38603544,39.1657432200299,,MADISONVILLE,MADISONVILLE,510425
a0F4W00000aobaNUAQ,5343 GRAND VISTA CT,04/11/2022 12:00:00 AM,NEW,275000,10,77610.30585,NOT CERTIFIED,,,QUALIFIED,-84.3860812,39.1645560900299,,MADISONVILLE,MADISONVILLE,625500
a0F4W00000aogJXUAY,1260 CRESTWOOD AV,03/28/2022 12:00:00 AM,REHAB,187900,10,53029.0053426,NOT CERTIFIED,,,QUALIFIED,-84.41893473,39.1319215000299,,MOUNT LOOKOUT,MOUNT LOOKOUT,228443.58
a0F4W00000aogKSUAY,4434 WHETSEL AV,04/04/2022 12:00:00 AM,REHAB,201860,10,56968.78668684,NOT CERTIFIED,,,QUALIFIED,-84.39355932,39.1541349900299,,MADISONVILLE,MADISONVILLE,230564.72
a0F4W00000aohEDUAY,1335 REPUBLIC ST,03/18/2022 12:00:00 AM,REHAB,400000,10,112887.7176,SILVER,03/18/2022 12:00:00 AM,,QUALIFIED,-84.5162446,39.1102956000299,,OVER-THE-RHINE,OTR,493698
a0F4W00000aohEXUAY,1815 HEWITT AV,03/11/2022 12:00:00 AM,REHAB,275000,10,77610.30585,NOT CERTIFIED,,,QUALIFIED,-84.47136675,39.1371242100299,,EVANSTON,EVANSTON,253375
a0F4W00000aohFvUAI,4334 PLAINVILLE RD,03/31/2022 12:00:00 AM,REHAB,197500,10,55738.310565,NOT CERTIFIED,,,QUALIFIED,-84.37971285,39.1519147400299,,MADISONVILLE,MADISONVILLE,90204.33
a0F4W00000aoqr3UAA,5337 OWASCO ST,05/06/2022 12:00:00 AM,REHAB,240690,10,67927.36187286,NOT CERTIFIED,,,QUALIFIED,-84.3906999,39.1647865700299,,MADISONVILLE,MADISONVILLE,180560
a0F4W00000aoqsQUAQ,2449 FERGUSON RD,04/22/2022 12:00:00 AM,REHAB,42360,10,11954.80929384,NOT CERTIFIED,,,QUALIFIED,-84.60088308,39.1314957600299,,WESTWOOD,WESTWOOD,74663.69
a0F4W00000aoqspUAA,1541 ST LEGER PL,05/02/2022 12:00:00 AM,REHAB,199830,10,56395.88152002,NOT CERTIFIED,,,QUALIFIED,-84.47768265,39.1379926800299,,EVANSTON,EVANSTON,172691
a0F4W00000aoqsuUAA,4111 SETTLE ST,05/02/2022 12:00:00 AM,REHAB,141940,10,40058.20659036,NOT CERTIFIED,,,QUALIFIED,-84.38616516,39.1488863100299,,MADISONVILLE,MADISONVILLE,26937.26
a0F4W00000aoqtiUAA,451 GRAND AV,04/19/2022 12:00:00 AM,REHAB,176000,10,49670.595744,NOT CERTIFIED,,,QUALIFIED,-84.56208476,39.0993210700299,,EAST PRICE HILL,EAST PRICE HILL,206082
a0F4W00000aorJcUAI,6223 CHANDLER ST,04/27/2022 12:00:00 AM,REHAB,275000,10,77610.30585,NOT CERTIFIED,,,QUALIFIED,-84.38826972,39.1631086600299,,MADISONVILLE,MADISONVILLE,240000
a0F4W00000aorRYUAY,320 MULBERRY ST,04/19/2022 12:00:00 AM,REHAB,221790,10,62593.41721626,NOT CERTIFIED,,,QUALIFIED,-84.5112446097561,39.1151732439024,,MOUNT AUBURN,N/A,198780.63
a0F4W00000aorSHUAY,5748 BRAMBLE AV,04/21/2022 12:00:00 AM,REHAB,256580,10,72411.82645452,NOT CERTIFIED,,,QUALIFIED,-84.39589536,39.1521461600299,,MADISONVILLE,MADISONVILLE,210000
a0F4W00000aorSlUAI,2222 HIGHLAND AV,04/20/2022 12:00:00 AM,REHAB,31370,10,8853.21925278,NOT CERTIFIED,,,QUALIFIED,-84.50323388,39.1218210600299,,MOUNT ADAMS,MOUNT AUBURN,42546.74
a0F4W00000aorTKUAY,3461 BEVIS AV,04/14/2022 12:00:00 AM,REHAB,275000,10,77610.30585,NOT CERTIFIED,,,QUALIFIED,-84.46570018,39.1408837300299,,EVANSTON,EVANSTON,159452.46
a0F4W00000aowOAUAY,2471 RIVERSIDE DR,04/08/2022 12:00:00 AM,NEW,1010910,15,427947.45974631,PLATINUM,06/29/2022 12:00:00 AM,,QUALIFIED,-84.46293712,39.1239874000299,,EAST END,EAST END,1039457
a0F4W00000aowQ5UAI,1708 ELM ST,04/22/2022 12:00:00 AM,REHAB,771940,10,217856.36181036,PLATINUM,09/19/2022 12:00:00 AM,,QUALIFIED,-84.5193721,39.1143595500299,,OVER-THE-RHINE,OTR,512308.2
a0F4W00000aowQ6UAI,3112 WOODBURN AV,04/27/2022 12:00:00 AM,NEW,396600,15,167892.2580006,SILVER,06/02/2022 12:00:00 AM,,QUALIFIED,-84.47592095,39.1344787600299,,EVANSTON,EVANSTON,396052.88
a0F4W00000aowQAUAY,3457 WILSON AV,05/24/2022 12:00:00 AM,REHAB,275000,10,77610.30585,NOT CERTIFIED,,,QUALIFIED,-84.5032135,39.1444621700299,,AVONDALE,AVONDALE,365306.23
a0F4W00000aowQUUAY,4217 CHERRY ST,04/18/2022 12:00:00 AM,REHAB,339420,10,95790.87276948,GOLD,04/18/2022 12:00:00 AM,,QUALIFIED,-84.54244132,39.1642133600299,,NORTHSIDE,NORTHSIDE,252321
a0F4W00000aowQtUAI,1045 CELESTIAL ST,04/28/2022 12:00:00 AM,NEW,275000,12,93132.36702,NOT CERTIFIED,,,QUALIFIED,-84.49908209,39.1062991500299,,MOUNT ADAMS,MOUNT ADAMS,1531174
a0F4W00000aowR3UAI,4108 MAD ANTHONY ST,05/09/2022 12:00:00 AM,REHAB,155610,10,43916.14433934,NOT CERTIFIED,,,QUALIFIED,-84.53506738,39.1602756500299,,NORTHSIDE,NORTHSIDE,149462
a0F4W00000aowR4UAI,4110 MAD ANTHONY ST,04/12/2022 12:00:00 AM,NEW,262820,10,74172.87484908,NOT CERTIFIED,,,QUALIFIED,-84.53497819,39.1603353100299,,NORTHSIDE,NORTHSIDE,278350
a0F4W00000aowSLUAY,3824 DUCK CREEK RD,05/03/2022 12:00:00 AM,NEW,400000,15,169331.5764,SILVER,03/13/2023 12:00:00 AM,,QUALIFIED,-84.41716295,39.1655205600299,,MADISONVILLE,MADISONVILLE,554740
a0F4W00000aowTPUAY,1192 CEDAR AV,05/20/2022 12:00:00 AM,REHAB,13480,10,3804.31608312,NOT CERTIFIED,,,QUALIFIED,-84.53985685,39.1983577100299,,COLLEGE HILL,COLLEGE HILL,28000
a0F4W00000aowTjUAI,2711 B HYDE PARK AV,05/06/2022 12:00:00 AM,NEW,562000,15,237910.864842,GOLD,,,QUALIFIED,-84.44182452,39.1503542500299,,OAKLEY,OAKLEY,700842
a0F4W00000aowToUAI,3830 DUCK CREEK RD,05/09/2022 12:00:00 AM,NEW,358800,15,151890.4240308,SILVER,02/23/2023 12:00:00 AM,,QUALIFIED,-84.41705041,39.1655334100299,,MADISONVILLE,MADISONVILLE,427799
a0F4W00000aoz6YUAQ,6207 CHANDLER ST,03/08/2022 12:00:00 AM,NEW,275000,10,77610.30585,NOT CERTIFIED,,,QUALIFIED,-84.3891365882353,39.1632538823529,,MADISONVILLE,N/A,388657
a0F4W00000aoz6iUAA,2124 LOTH ST,06/02/2022 12:00:00 AM,NEW,275000,10,77610.30585,NOT CERTIFIED,,,QUALIFIED,-84.5159092,39.1197042500299,,MOUNT AUBURN,MOUNT AUBURN,388756
a0F4W00000aozEEUAY,1260 KOMURA COURT,05/27/2022 12:00:00 AM,REHAB,,10,,NOT CERTIFIED,,,QUALIFIED,-84.5124602,39.1014537,,MOUNT AUBURN,N/A,229043
a0F4W00000aozFiUAI,322 MULBERRY ST,05/25/2022 12:00:00 AM,REHAB,0,10,0,NOT CERTIFIED,,,QUALIFIED,-84.5112324146342,39.1151723658537,,MOUNT AUBURN,N/A,267533.29
a0F4W00000ap1E1UAI,1326 WILLIAM H TAFT RD,04/25/2022 12:00:00 AM,REHAB,275000,10,77610.30585,NOT CERTIFIED,,,QUALIFIED,-84.48162081,39.1274877800299,,EAST WALNUT HILLS,EAST WALNUT HILLS,188376.38
a0F4W00000ap1FXUAY,844 OAK ST,04/27/2022 12:00:00 AM,REHAB,94260,10,26601.99065244,NOT CERTIFIED,,,QUALIFIED,-84.48983116,39.1300613200299,,WALNUT HILLS,WALNUT HILLS,100000
a0F4W00000ap55FUAQ,3956 GLENCROSS AV,05/16/2022 12:00:00 AM,REHAB,187500,10,52916.117625,NOT CERTIFIED,,,QUALIFIED,-84.49663551,39.1591352600299,,NORTH AVONDALE,NORTH AVONDALE,128766.92
a0F4W00000ap6QgUAI,1314 MANSS AV,06/02/2022 12:00:00 AM,REHAB,,10,,NOT CERTIFIED,,,QUALIFIED,-84.5124602,39.1014537,,WEST PRICE HILL,N/A,230522.61
a0F4W00000ap6RuUAI,2937 CLEINVIEW AV,05/06/2022 12:00:00 AM,REHAB,223750,10,63146.5670325,NOT CERTIFIED,,,QUALIFIED,-84.47374334,39.1311452300299,,EAST WALNUT HILLS,EAST WALNUT HILLS,183452.73
a0F4W00000ap6SEUAY,2509 DOWNING DR,05/13/2022 12:00:00 AM,NEW,562000,15,237910.864842,GOLD,06/23/2023 12:00:00 AM,,QUALIFIED,-84.45138764,39.1456533300299,,HYDE PARK,HYDE PARK,821068.53
a0F4W00000ap6ptUAA,6658 CORBLY ST,05/13/2022 12:00:00 AM,NEW,390360,15,165250.68540876,SILVER,,,QUALIFIED,-84.37221812,39.0951288500299,,MOUNT WASHINGTON,MOUNT WASHINGTON,400000
a0F4W00000ap6qIUAQ,305 SEITZ ST,05/16/2022 12:00:00 AM,NEW,646150,15,273533.99522715,PLATINUM,02/23/2023 12:00:00 AM,,QUALIFIED,-84.51169105,39.1155008800299,,MOUNT AUBURN,MOUNT AUBURN,755000
a0F4W00000ap6sBUAQ,3758 HYDE PARK AV,05/20/2022 12:00:00 AM,NEW,935130,15,395867.59259733,PLATINUM,,,QUALIFIED,-84.43670323,39.1465696400299,,OAKLEY,OAKLEY,919499
a0F4W00000ap6ucUAA,3501 BAYARD DR,05/31/2022 12:00:00 AM,NEW,400000,15,169331.5764,SILVER,,,QUALIFIED,-84.42755695,39.1390797100299,,HYDE PARK,HYDE PARK,992211.36
a0F4W00000ap733UAA,943 MONASTERY ST,05/31/2022 12:00:00 AM,NEW,1721810,15,728892.00390321,PLATINUM,,,QUALIFIED,-84.50228962,39.1069838000299,,MOUNT ADAMS,MOUNT ADAMS,1724300
a0F4W00000ap73DUAQ,1282 MORTEN ST,05/24/2022 12:00:00 AM,NEW,58980,10,16645.29396012,NOT CERTIFIED,,,QUALIFIED,-84.44055881,39.1353137800299,,HYDE PARK,HYDE PARK,250778
a0F4W00000ap73SUAQ,2950 LOWER GRANDIN RD,05/19/2022 12:00:00 AM,NEW,44420,10,12536.18103948,NOT CERTIFIED,,,QUALIFIED,-84.43682032,39.1236903200299,,HYDE PARK,HYDE PARK,96533
a0F4W00000ap73mUAA,2401 INGLESIDE AVE,05/13/2022 12:00:00 AM,REHAB,105670,10,29822.11279698,NOT CERTIFIED,,,QUALIFIED,-84.477862,39.123447,,EAST WALNUT HILLS,N/A,165103
a0F4W00000ap7LWUAY,2857 ASHMONT AV,05/06/2022 12:00:00 AM,REHAB,141090,10,39818.32019046,NOT CERTIFIED,,,QUALIFIED,-84.43777411,39.1381418000299,,HYDE PARK,HYDE PARK,276121.32
a0F4W00000ap7MLUAY,3414 GOLDEN AV,04/12/2022 12:00:00 AM,REHAB,275000,10,77610.30585,NOT CERTIFIED,,,QUALIFIED,-84.43991774,39.1201553700299,,COLUMBIA-TUSCULUM,COLUMBIA TUSCULUM,501300
a0F4W00000ap7MfUAI,1154 BEVERLY HILL DR,06/21/2022 12:00:00 AM,REHAB,183760,10,51860.61746544,NOT CERTIFIED,,,QUALIFIED,-84.421059,39.128038,,MOUNT LOOKOUT,N/A,268113.29
a0F4W00000ap7NOUAY,3619 RUSSELL AVE,06/13/2022 12:00:00 AM,REHAB,275000,10,77610.30585,NOT CERTIFIED,,,QUALIFIED,-84.414666,39.127598,,LINWOOD,N/A,458800
a0F4W00000ap7OWUAY,3117 KINMONT ST,05/31/2022 12:00:00 AM,REHAB,241880,10,68263.20283272,NOT CERTIFIED,,,QUALIFIED,-84.43231678,39.1298207400299,,MOUNT LOOKOUT,MOUNT LOOKOUT,262858.44
a0F4W00000ap8VQUAY,1544 MERRIMAC ST,06/02/2022 12:00:00 AM,REHAB,132680,10,37444.85592792,NOT CERTIFIED,,,QUALIFIED,-84.47665664,39.1348381900299,,EVANSTON,EVANSTON,86550
a0F4W00000ap8WTUAY,1817 HEWITT AV,05/27/2022 12:00:00 AM,REHAB,215740,10,60885.99048756,NOT CERTIFIED,,,QUALIFIED,-84.47122318,39.1371228100299,,EVANSTON,EVANSTON,236403.91
a0F4W00000ap8XlUAI,2037 HEWITT AV,05/24/2022 12:00:00 AM,REHAB,149790,10,42273.62804826,NOT CERTIFIED,,,QUALIFIED,-84.46394253,39.1366292800299,,EVANSTON,EVANSTON,92300
a0F4W00000ap8YKUAY,915 VINE ST,05/05/2022 12:00:00 AM,REHAB,,10,,NOT CERTIFIED,,,QUALIFIED,-84.5124602,39.1014537,,DOWNTOWN CINCINNATI,N/A,209345
a0F4W00000ap8cZUAQ,1508 RACE ST,04/10/2022 12:00:00 AM,REHAB,275000,10,77610.30585,NOT CERTIFIED,,,QUALIFIED,-84.517204122449,39.1117445918367,,OVER-THE-RHINE,N/A,364039.46
a0F4W00000ap8ceUAA,915 VINE ST,05/17/2022 12:00:00 AM,REHAB,172820,10,48773.13838908,NOT CERTIFIED,,,QUALIFIED,-84.514292,39.105985,,DOWNTOWN CINCINNATI,N/A,226718
a0F4W00000ap8dmUAA,5663 BRAMBLE AV,05/04/2022 12:00:00 AM,REHAB,114500,10,32314.109163,NOT CERTIFIED,,,QUALIFIED,-84.39808235,39.1518525000299,,MADISONVILLE,MADISONVILLE,83060.31
a0F4W00000ap8ezUAA,535 FAIRWAY LN,05/16/2022 12:00:00 AM,REHAB,311150,10,87812.5333281,NOT CERTIFIED,,,QUALIFIED,-84.40913835,39.0720427700299,,CALIFORNIA,CALIFORNIA,250430
a0F4W00000ap8gDUAQ,215 WADE ST,06/16/2022 12:00:00 AM,REHAB,220700,10,62285.7981858,NOT CERTIFIED,,,QUALIFIED,-84.5198266767677,39.1124872424242,,OVER-THE-RHINE,N/A,162195.38
a0F4W00000ap8gmUAA,213 W FIFTEENTH ST,05/17/2022 12:00:00 AM,REHAB,614530,10,173432.22274182,PLATINUM,05/17/2022 12:00:00 AM,,QUALIFIED,-84.5195079795918,39.1111911020408,,OVER-THE-RHINE,N/A,1412369.44
a0F4W00000ap8gwUAA,213 W 15TH ST,05/17/2022 12:00:00 AM,REHAB,81540,10,23012.16123276,GOLD,05/17/2022 12:00:00 AM,,QUALIFIED,-84.5194329,39.1111814400299,,OVER-THE-RHINE,OTR,372406.87
a0F4W00000apBbjUAE,3745 MIDDLEBROOK AV,07/06/2022 12:00:00 AM,REHAB,140790,10,39733.65440226,NOT CERTIFIED,,,QUALIFIED,-84.45095317,39.1467981600299,,HYDE PARK,HYDE PARK,251136.76
a0F4W00000apBbtUAE,4270 VERNE AV,06/29/2022 12:00:00 AM,REHAB,242620,10,68472.04511028,NOT CERTIFIED,,,QUALIFIED,-84.43161944,39.1548037500299,,OAKLEY,OAKLEY,208177
a0F4W00000apBcIUAU,2909 ROMANA PL,06/06/2022 12:00:00 AM,NEW,562000,15,237910.864842,GOLD,06/06/2022 12:00:00 AM,,QUALIFIED,-84.4347349,39.1505505800299,,OAKLEY,OAKLEY,610074
a0F4W00000apCYQUA2,2903 ROMANA PL,06/01/2022 12:00:00 AM,NEW,562000,10,158607.243228,,,,QUALIFIED,-84.4358085248456,39.1508337048515,,OAKLEY,N/A,634207
a0F4W00000apFXuUAM,915 VINE ST,05/31/2022 12:00:00 AM,REHAB,268590,10,75801.28017546,NOT CERTIFIED,,,QUALIFIED,-84.514292,39.105985,,DOWNTOWN CINCINNATI,N/A,345288
a0F4W00000apFjBUAU,11 E COURT ST,06/14/2022 12:00:00 AM,REHAB,221790,10,62593.41721626,NOT CERTIFIED,,,QUALIFIED,-84.51381407,39.1060971100299,,DOWNTOWN CINCINNATI,DOWNTOWN,312825
a0F4W00000apFjaUAE,11 E COURT ST,06/16/2022 12:00:00 AM,REHAB,219790,10,62028.97862826,NOT CERTIFIED,,,QUALIFIED,-84.51375244,39.1061248800299,,DOWNTOWN CINCINNATI,DOWNTOWN,305694
a0F4W00000apFjpUAE,4730 MATHIS ST,06/27/2022 12:00:00 AM,REHAB,139260,10,39301.85888244,NOT CERTIFIED,,,QUALIFIED,-84.3907476,39.1575788,,MADISONVILLE,N/A,257386.32
a0F4W00000apFkOUAU,4917 CHARLEMAR DR,07/05/2022 12:00:00 AM,REHAB,116870,10,32982.96888978,NOT CERTIFIED,,,QUALIFIED,-84.4102283,39.1593046900299,,MADISONVILLE,MADISONVILLE,259837.72
a0F4W00000apFkYUAU,2155 CENTRAL AV,07/05/2022 12:00:00 AM,REHAB,760950,10,214754.7717693,PLATINUM,07/05/2022 12:00:00 AM,,QUALIFIED,-84.53119698,39.1212540100299,,WEST END,WEST END,856810
a0F4W00000apFksUAE,26 W FIFTEENTH ST,07/05/2022 12:00:00 AM,REHAB,201510,10,56870.00993394,NOT CERTIFIED,,,QUALIFIED,-84.516996804878,39.1116244390244,,OVER-THE-RHINE,N/A,186445.74
a0F4W00000apFpAUAU,110 HOSEA AV,06/23/2022 12:00:00 AM,REHAB,115760,10,32669.70547344,NOT CERTIFIED,,,QUALIFIED,-84.51415997,39.1440322200299,,CLIFTON,CLIFTON,289845.43
a0F4W00000apFpyUAE,2823 PARK AV,07/15/2022 12:00:00 AM,REHAB,275000,10,77610.30585,NOT CERTIFIED,,,QUALIFIED,-84.4860132,39.1305392300299,,WALNUT HILLS,WALNUT HILLS,353070
a0F4W00000apFqXUAU,6714 BRAMBLE AV,07/07/2022 12:00:00 AM,REHAB,60800,10,17158.9330752,NOT CERTIFIED,,,QUALIFIED,-84.38227114,39.1511940900299,,MADISONVILLE,MADISONVILLE,54285.26
a0F4W00000apFr6UAE,3760 HYDE PARK AV,07/18/2022 12:00:00 AM,REHAB,85090,10,24014.03972646,NOT CERTIFIED,,,QUALIFIED,-84.43669548,39.1466977400299,,OAKLEY,OAKLEY,320266
a0F4W00000apFrLUAU,2903 ROMANA PL,06/06/2022 12:00:00 AM,NEW,562000,15,237910.864842,GOLD,01/04/2023 12:00:00 AM,,QUALIFIED,-84.4358085248456,39.1508337048515,,OAKLEY,N/A,634207
a0F4W00000apFrkUAE,3246 HARDISTY AV,06/06/2022 12:00:00 AM,NEW,1353240,15,572865.65611884,PLATINUM,,,QUALIFIED,-84.42566986,39.1318048900299,,MOUNT LOOKOUT,MOUNT LOOKOUT,1049953
a0F4W00000apFruUAE,5117 WINTON RIDGE LN,06/07/2022 12:00:00 AM,REHAB,200910,10,56700.67835754,NOT CERTIFIED,,,QUALIFIED,-84.5174864,39.1845596800299,,SPRING GROVE VILLAGE,SPRING GROVE - WINTON HILLS,357784
a0F4W00000apFsTUAU,2132 LOTH ST,06/09/2022 12:00:00 AM,NEW,275000,10,77610.30585,NOT CERTIFIED,,,QUALIFIED,-84.51569233,39.1198575000299,,MOUNT AUBURN,MOUNT AUBURN,380906
a0F4W00000apIdjUAE,1511 RUTH AV,07/13/2022 12:00:00 AM,REHAB,137540,10,38816.44169676,NOT CERTIFIED,,,QUALIFIED,-84.47858075,39.1390418200299,,EVANSTON,EVANSTON,98384.55
a0F4W00000apImXUAU,100 ELDER ST,05/23/2022 12:00:00 AM,REHAB,562000,10,158607.243228,GOLD,,,QUALIFIED,-84.5185242,39.115616,,OVER-THE-RHINE,N/A,500000
a0F4W00000apInGUAU,3375 ROBINET DR,07/18/2022 12:00:00 AM,REHAB,212950,10,60098.5986573,NOT CERTIFIED,,,QUALIFIED,-84.61761082,39.1336236000299,,WESTWOOD,WESTWOOD,142400
a0F4W00000apIo4UAE,819 DAYTON ST,06/17/2022 12:00:00 AM,REHAB,188840,10,53294.29147896,NOT CERTIFIED,,,QUALIFIED,-84.52784305,39.1180151000299,,WEST END,WEST END,363847.29
a0F4W00000apJe0UAE,42 CLOISTER DR,05/05/2022 12:00:00 AM,NEW,196430,12,66523.603104504,NOT CERTIFIED,,,QUALIFIED,-84.5116692,39.1429350700299,,AVONDALE,AVONDALE,241556.55
a0F4W00000apKg6UAE,2023 FAIRFAX AVE,07/12/2022 12:00:00 AM,REHAB,103480,10,29204.05254312,NOT CERTIFIED,,,QUALIFIED,-84.463414525883,39.1347232082098,,EVANSTON,N/A,37219
a0F4W00000apKgGUAU,2023 FAIRFAX AVE,07/12/2022 12:00:00 AM,REHAB,104560,10,29508.84938064,NOT CERTIFIED,,,QUALIFIED,-84.463414525883,39.1347232082098,,EVANSTON,N/A,37219
a0F4W00000apKguUAE,533 MILTON ST,04/28/2022 12:00:00 AM,REHAB,151800,10,42840.8888292,NOT CERTIFIED,,,QUALIFIED,-84.5053990115569,39.1130808726997,,MOUNT AUBURN,N/A,22902
a0F4W00000apKhJUAU,533 MILTON ST,04/28/2022 12:00:00 AM,REHAB,149400,10,42163.5625236,NOT CERTIFIED,,,QUALIFIED,-84.5053990115569,39.1130808726997,,MOUNT AUBURN,N/A,22902
a0F4W00000apLijUAE,6707 DANIELS WALK,07/21/2022 12:00:00 AM,NEW,334570,15,141633.16379037,GOLD,,,QUALIFIED,-84.691001,39.1186336000299,,SAYLER PARK,SAYLER PARK,317523.4
a0F4W00000apLj5UAE,307 SEITZ ST,06/21/2022 12:00:00 AM,NEW,654550,15,277089.95833155,PLATINUM,04/13/2023 12:00:00 AM,,QUALIFIED,-84.5116072,39.1155002200299,,MOUNT AUBURN,MOUNT AUBURN,645000
a0F4W00000apLjAUAU,2134 LOTH ST,06/27/2022 12:00:00 AM,NEW,275000,10,77610.30585,NOT CERTIFIED,,,QUALIFIED,-84.51563186,39.1198943100299,,MOUNT AUBURN,MOUNT AUBURN,380906
a0F4W00000apLjKUAU,332 MULBERRY ST,06/29/2022 12:00:00 AM,NEW,640830,15,271281.88526103,PLATINUM,,,QUALIFIED,-84.51077005,39.1151961800299,,MOUNT AUBURN,MOUNT AUBURN,750000
a0F4W00000apLjVUAU,3818 DUCK CREEK RD,07/07/2022 12:00:00 AM,NEW,400000,15,169331.5764,SILVER,12/23/2023 12:00:00 AM,,QUALIFIED,-84.4172592,39.1655574200299,,MADISONVILLE,MADISONVILLE,478208
a0F4W00000apLjfUAE,2130 LOTH ST,07/05/2022 12:00:00 AM,NEW,275000,10,77610.30585,NOT CERTIFIED,,,QUALIFIED,-84.51574729,39.1198215100299,,MOUNT AUBURN,MOUNT AUBURN,380905.61
a0F4W00000apM1wUAE,718 KROGERVALLEY DR,06/10/2022 12:00:00 AM,NEW,1375130,15,582132.32663733,PLATINUM,,,QUALIFIED,-84.42814521,39.1226427600299,,MOUNT LOOKOUT,MOUNT LOOKOUT,1888401
a0F4W00000apM2zUAE,3712 STEVENS PL,08/22/2022 12:00:00 AM,REHAB,99510,10,28083.64194594,NOT CERTIFIED,,,QUALIFIED,-84.433025,39.1147433500299,,COLUMBIA-TUSCULUM,COLUMBIA TUSCULUM,171287.11
a0F4W00000apN6nUAE,3430 AULT VIEW AV,08/11/2022 12:00:00 AM,REHAB,248870,10,70235.91569778,NOT CERTIFIED,,,QUALIFIED,-84.41899122,39.1364424700299,,MOUNT LOOKOUT,MOUNT LOOKOUT,276680.93
a0F4W00000apN7IUAU,3775 BROADVIEW DR,07/27/2022 12:00:00 AM,REHAB,275000,10,77610.30585,NOT CERTIFIED,,,QUALIFIED,-84.4110793,39.1513707200299,,HYDE PARK,HYDE PARK,700100.79
a0F4W00000apNBeUAM,4021 ROSE HILL AV,07/13/2022 12:00:00 AM,REHAB,275000,10,77610.30585,NOT CERTIFIED,,,QUALIFIED,-84.4824686,39.1578977800299,,NORTH AVONDALE,NORTH AVONDALE,454548.23
a0F4W00000apNBjUAM,199 STURGIS AV,06/27/2022 12:00:00 AM,REHAB,191000,10,53903.885154,NOT CERTIFIED,,,QUALIFIED,-84.49582502,39.1574028000299,,NORTH AVONDALE,NORTH AVONDALE,136753.11
a0F4W00000apNCXUA2,5805 ADELPHI ST,08/09/2022 12:00:00 AM,REHAB,275000,10,77610.30585,NOT CERTIFIED,,,QUALIFIED,-84.3950773061224,39.1529084693878,,MADISONVILLE,N/A,314350
a0F4W00000apNChUAM,5522 ISLINGTON AV,08/08/2022 12:00:00 AM,REHAB,275000,10,77610.30585,NOT CERTIFIED,,,QUALIFIED,-84.4000186,39.1504515100299,,MADISONVILLE,MADISONVILLE,417195
a0F4W00000apND1UAM,4577 ANTHONY AV,08/15/2022 12:00:00 AM,REHAB,,10,,NOT CERTIFIED,,,QUALIFIED,-84.5124602,39.1014537,,NORTHSIDE,N/A,23035.68
a0F4W00000apNEAUA2,4136 WITLER ST,08/10/2022 12:00:00 AM,REHAB,214710,10,60595.30461474,NOT CERTIFIED,,,QUALIFIED,-84.54488124,39.1623001000299,,NORTHSIDE,NORTHSIDE,144335
a0F4W00000apNF9UAM,4233 BADGELEY ST,11/19/2020 12:00:00 AM,NEW,249300,10,70357.2699942,NOT CERTIFIED,,,QUALIFIED,-84.55107004,39.1667758200298,,NORTHSIDE,NORTHSIDE,294900
a0F4W00000apNFOUA2,542 MCALPIN AV,08/15/2022 12:00:00 AM,REHAB,42550,10,12008.4309597,NOT CERTIFIED,,,QUALIFIED,-84.52759,39.1507785100299,,CLIFTON,CLIFTON,45535
a0F4W00000apNc4UAE,230 WORTH ST,08/16/2022 12:00:00 AM,NEW,562000,15,237910.864842,GOLD,08/31/2022 12:00:00 AM,,QUALIFIED,-84.44224129,39.1157362300299,,EAST END,EAST END,495432.98
a0F4W00000apNcEUAU,2897 WALWORTH AV,08/11/2022 12:00:00 AM,NEW,562000,15,237910.864842,GOLD,08/11/2022 12:00:00 AM,,QUALIFIED,-84.45035324,39.1220673000299,,EAST END,EAST END,1395470
a0F4W00000apNcyUAE,3114 WOODBURN AV,08/11/2022 12:00:00 AM,NEW,400000,15,169331.5764,SILVER,09/14/2022 12:00:00 AM,,QUALIFIED,-84.47591552,39.1345365300299,,EVANSTON,EVANSTON,472371.44
a0F4W00000apNd8UAE,1224 GRACE AV,08/10/2022 12:00:00 AM,NEW,562000,15,237910.864842,GOLD,01/17/2023 12:00:00 AM,,QUALIFIED,-84.4316235,39.1325735300299,,MOUNT LOOKOUT,MOUNT LOOKOUT,700948
a0F4W00000apNdSUAU,3399 AULT VIEW AV,08/09/2022 12:00:00 AM,NEW,943380,15,399360.05636058,PLATINUM,08/09/2022 12:00:00 AM,,QUALIFIED,-84.41992265,39.1356591900299,,MOUNT LOOKOUT,MOUNT LOOKOUT,1213378
a0F4W00000apNe1UAE,1448 BERCLIFF AV,08/08/2022 12:00:00 AM,NEW,264270,10,74582.09282538,NOT CERTIFIED,,,QUALIFIED,-84.53488739,39.1678765500299,,NORTHSIDE,NORTHSIDE,346842
a0F4W00000apNqSUAU,4216 BADGELEY CIR,07/25/2022 12:00:00 AM,NEW,275000,10,77610.30585,NOT CERTIFIED,,,QUALIFIED,-84.55165057,39.1664799400299,,NORTHSIDE,NORTHSIDE,340000
a0F4W00000apNqhUAE,1616 MERRIMAC ST,07/18/2022 12:00:00 AM,NEW,275000,10,77610.30585,,,,QUALIFIED,-84.4751669,39.1348761000299,,EVANSTON,EVANSTON,583050
a0F4W00000apNrBUAU,2907 ROMANA PL,07/05/2022 12:00:00 AM,NEW,562000,15,237910.864842,GOLD,01/04/2023 12:00:00 AM,,QUALIFIED,-84.4357537338947,39.1508289661747,,OAKLEY,N/A,619900
a0F4W00000apNrQUAU,2905 ROMANA PL,07/05/2022 12:00:00 AM,NEW,562000,15,237910.864842,GOLD,01/04/2023 12:00:00 AM,,QUALIFIED,-84.4357811293701,39.1508313355131,,OAKLEY,N/A,730900
a0F4W00000apNrfUAE,2909 ROMANA PL,06/08/2022 12:00:00 AM,NEW,562000,15,237910.864842,GOLD,06/08/2022 12:00:00 AM,,QUALIFIED,-84.4357263384192,39.1508265968363,,OAKLEY,N/A,630000
a0F4W00000apOM4UAM,4425 HOMER AV,06/27/2022 12:00:00 AM,REHAB,132470,10,37385.58987618,NOT CERTIFIED,,,QUALIFIED,-84.38877914,39.1533426600299,,MADISONVILLE,MADISONVILLE,101882.92
a0F4W00000apOtfUAE,1803 BAYMILLER ST,07/14/2022 12:00:00 AM,REHAB,247370,10,69812.58675678,NOT CERTIFIED,,,QUALIFIED,-84.529462,39.1163469100299,,WEST END,WEST END,223708.65
a0F4W00000apOtkUAE,1835 BAYMILLER ST,07/20/2022 12:00:00 AM,REHAB,,10,,NOT CERTIFIED,,,QUALIFIED,-84.5124602,39.1014537,,WEST END,N/A,452500
a0F4W00000apOu0UAE,4514 ERIE AV,07/25/2022 12:00:00 AM,REHAB,253000,10,71401.481382,NOT CERTIFIED,,,QUALIFIED,-84.39687539,39.1552515200299,,MADISONVILLE,MADISONVILLE,96000
a0F4W00000apOuQUAU,1807 BAYMILLER ST,07/14/2022 12:00:00 AM,REHAB,251070,10,70856.79814458,NOT CERTIFIED,,,QUALIFIED,-84.52948235,39.1164278100299,,WEST END,WEST END,265386.19
a0F4W00000b1xyqUAA,4032 DELANEY ST,10/11/2022 12:00:00 AM,REHAB,228120,10,64379.86534728,NOT CERTIFIED,,,QUALIFIED,-84.5433461,39.1599617400299,,NORTHSIDE,NORTHSIDE,303186.89
a0F4W00000b1ybKUAQ,6715 KENNEDY AV,10/11/2022 12:00:00 AM,REHAB,115640,10,32635.83915816,NOT CERTIFIED,,,QUALIFIED,-84.41508296,39.1923118500299,,KENNEDY HEIGHTS,KENNEDY HEIGHTS,58000
a0F4W00000b1ybeUAA,541 GLENWOOD AV,10/03/2022 12:00:00 AM,REHAB,57190,10,16140.12142386,NOT CERTIFIED,,,QUALIFIED,-84.49686076,39.1486871200299,,AVONDALE,AVONDALE,52800
a0F4W00000b1yc8UAA,PO BOX 507 NORTH BEND OH,09/06/2022 12:00:00 AM,REHAB,,10,,NOT CERTIFIED,,,QUALIFIED,-84.5124602,39.1014537,,KENNEDY HEIGHTS,N/A,70543.05
a0F4W00000b1ypCUAQ,4931 JAMESON ST,09/29/2022 12:00:00 AM,REHAB,135340,10,38195.55924996,NOT CERTIFIED,,,QUALIFIED,-84.38356192,39.1593116300299,,MADISONVILLE,MADISONVILLE,56070.02
a0F4W00000b1yrqUAA,4318 WHETSEL AV,09/27/2022 12:00:00 AM,REHAB,300000,10,84665.7882,NOT CERTIFIED,,,QUALIFIED,-84.39376229,39.1525039700299,,MADISONVILLE,MADISONVILLE,222418
a0F4W00000b1yxSUAQ,1514 EAST MCMILLAN ST,08/16/2022 12:00:00 AM,REHAB,,10,,NOT CERTIFIED,,,QUALIFIED,-84.5124602,39.1014537,,EAST WALNUT HILLS,N/A,366750
a0F4W00000b1yyjUAA,433 CLARK ST,09/14/2022 12:00:00 AM,REHAB,141410,10,39908.63036454,NOT CERTIFIED,,,QUALIFIED,-84.52244052,39.1072813500299,,WEST END,WEST END,125000
a0F4W00000b1zGPUAY,3960 FEEMSTER ST,09/19/2022 12:00:00 AM,NEW,661770,15,280146.39328557,PLATINUM,04/04/2023 12:00:00 AM,,QUALIFIED,-84.43269889,39.1100816300299,,EAST END,COLUMBIA TUSCULUM,763119
a0F4W00000b1zGjUAI,3912 GLEN LYON AV,09/06/2022 12:00:00 AM,NEW,275000,10,77610.30585,NOT CERTIFIED,,,QUALIFIED,-84.47851875,39.1534716700299,,NORTH AVONDALE,NORTH AVONDALE,756174.52
a0F4W00000b1zGyUAI,1665 JONATHAN AV,09/09/2022 12:00:00 AM,NEW,156780,15,66369.51136998,GOLD,12/19/2022 12:00:00 AM,,QUALIFIED,-84.47240851,39.1423934100299,,EVANSTON,EVANSTON,145038.49
a0F4W00000b1zHDUAY,3557 MONTEITH AV,09/22/2022 12:00:00 AM,NEW,1225000,15,518577.952725,PLATINUM,,,QUALIFIED,-84.43644294,39.1408968700299,,HYDE PARK,HYDE PARK,1100000
a0F4W00000b20XKUAY,11 E COURT ST,08/04/2022 12:00:00 AM,REHAB,275000,10,77610.30585,NOT CERTIFIED,,,QUALIFIED,-84.5137944,39.1060087700299,,DOWNTOWN CINCINNATI,DOWNTOWN,301164
a0F4W00000b20XeUAI,11 E COURT ST,08/01/2022 12:00:00 AM,REHAB,275000,10,77610.30585,NOT CERTIFIED,,,QUALIFIED,-84.51379088,39.1059926200299,,DOWNTOWN CINCINNATI,DOWNTOWN,466860
a0F4W00000b20aQUAQ,427 E 13TH ST,,REHAB,275000,10,77610.30585,NOT CERTIFIED,,,QUALIFIED,-84.50727102,39.1103419800299,,PENDLETON,PENDLETON,438253
a0F4W00000b20b4UAA,986 DANA AV,07/28/2022 12:00:00 AM,REHAB,275000,10,77610.30585,NOT CERTIFIED,,,QUALIFIED,-84.48132251,39.1508014000299,,NORTH AVONDALE,NORTH AVONDALE,517390
a0F4W00000b20bdUAA,11 E COURT ST,07/19/2022 12:00:00 AM,REHAB,220790,10,62311.19792226,NOT CERTIFIED,,,QUALIFIED,-84.51374767,39.1061078000299,,DOWNTOWN CINCINNATI,DOWNTOWN,306169
a0F4W00000b20bnUAA,915 VINE ST,07/26/2022 12:00:00 AM,REHAB,200590,10,56610.36818346,NOT CERTIFIED,,,QUALIFIED,-84.514292,39.105985,,DOWNTOWN CINCINNATI,N/A,213254
a0F4W00000b20bsUAA,4716 WHETSEL AV,08/29/2022 12:00:00 AM,REHAB,226060,10,63798.49360164,NOT CERTIFIED,,,QUALIFIED,-84.39327057,39.1570822100299,,MADISONVILLE,MADISONVILLE,410000
a0F4W00000b20c2UAA,11 E COURT ST,07/25/2022 12:00:00 AM,REHAB,222790,10,62875.63651026,NOT CERTIFIED,,,QUALIFIED,-84.51381827,39.1061156300299,,DOWNTOWN CINCINNATI,DOWNTOWN,311399
a0F4W00000b20cRUAQ,3821 WINDING WY,08/05/2022 12:00:00 AM,REHAB,171960,10,48530.42979624,,,,QUALIFIED,-84.47945303,39.1501085800299,,NORTH AVONDALE,NORTH AVONDALE,255000
a0F4W00000b20cWUAQ,416 E 13TH ST,07/25/2022 12:00:00 AM,REHAB,759500,10,214345.553793,PLATINUM,01/25/2023 12:00:00 AM,,QUALIFIED,-84.50765929,39.1106067200299,,PENDLETON,PENDLETON,1139236
a0F4W00000b20cbUAA,26 W FIFTEENTH ST,08/08/2022 12:00:00 AM,REHAB,206510,10,58281.10640394,NOT CERTIFIED,,,QUALIFIED,-84.516996804878,39.1116244390244,,OVER-THE-RHINE,N/A,169294.94
a0F4W00000b23jeUAA,5912 BRAMBLE AV,09/26/2022 12:00:00 AM,REHAB,108150,10,30522.0166461,NOT CERTIFIED,,,QUALIFIED,-84.39341919,39.1519573000299,,MADISONVILLE,MADISONVILLE,80300
a0F4W00000b23m4UAA,3720 WOODLAND AV,09/09/2022 12:00:00 AM,ADDITION,200000,0,0,NOT CERTIFIED,,,QUALIFIED,-84.43894903,39.1453764700299,,OAKLEY,HYDE PARK - OAKLEY,200000
a0F4W00000b23miUAA,1230 GILSEY AV,09/27/2022 12:00:00 AM,REHAB,129430,10,36527.64322242,NOT CERTIFIED,,,QUALIFIED,-84.58086602,39.1154205200299,,WEST PRICE HILL,WEST PRICE HILL,240000
a0F4W00000b23mnUAA,4428 SIMPSON AV,09/22/2022 12:00:00 AM,REHAB,207530,10,58568.97008382,NOT CERTIFIED,,,QUALIFIED,-84.38976857,39.1538568400299,,MADISONVILLE,MADISONVILLE,97000
a0F4W00000b23nHUAQ,5111 GLENSHADE AV,07/07/2022 12:00:00 AM,REHAB,131780,10,37190.85856332,NOT CERTIFIED,,,QUALIFIED,-84.38775498,39.1618062500299,,MADISONVILLE,MADISONVILLE,227549.18
a0F4W00000b23oOUAQ,3230 LINWOOD AV,12/14/2021 12:00:00 AM,NEW,562000,15,237910.864842,GOLD,05/10/2023 12:00:00 AM,,QUALIFIED,-84.42949758,39.1277936000299,,MOUNT LOOKOUT,MOUNT LOOKOUT,682000
a0F4W00000b23oTUAQ,3228 LINWOOD AV,12/09/2021 12:00:00 AM,NEW,562000,15,237910.864842,GOLD,05/02/2023 12:00:00 AM,,QUALIFIED,-84.4295554,39.1278448100299,,MOUNT LOOKOUT,MOUNT LOOKOUT,694373
a0F4W00000b23oUUAQ,3549 RAWSON PL,09/22/2022 12:00:00 AM,NEW,562000,15,237910.864842,GOLD,07/06/2023 12:00:00 AM,,QUALIFIED,-84.41761909,39.1502032100299,,OAKLEY,OAKLEY,601026
a0F4W00000b23oiUAA,3534 HAVEN ST,09/19/2022 12:00:00 AM,NEW,230010,10,64913.25981294,NOT CERTIFIED,,,QUALIFIED,-84.50519652,39.1468564900299,,AVONDALE,AVONDALE,446361.51
a0F4W00000b23pHUAQ,1607 MERRIMAC ST,09/27/2022 12:00:00 AM,NEW,400000,15,169331.5764,SILVER,02/21/2023 12:00:00 AM,,QUALIFIED,-84.47564788,39.1345493300299,,EVANSTON,EVANSTON,592109.45
a0F4W00000b23pgUAA,4121 33RD AV,09/29/2022 12:00:00 AM,NEW,613960,15,259907.03661636,PLATINUM,04/05/2023 12:00:00 AM,,QUALIFIED,-84.4345672,39.1534333800299,,OAKLEY,OAKLEY,563889.41
a0F4W00000b25ATUAY,4132 CHAMBERS ST,10/18/2022 12:00:00 AM,REHAB,194850,10,54990.4294359,NOT CERTIFIED,,,QUALIFIED,-84.53368866,39.1610638700299,,NORTHSIDE,NORTHSIDE,292362
a0F4W00000b25AiUAI,3531 MONTEITH AV,09/27/2022 12:00:00 AM,REHAB,379750,10,107172.7768965,PLATINUM,09/27/2022 12:00:00 AM,,QUALIFIED,-84.43705927,39.1402656400299,,HYDE PARK,HYDE PARK,682957.11
a0F4W00000b25B8UAI,4335 CONANT ST,10/14/2022 12:00:00 AM,REHAB,229850,10,64868.1047259,NOT CERTIFIED,,,QUALIFIED,-84.39818834,39.1533219400299,,MADISONVILLE,MADISONVILLE,304299
a0F4W00000b25BgUAI,6108 PRENTICE ST,10/13/2022 12:00:00 AM,REHAB,190000,10,53621.66586,NOT CERTIFIED,,,QUALIFIED,-84.39035,39.1595458571429,,MADISONVILLE,N/A,130385
a0F4W00000b25BvUAI,100 ELDER ST,10/13/2022 12:00:00 AM,REHAB,512800,10,144722.0539632,GOLD,,,QUALIFIED,-84.5185242,39.115616,,OVER-THE-RHINE,N/A,615000
a0F4W00000b25CAUAY,1820 FREEMAN AV,08/29/2022 12:00:00 AM,REHAB,275000,10,77610.30585,NOT CERTIFIED,,,QUALIFIED,-84.53118799,39.1169508100299,,WEST END,WEST END,247605.62
a0F4W00000b25CFUAY,1959 KINNEY AV,08/02/2022 12:00:00 AM,REHAB,275000,10,77610.30585,NOT CERTIFIED,,,QUALIFIED,-84.46557186,39.1357008800299,,EVANSTON,EVANSTON,274910.72
a0F4W00000b25CKUAY,1508 RACE ST,09/23/2022 12:00:00 AM,REHAB,223250,10,63005.4573855,NOT CERTIFIED,,,QUALIFIED,-84.517204122449,39.1117445918367,,OVER-THE-RHINE,N/A,185339.24
a0F4W00000b25CPUAY,3575 SKYVIEW LN,10/11/2022 12:00:00 AM,REHAB,72410,10,20435.49907854,NOT CERTIFIED,,,QUALIFIED,-84.41709335,39.1771739400299,,KENNEDY HEIGHTS,PLEASANT RIDGE,100000
a0F4W00000b26EEUAY,1508 RACE ST,12/13/2022 12:00:00 AM,REHAB,263910,10,74480.49387954,NOT CERTIFIED,,,QUALIFIED,-84.517204122449,39.1117445918367,,OVER-THE-RHINE,N/A,213278.44
a0F4W00000b26EdUAI,3564 BEVIS AV,05/09/2022 12:00:00 AM,NEW,275000,10,77610.30585,NOT CERTIFIED,,,QUALIFIED,-84.46484686,39.1439386800299,,EVANSTON,EVANSTON,310834.66
a0F4W00000b26EiUAI,3568 BEVIS AV,08/31/2022 12:00:00 AM,NEW,275000,10,77610.30585,NOT CERTIFIED,,,QUALIFIED,-84.46483824,39.1440685100299,,EVANSTON,EVANSTON,308899.22
a0F4W00000b26EsUAI,3572 BEVIS AV,05/09/2022 12:00:00 AM,NEW,275000,10,77610.30585,NOT CERTIFIED,,,QUALIFIED,-84.46482619,39.1442069800299,,EVANSTON,EVANSTON,296482.76
a0F4W00000b26FHUAY,755 GREENWOOD AV,10/05/2022 12:00:00 AM,NEW,269560,10,76075.03289064,NOT CERTIFIED,,,QUALIFIED,-84.48770936,39.1523672100299,,NORTH AVONDALE,AVONDALE - NORTH AVONDALE,195000
a0F4W00000b26FRUAY,749 GREENWOOD AV,10/05/2022 12:00:00 AM,NEW,269560,10,76075.03289064,NOT CERTIFIED,,,QUALIFIED,-84.48781551,39.1524397700299,,NORTH AVONDALE,AVONDALE - NORTH AVONDALE,195000
a0F4W00000b26G6UAI,3310 NASH AV,10/06/2022 12:00:00 AM,NEW,1155000,15,488944.926855,PLATINUM,,,QUALIFIED,-84.4285449,39.1253271400299,,MOUNT LOOKOUT,MOUNT LOOKOUT,1450000
a0F4W00000b26GVUAY,2618 HACKBERRY ST,10/11/2022 12:00:00 AM,NEW,461920,15,195544.10442672,GOLD,,,QUALIFIED,-84.47489116,39.1276490400299,,EAST WALNUT HILLS,EAST WALNUT HILLS,496000
a0F4W00000b26H4UAI,3071 WALWORTH AV,10/17/2022 12:00:00 AM,NEW,562000,15,237910.864842,GOLD,12/22/2022 12:00:00 AM,,QUALIFIED,-84.44651867,39.1204592700299,,EAST END,EAST END,1099000
a0F4W00000b26TUUAY,3500 MADISON PARK DR,10/13/2022 12:00:00 AM,NEW,275000,10,77610.30585,NOT CERTIFIED,,,QUALIFIED,,,,OAKLEY,N/A,421845
a0F4W00000b26V7UAI,3500 MADISON PARK DR,10/13/2022 12:00:00 AM,NEW,275000,10,77610.30585,NOT CERTIFIED,,,QUALIFIED,,,,OAKLEY,N/A,424931
a0F4W00000b279XUAQ,3500 MADISON PARK DR,10/13/2022 12:00:00 AM,NEW,275000,10,77610.30585,NOT CERTIFIED,,,QUALIFIED,,,,OAKLEY,N/A,420421
a0F4W00000b27AaUAI,3506 MADISON PARK DR,10/13/2022 12:00:00 AM,NEW,275000,10,77610.30585,NOT CERTIFIED,,,QUALIFIED,,,,OAKLEY,N/A,502796
a0F4W00000b27AkUAI,3506 MADISON PARK DR,10/13/2022 12:00:00 AM,NEW,275000,10,77610.30585,NOT CERTIFIED,,,QUALIFIED,,,,OAKLEY,N/A,425643
a0F4W00000b27BJUAY,3506 MADISON PARK DR,10/13/2022 12:00:00 AM,NEW,275000,10,77610.30585,NOT CERTIFIED,,,QUALIFIED,,,,OAKLEY,N/A,418047
a0F4W00000b27JuUAI,3506 MADISON PARK DR,10/13/2022 12:00:00 AM,NEW,275000,10,77610.30585,NOT CERTIFIED,,,QUALIFIED,,,,OAKLEY,N/A,418284
a0F4W00000b27JvUAI,3524 C MADISON PARK AV,10/13/2022 12:00:00 AM,NEW,275000,10,77610.30585,NOT CERTIFIED,,,QUALIFIED,-84.42015192,39.1583146800299,,OAKLEY,OAKLEY,503033
a0F4W00000b27JwUAI,3524 MADISON PARK DR,10/13/2022 12:00:00 AM,NEW,275000,10,77610.30585,NOT CERTIFIED,,,QUALIFIED,,,,OAKLEY,N/A,422320
a0F4W00000b27KEUAY,3506 MADISON PARK DR,10/13/2022 12:00:00 AM,NEW,275000,10,77610.30585,NOT CERTIFIED,,,QUALIFIED,,,,OAKLEY,N/A,425169
a0F4W00000b27KsUAI,3512 MADISON PARK DR,10/13/2022 12:00:00 AM,NEW,275000,10,77610.30585,NOT CERTIFIED,,,QUALIFIED,,,,OAKLEY,N/A,501846
a0F4W00000b27KtUAI,3524 MADISON PARK DR,10/13/2022 12:00:00 AM,NEW,275000,10,77610.30585,NOT CERTIFIED,,,QUALIFIED,,,,OAKLEY,N/A,422557
a0F4W00000b27KxUAI,3512 MADISON PARK DR,10/13/2022 12:00:00 AM,NEW,275000,10,77610.30585,NOT CERTIFIED,,,QUALIFIED,,,,OAKLEY,N/A,433715
a0F4W00000b27LMUAY,3524 MADISON PARK DR,10/13/2022 12:00:00 AM,NEW,275000,10,77610.30585,NOT CERTIFIED,,,QUALIFIED,,,,OAKLEY,N/A,424219
a0F4W00000b27LlUAI,3518 MADISON PARK DR,10/13/2022 12:00:00 AM,NEW,275000,10,77610.30585,NOT CERTIFIED,,,QUALIFIED,,,,OAKLEY,N/A,421845
a0F4W00000b27LvUAI,3518 MADISON PARK DR,10/13/2022 12:00:00 AM,NEW,275000,10,77610.30585,NOT CERTIFIED,,,QUALIFIED,,,,OAKLEY,N/A,420658
a0F4W00000b27M5UAI,3518 MADISON PARK DR,10/13/2022 12:00:00 AM,NEW,275000,10,77610.30585,NOT CERTIFIED,,,QUALIFIED,,,,OAKLEY,N/A,418522
a0F4W00000b27MUUAY,3518 MADISON PARK DR,10/13/2022 12:00:00 AM,NEW,275000,10,77610.30585,NOT CERTIFIED,,,QUALIFIED,,,,OAKLEY,N/A,425406
a0F4W00000b27MtUAI,3518 MADISON PARK DR,10/13/2022 12:00:00 AM,NEW,275000,10,77610.30585,NOT CERTIFIED,,,QUALIFIED,,,,OAKLEY,N/A,421370
a0F4W00000b2BE1UAM,477 CRESTLINE AV,10/07/2022 12:00:00 AM,REHAB,123920,10,34972.61491248,NOT CERTIFIED,,,QUALIFIED,-84.56779518,39.1001917900299,,EAST PRICE HILL,EAST PRICE HILL,193500
a0F4W00000b2BEuUAM,4221 33RD AV,10/25/2022 12:00:00 AM,REHAB,157200,10,44364.8730168,NOT CERTIFIED,,,QUALIFIED,-84.43447014,39.1544178900299,,OAKLEY,OAKLEY,168946
a0F4W00000b2BFEUA2,4707 HAMILTON AVE,10/11/2022 12:00:00 AM,REHAB,206940,10,58402.46070036,NOT CERTIFIED,,,QUALIFIED,-84.544489,39.176704,,NORTHSIDE,N/A,229768
a0F4W00000b2GMzUAM,3186 PORTSMOUTH AV,10/19/2022 12:00:00 AM,REHAB,255980,10,72242.49487812,NOT CERTIFIED,,,QUALIFIED,-84.42541352,39.1433367900299,,HYDE PARK,HYDE PARK,580326.24
a0F4W00000b2GNoUAM,4306 31ST AV,11/21/2022 12:00:00 AM,REHAB,209870,10,59229.36323178,NOT CERTIFIED,,,QUALIFIED,-84.43624754,39.1548669000299,,OAKLEY,OAKLEY,304500
a0F4W00000b2GjcUAE,3059 WALWORTH AV,10/18/2022 12:00:00 AM,NEW,562000,15,237910.864842,GOLD,,,QUALIFIED,-84.44676141,39.1205677900299,,EAST END,EAST END,1276000
a0F4W00000b2Gk6UAE,2126 LOTH ST,10/25/2022 12:00:00 AM,NEW,275000,10,77610.30585,NOT CERTIFIED,,,QUALIFIED,-84.51585432,39.1197438500299,,MOUNT AUBURN,MOUNT AUBURN,380905.57
a0F4W00000b2Hp8UAE,2691 GRANDIN PL,11/04/2022 12:00:00 AM,NEW,1191840,15,504540.36504144,PLATINUM,,,QUALIFIED,-84.43799629,39.1229776300299,,HYDE PARK,HYDE PARK,1739549.56
a0F4W00000b2HpDUAU,3127 PENROSE PL,10/20/2022 12:00:00 AM,REHAB,215000,10,60677.14821,NOT CERTIFIED,,,QUALIFIED,-84.60421194,39.1470173500299,,WESTWOOD,WESTWOOD,155940
a0F4W00000b2HpSUAU,3426 DUNCAN AV,10/19/2022 12:00:00 AM,REHAB,430720,10,121557.49431168,NOT CERTIFIED,,,QUALIFIED,-84.43536368,39.1379969600299,,HYDE PARK,HYDE PARK,264000
a0F4W00000b2HphUAE,3631 SHAW AV,06/02/2022 12:00:00 AM,NEW,890160,15,376830.49012056,PLATINUM,,,QUALIFIED,-84.440123,39.1434176800299,,HYDE PARK,HYDE PARK,797097.66
a0F4W00000b2I4dUAE,2845 ASTORIA AV,09/13/2022 12:00:00 AM,NEW,942950,15,399178.02491595,PLATINUM,,,QUALIFIED,-84.4385098,39.1380166200299,,HYDE PARK,HYDE PARK,1207500
a0F4W00000b2I66UAE,1809 KINNEY AV,11/03/2022 12:00:00 AM,NEW,275000,10,77610.30585,NOT CERTIFIED,,,QUALIFIED,-84.47166411,39.1360958800299,,EVANSTON,EVANSTON,315000
a0F4W00000b2I8lUAE,5733 SANCTUARY PL,11/10/2022 12:00:00 AM,NEW,639070,15,270536.82632487,PLATINUM,,,QUALIFIED,-84.43170268,39.0680304900299,,CALIFORNIA,CALIFORNIA,812256
a0F4W00000b2ICeUAM,39 WEEBETOOK LN,11/15/2022 12:00:00 AM,NEW,2184720,15,924855.20398152,PLATINUM,09/29/2023 12:00:00 AM,,QUALIFIED,-84.4509663,39.1236732900299,,HYDE PARK,HYDE PARK,3632645.04
a0F4W00000b2IwyUAE,1615 PLEASANT ST,11/22/2022 12:00:00 AM,REHAB,275000,10,77610.30585,NOT CERTIFIED,,,QUALIFIED,-84.51883283,39.1135909000299,,OVER-THE-RHINE,OTR,528275
a0F4W00000b2IwzUAE,4385 DANE AV,11/14/2022 12:00:00 AM,REHAB,150260,10,42406.27111644,NOT CERTIFIED,,,QUALIFIED,-84.53251699,39.1683421700299,,NORTHSIDE,NORTHSIDE,227097.78
a0F4W00000b2IxmUAE,5050 E EASTWOOD CIR,07/05/2022 12:00:00 AM,REHAB,158280,10,44669.66985432,NOT CERTIFIED,,,QUALIFIED,-84.40944783,39.1632710600299,,MADISONVILLE,MADISONVILLE,87551.65
a0F4W00000b2JFdUAM,3033 CINNAMON ST,11/30/2022 12:00:00 AM,NEW,513000,15,217167.746733,GOLD,,,QUALIFIED,-84.46223821,39.1333180900299,,EVANSTON,EVANSTON,353790
a0F4W00000b2JFnUAM,11 E COURT ST,11/21/2022 12:00:00 AM,REHAB,219790,10,62028.97862826,NOT CERTIFIED,,,QUALIFIED,-84.51387613,39.1061060400299,,DOWNTOWN CINCINNATI,DOWNTOWN,290480
a0F4W00000b2JZoUAM,3720 AULT PARK AV,08/31/2022 12:00:00 AM,NEW,214140,10,60434.43961716,NOT CERTIFIED,,,QUALIFIED,-84.41290467,39.1405000000299,,HYDE PARK,HYDE PARK,362382.92
a0F4W00000b2K1qUAE,3566 MONTEITH AV,12/05/2022 12:00:00 AM,REHAB,177680,10,50144.72415792,NOT CERTIFIED,,,QUALIFIED,-84.43586826,39.1411459400299,,HYDE PARK,HYDE PARK,221188
a0F4W00000b2K20UAE,11 E COURT ST,11/28/2022 12:00:00 AM,REHAB,275000,10,77610.30585,NOT CERTIFIED,,,QUALIFIED,-84.51374008,39.1060778900299,,DOWNTOWN CINCINNATI,DOWNTOWN,522960
a0F4W00000b2KHxUAM,3783 AYLESBORO AV,12/12/2022 12:00:00 AM,REHAB,146110,10,41235.06104634,NOT CERTIFIED,,,QUALIFIED,-84.41050148,39.1407387300299,,HYDE PARK,HYDE PARK,154700
a0F4W00000b2KI2UAM,1756 BREWSTER AV,12/09/2022 12:00:00 AM,REHAB,133250,10,37605.7209255,NOT CERTIFIED,,,QUALIFIED,-84.4689108,39.1439062100299,,EVANSTON,EVANSTON,137865.71
a0F4W00000b2KJBUA2,2948 DOUGLAS TER,08/29/2022 12:00:00 AM,REHAB,131430,10,37092.08181042,NOT CERTIFIED,,,QUALIFIED,-84.43279212,39.1788520200299,,PLEASANT RIDGE,PLEASANT RIDGE,158969.35
a0F4W00000b2KJLUA2,431 MCDOWELL ST,12/05/2022 12:00:00 AM,NEW,177130,10,49989.50354622,NOT CERTIFIED,,,QUALIFIED,-84.43631908,39.1170641800299,,COLUMBIA-TUSCULUM,COLUMBIA TUSCULUM,350754
a0F4W00000b2Kb3UAE,6187 TULANE RD,11/15/2022 12:00:00 AM,REHAB,275000,10,77610.30585,NOT CERTIFIED,,,QUALIFIED,-84.43895751,39.1807346800299,,PLEASANT RIDGE,PLEASANT RIDGE,362520.59
a0F4W00000b2KbDUAU,3960 LOWRY AV,11/30/2022 12:00:00 AM,REHAB,27030,10,7628.38751682,NOT CERTIFIED,,,QUALIFIED,-84.49408947,39.1588789000299,,NORTH AVONDALE,NORTH AVONDALE,79818.46
a0F4W00000b2KbwUAE,339 VOLKERT ST,11/10/2022 12:00:00 AM,NEW,324580,15,137404.10766978,GOLD,11/10/2022 12:00:00 AM,,QUALIFIED,-84.52507607,39.1269228700299,,CLIFTON,CUF,417471.8
a0F4W00000b2Kc1UAE,345 VOLKERT ST,11/10/2022 12:00:00 AM,NEW,324580,15,137404.10766978,GOLD,11/10/2022 12:00:00 AM,,QUALIFIED,-84.52515153,39.1269287100299,,CLIFTON,CUF,417471.8
a0F4W00000b2Kc6UAE,333 VOLKERT ST,11/10/2022 12:00:00 AM,NEW,324580,15,137404.10766978,GOLD,11/10/2022 12:00:00 AM,,QUALIFIED,-84.52499414,39.1269157200299,,CLIFTON,CUF,427471.8
a0F4W00000b2KcBUAU,2348 RAVINE ST,11/10/2022 12:00:00 AM,NEW,324580,15,137404.10766978,GOLD,11/10/2022 12:00:00 AM,,QUALIFIED,-84.52525003,39.1269022700299,,CLIFTON,CUF,417471.8
a0F4W00000b2KcaUAE,357 VOLKERT ST,11/10/2022 12:00:00 AM,NEW,324580,15,137404.10766978,GOLD,11/10/2022 12:00:00 AM,,QUALIFIED,-84.52530519,39.1269396100299,,CLIFTON,CUF,417471.8
a0F4W00000b2KcfUAE,363 VOLKERT ST,11/10/2022 12:00:00 AM,NEW,324580,15,137404.10766978,GOLD,11/10/2022 12:00:00 AM,,QUALIFIED,-84.52538344,39.1269468300299,,CLIFTON,CUF,417471.8
a0F4W00000b2KhVUAU,33 E MCMICKEN AV,12/06/2022 12:00:00 AM,REHAB,275000,10,77610.30585,NOT CERTIFIED,,,QUALIFIED,-84.51626686,39.1159771400299,,OVER-THE-RHINE,OTR,451081
a0F4W00000b2KhpUAE,3444 MOONEY AV,09/29/2022 12:00:00 AM,REHAB,61660,10,17401.64166804,NOT CERTIFIED,,,QUALIFIED,-84.44562007,39.1391989800299,,HYDE PARK,HYDE PARK,465858
a0F4W00000b2KiHUAU,3850 HYDE PARK AV,02/22/2022 12:00:00 AM,REHAB,165140,10,46605.69421116,NOT CERTIFIED,,,QUALIFIED,-84.43761903,39.1497257500299,,OAKLEY,OAKLEY,253688
a0F4W00000b2KiRUAU,1527 BLAIR AV,11/15/2022 12:00:00 AM,NEW,275000,10,77610.30585,NOT CERTIFIED,,,QUALIFIED,-84.47765748,39.1398809200299,,EVANSTON,EVANSTON,350000
a0F4W00000b2KiWUAU,1521 BLAIR AV,11/15/2022 12:00:00 AM,NEW,275000,10,77610.30585,NOT CERTIFIED,,,QUALIFIED,-84.477801,39.1398930300299,,EVANSTON,EVANSTON,350000
a0F4W00000b2KigUAE,1727 FAIRFAX AV,11/15/2022 12:00:00 AM,NEW,275000,10,77610.30585,NOT CERTIFIED,,,QUALIFIED,-84.47301633,39.1352218800299,,EVANSTON,EVANSTON,355000
a0F4W00000b2KiqUAE,1729 FAIRFAX AV,11/14/2022 12:00:00 AM,NEW,275000,10,77610.30585,NOT CERTIFIED,,,QUALIFIED,-84.47286402,39.1352249300299,,EVANSTON,EVANSTON,355000
a0F4W00000b2KivUAE,1533 RUTH AV,11/15/2022 12:00:00 AM,NEW,275000,10,77610.30585,NOT CERTIFIED,,,QUALIFIED,-84.47760297,39.1389335500299,,EVANSTON,EVANSTON,350000
a0F4W00000b2Kj5UAE,1545 RUTH AV,11/15/2022 12:00:00 AM,NEW,275000,10,77610.30585,NOT CERTIFIED,,,QUALIFIED,-84.47707265,39.1388983800299,,EVANSTON,EVANSTON,350000
a0F4W00000b2KoKUAU,3005 WALWORTH AV,11/21/2022 12:00:00 AM,NEW,562000,15,237910.864842,GOLD,12/12/2022 12:00:00 AM,,QUALIFIED,-84.4479857,39.1211102100299,,EAST END,EAST END,1459569.96
a0F4W00000b2KpXUAU,5769 SANCTUARY PL,11/21/2022 12:00:00 AM,NEW,854260,15,361632.98113866,PLATINUM,07/12/2023 12:00:00 AM,,QUALIFIED,-84.43119512,39.0667372100299,,CALIFORNIA,CALIFORNIA,938230
a0F4W00000b2KphUAE,3621 MICHIGAN AV,11/23/2022 12:00:00 AM,NEW,275000,10,77610.30585,NOT CERTIFIED,,,QUALIFIED,-84.44167793,39.1431494200299,,HYDE PARK,HYDE PARK,585100
a0F4W00000b2KqBUAU,3045 KINMONT ST,11/23/2022 12:00:00 AM,NEW,275000,10,77610.30585,,,,QUALIFIED,-84.43302623,39.1298470900299,,MOUNT LOOKOUT,MOUNT LOOKOUT,895000
a0F4W00000b2KqkUAE,3542 RAWSON PL,11/18/2022 12:00:00 AM,NEW,544840,15,230646.54021444,GOLD,,,QUALIFIED,-84.41814812,39.1505899300299,,OAKLEY,OAKLEY,438581.15
a0F4W00000b2KrOUAU,4533 PLAINVILLE RD,07/03/2019 12:00:00 AM,REHAB,148320,10,41858.76568608,NOT CERTIFIED,,,QUALIFIED,-84.38080744,39.1544510000299,,MADISONVILLE,MADISONVILLE,119137.28
a0F4W00000b2KuIUAU,2821 CORTELYOU PL,11/28/2022 12:00:00 AM,NEW,493240,15,208802.76685884,GOLD,11/28/2022 12:00:00 AM,,QUALIFIED,-84.43341804,39.1877250700299,,PLEASANT RIDGE,PLEASANT RIDGE,461837
a0F4W00000b2KuXUAU,1039 ST GREGORY ST,11/30/2022 12:00:00 AM,NEW,1608100,15,680755.2700221,PLATINUM,11/03/2022 12:00:00 AM,,QUALIFIED,-84.49790285,39.1070823400299,,MOUNT ADAMS,MOUNT ADAMS,1616476.68
a0F4W00000b2KuhUAE,3234 LINWOOD AV,12/02/2022 12:00:00 AM,NEW,562000,15,237910.864842,GOLD,05/03/2023 12:00:00 AM,,QUALIFIED,-84.42941756,39.1277043000299,,MOUNT LOOKOUT,MOUNT LOOKOUT,824000
a0F4W00000b2KumUAE,2417 RIVERSIDE DR,12/08/2022 12:00:00 AM,NEW,1406070,15,595230.12407187,PLATINUM,02/21/2023 12:00:00 AM,,QUALIFIED,-84.46491517,39.1237437700299,,EAST END,EAST END,1436900
a0F4W00000b2KuwUAE,1914 POGUE AV,12/14/2022 12:00:00 AM,NEW,562000,15,237910.864842,GOLD,06/30/2023 12:00:00 AM,,QUALIFIED,-84.46258905,39.1340377200299,,EVANSTON,EVANSTON,789271.29
a0F4W00000b2LJ2UAM,4815 ROANOKE ST,12/13/2022 12:00:00 AM,NEW,367820,15,155708.85107862,PLATINUM,12/13/2022 12:00:00 AM,,QUALIFIED,-84.38456193,39.1579749500299,,MADISONVILLE,MADISONVILLE,348803.18
a0F4W00000b2LJMUA2,1609 MERRIMAC ST,12/14/2022 12:00:00 AM,NEW,400000,15,169331.5764,SILVER,02/21/2023 12:00:00 AM,,QUALIFIED,-84.47558068,39.1345422300299,,EVANSTON,EVANSTON,486449
a0F4W00000b2LJvUAM,3224 LINWOOD AV,12/05/2022 12:00:00 AM,NEW,562000,15,237910.864842,GOLD,05/02/2023 12:00:00 AM,,QUALIFIED,-84.42958363,39.1279526600299,,MOUNT LOOKOUT,MOUNT LOOKOUT,863500
a0F4W00000b2LK0UAM,1334 PARKRIDGE PL,12/14/2022 12:00:00 AM,NEW,275000,15,116415.458775,PLATINUM,03/26/2024 12:00:00 AM,,QUALIFIED,-84.42385378,39.1357023300299,,HYDE PARK,MOUNT LOOKOUT,1588817
a0F4W00000b2LK5UAM,3812 DUCK CREEK RD,12/15/2022 12:00:00 AM,NEW,400000,15,169331.5764,SILVER,02/21/2023 12:00:00 AM,,QUALIFIED,-84.41736904,39.1655748300299,,MADISONVILLE,MADISONVILLE,587427
a0F4W00000b2LKeUAM,369 VOLKERT ST,11/10/2022 12:00:00 AM,NEW,324580,15,137404.10766978,GOLD,11/10/2022 12:00:00 AM,,QUALIFIED,-84.52546535,39.1269532600299,,CLIFTON,CUF,417471.8
a0F4W00000b2LKyUAM,2951 WALWORTH AV,12/16/2022 12:00:00 AM,NEW,1193260,15,505141.49213766,PLATINUM,12/16/2022 12:00:00 AM,,QUALIFIED,-84.44907841,39.1216108900299,,COLUMBIA-TUSCULUM,EAST END,1132741
a0F4W00000b2LtFUAU,511 CARPLIN PL,12/19/2022 12:00:00 AM,REHAB,151370,10,42719.53453278,NOT CERTIFIED,,,QUALIFIED,-84.49781182,39.1388126900299,,AVONDALE,AVONDALE,160000
a0F4W00000b2M6JUAU,675 GREENWOOD AV,12/02/2022 12:00:00 AM,REHAB,190700,10,53819.2193658,,,,QUALIFIED,-84.49044883,39.1529536500299,,AVONDALE,AVONDALE - NORTH AVONDALE,122256
a0F4W00000b2MaoUAE,1905 BAYMILLER ST,12/13/2022 12:00:00 AM,REHAB,275000,10,77610.30585,NOT CERTIFIED,,,QUALIFIED,-84.52925579,39.1175401300299,,WEST END,WEST END,472763.74
a0F4W00000b2MayUAE,4426 WHETSEL AV,12/05/2022 12:00:00 AM,REHAB,240000,10,67732.63056,NOT CERTIFIED,,,QUALIFIED,-84.39357665,39.1539139100299,,MADISONVILLE,MADISONVILLE,154443.71
a0F4W00000b2Mb8UAE,524 MILTON ST,12/09/2022 12:00:00 AM,REHAB,275000,10,77610.30585,NOT CERTIFIED,,,QUALIFIED,-84.50572748,39.1133392200299,,MOUNT AUBURN,MOUNT AUBURN,427945.4
a0F4W00000b2MqWUAU,3797 MILLSBRAE AV,12/19/2022 12:00:00 AM,REHAB,275000,10,77610.30585,NOT CERTIFIED,,,QUALIFIED,-84.44002742,39.1482612500299,,OAKLEY,OAKLEY,896000
a0F4W00000b2NcHUAU,218 GLENMARY AV,12/29/2022 12:00:00 AM,REHAB,52980,10,14951.97819612,NOT CERTIFIED,,,QUALIFIED,-84.51715659,39.1466521100299,,CLIFTON,CLIFTON,75711
a0F4W00000b2NgxUAE,1419 APJONES ST,01/10/2023 12:00:00 AM,REHAB,80840,10,22814.60772696,NOT CERTIFIED,,,QUALIFIED,-84.53507315,39.1647515500299,,NORTHSIDE,NORTHSIDE,185100
a0F4W00000b2NhMUAU,1342 PARKRIDGE PL,12/27/2022 12:00:00 AM,REHAB,100890,10,28473.10457166,NOT CERTIFIED,,,QUALIFIED,-84.42381969,39.1360618200299,,MOUNT LOOKOUT,MOUNT LOOKOUT,236000
a0F4W00000b2NqTUAU,3761 PENNSYLVANIA AV,09/06/2022 12:00:00 AM,REHAB,211270,10,59624.47024338,NOT CERTIFIED,,,QUALIFIED,-84.41403338,39.1213056600299,,LINWOOD,LINWOOD,61722
a0F4W00000b2NqsUAE,3228 NORTHEAST 14TH ST CAUSEWAY 7 POMPANO BEACH FL,12/12/2022 12:00:00 AM,REHAB,,10,,NOT CERTIFIED,,,QUALIFIED,-84.5124602,39.1014537,,WALNUT HILLS,N/A,45980
a0F4W00000b2Ns2UAE,1722 ANDINA AV,12/22/2022 12:00:00 AM,REHAB,182050,10,51378.0224727,NOT CERTIFIED,,,QUALIFIED,-84.4660622,39.1750294700299,,BOND HILL,BOND HILL,171922
a0F4W00000b2NsRUAU,6350 CORBLY ST,12/29/2022 12:00:00 AM,REHAB,59940,10,16916.22448236,NOT CERTIFIED,,,QUALIFIED,-84.38137496,39.0944866800299,,MOUNT WASHINGTON,MOUNT WASHINGTON,63763
a0F4W00000b2NtAUAU,915 VINE ST,12/20/2022 12:00:00 AM,REHAB,155930,10,44006.45451342,NOT CERTIFIED,,,QUALIFIED,-84.514292,39.105985,,DOWNTOWN CINCINNATI,N/A,365267
a0F4W00000b2Nu3UAE,11 E COURT ST,12/13/2022 12:00:00 AM,REHAB,222800,10,62878.4587032,NOT CERTIFIED,,,QUALIFIED,-84.51387191,39.1060870500299,,DOWNTOWN CINCINNATI,DOWNTOWN,294284
a0F4W00000b2Nu8UAE,3623 WABASH AV,12/09/2022 12:00:00 AM,REHAB,22170,10,6256.80174798,NOT CERTIFIED,,,QUALIFIED,-84.46405096,39.1451569100299,,EVANSTON,EVANSTON,12915
a0F4W00000b2NuDUAU,1834 YORKTOWN RD,12/16/2022 12:00:00 AM,ADDITION,14300,10,4035.7359042,NOT CERTIFIED,,,QUALIFIED,-84.46066504,39.1845425200299,,BOND HILL,BOND HILL,56784
a0F4W00000b2O5GUAU,218 GLENMARY AV,12/29/2022 12:00:00 AM,REHAB,52980,10,14951.97819612,NOT CERTIFIED,,,QUALIFIED,-84.51715659,39.1466521100299,,CLIFTON,CLIFTON,65099
a0F4W00000b2O5LUAU,3544 ST CHARLES PL,05/23/2022 12:00:00 AM,REHAB,199000,10,56161.639506,NOT CERTIFIED,,,QUALIFIED,-84.43782368,39.1405291400299,,HYDE PARK,HYDE PARK,39435
a0F4W00000b2O5QUAU,5627 BRAMBLE AV,10/18/2022 12:00:00 AM,REHAB,80390,10,22687.60904466,NOT CERTIFIED,,,QUALIFIED,-84.4000263,39.1519761000299,,MADISONVILLE,MADISONVILLE,102850
a0F4W00000b2OFHUA2,2337 KENTON ST,08/02/2022 12:00:00 AM,REHAB,275000,10,77610.30585,NOT CERTIFIED,,,QUALIFIED,-84.49458891,39.1240205700299,,WALNUT HILLS,WALNUT HILLS,181000
a0F4W00000b2OhtUAE,844 LINCOLN AV,12/20/2022 12:00:00 AM,REHAB,275000,10,77610.30585,NOT CERTIFIED,,,QUALIFIED,-84.48934183,39.1324576400299,,WALNUT HILLS,WALNUT HILLS,266050
a0F4W00000b2OkJUAU,2528 HEMLOCK ST,12/22/2022 12:00:00 AM,REHAB,210850,10,59505.9381399,NOT CERTIFIED,,,QUALIFIED,-84.49344144,39.1271112500299,,WALNUT HILLS,WALNUT HILLS,126762.81
a0F4W00000b2P5zUAE,4586 INNES AV,12/29/2022 12:00:00 AM,ADDITION,114850,0,0,NOT CERTIFIED,,,QUALIFIED,-84.54474915,39.1728922700299,,NORTHSIDE,NORTHSIDE,467942
a0F4W00000b2P6dUAE,5465 DAY RD,01/12/2023 12:00:00 AM,ADDITION,,0,,NOT CERTIFIED,,,QUALIFIED,-84.5124602,39.1014537,,NORTHSIDE,N/A,209423
a0F4W00000b2P7RUAU,842 LINCOLN AV,12/20/2022 12:00:00 AM,REHAB,275000,10,77610.30585,NOT CERTIFIED,,,QUALIFIED,-84.48948297,39.1324771600299,,WALNUT HILLS,WALNUT HILLS,267232
a0F4W00000b2PFtUAM,3511 HARROW AV,12/30/2022 12:00:00 AM,REHAB,137270,10,38740.24248738,NOT CERTIFIED,,,QUALIFIED,-84.42030775,39.1572139100299,,OAKLEY,OAKLEY,142085
a0F4W00000b2PLNUA2,3751 DRAKE AV,12/14/2022 12:00:00 AM,ADDITION,235470,0,0,NOT CERTIFIED,,,QUALIFIED,-84.43579945,39.1462419900299,,OAKLEY,OAKLEY,322705
a0F4W00000b2PLhUAM,2940 HACKBERRY ST,11/21/2022 12:00:00 AM,REHAB,300000,10,84665.7882,NOT CERTIFIED,,,QUALIFIED,-84.4744099,39.1312043800299,,EAST WALNUT HILLS,EAST WALNUT HILLS,222900
a0F4W00000b2PMVUA2,1508 LINCOLN AV,09/08/2022 12:00:00 AM,NEW,409640,15,173412.46739124,GOLD,09/08/2022 12:00:00 AM,,QUALIFIED,-84.47822443,39.1320305200299,,EVANSTON,EVANSTON,441231
a0F4W00000b2PNBUA2,2741 ARBOR AV,01/19/2023 12:00:00 AM,REHAB,145710,10,41122.17332874,NOT CERTIFIED,,,QUALIFIED,-84.4409533,39.1473946800299,,OAKLEY,OAKLEY,188524
a0F4W00000b2PNkUAM,1822 CLARION AV,01/19/2023 12:00:00 AM,REHAB,152960,10,43168.26321024,NOT CERTIFIED,,,QUALIFIED,-84.46835336,39.1448181100299,,EVANSTON,EVANSTON,303422
a0F4W00000b2QbWUAU,2208 ST JAMES AV,02/09/2023 12:00:00 AM,REHAB,137340,10,38759.99783796,NOT CERTIFIED,,,QUALIFIED,-84.48983223,39.1207413700299,,WALNUT HILLS,WALNUT HILLS,103818
a0F4W00000b2QbgUAE,2121 ALPINE PL,09/09/2022 12:00:00 AM,REHAB,135000,10,38099.60469,NOT CERTIFIED,,,QUALIFIED,-84.4897000051356,39.1187082965252,,WALNUT HILLS,N/A,204137
a0F4W00000b2RFoUAM,1850 KINNEY AV,12/14/2022 12:00:00 AM,REHAB,300000,10,84665.7882,NOT CERTIFIED,,,QUALIFIED,-84.4696771,39.1365020600299,,EVANSTON,EVANSTON,107000
a0F4W00000b2RFtUAM,917 VINE ST,12/20/2022 12:00:00 AM,REHAB,195090,10,55058.16206646,NOT CERTIFIED,,,QUALIFIED,-84.51431378,39.1058966000299,,DOWNTOWN CINCINNATI,DOWNTOWN,307068
a0F4W00000b2RGYUA2,4161 LAKEMAN ST,02/27/2023 12:00:00 AM,REHAB,274260,10,77401.46357244,NOT CERTIFIED,,,QUALIFIED,-84.54408181,39.1631595200299,,NORTHSIDE,NORTHSIDE,131806
a0F4W00000b2RGmUAM,916 FINDLAY ST,01/09/2023 12:00:00 AM,REHAB,229120,10,64662.08464128,NOT CERTIFIED,,,QUALIFIED,-84.5299425,39.1164154000299,,WEST END,WEST END,196071
a0F4W00000b2RH1UAM,4159 LANGLAND ST,02/09/2023 12:00:00 AM,REHAB,163550,10,46156.9655337,NOT CERTIFIED,,,QUALIFIED,-84.53843584,39.1629856300298,,NORTHSIDE,NORTHSIDE,109584
a0F4W00000b2RHGUA2,1434 APJONES ST,02/08/2023 12:00:00 AM,REHAB,84790,10,23929.37393826,NOT CERTIFIED,,,QUALIFIED,-84.53590334,39.1650953700299,,NORTHSIDE,NORTHSIDE,58616
a0F4W00000b2RHVUA2,4243 FERGUS ST,02/08/2023 12:00:00 AM,REHAB,,10,,NOT CERTIFIED,,,QUALIFIED,-84.5124602,39.1014537,,NORTHSIDE,N/A,51688
a0F4W00000b2RHuUAM,2929 LOWER GRANDIN RD,12/22/2022 12:00:00 AM,NEW,275000,10,77610.30585,,,,QUALIFIED,-84.4383208,39.1247737700299,,HYDE PARK,HYDE PARK,1329781
a0F4W00000b2RIDUA2,3145 MARKBREIT AV,02/15/2023 12:00:00 AM,REHAB,134420,10,37935.91749948,NOT CERTIFIED,,,QUALIFIED,-84.42826626,39.1506833000299,,OAKLEY,OAKLEY,66300
a0F4W00000b2RJ3UAM,3981 MARBURG AVE,01/25/2023 12:00:00 AM,REHAB,262500,10,74082.564675,NOT CERTIFIED,,,QUALIFIED,-84.4220627833333,39.15122485,,OAKLEY,N/A,207550
a0F4W00000b2RJDUA2,3567 OUTLOOK AV,12/27/2022 12:00:00 AM,REHAB,241650,10,68198.2923951,NOT CERTIFIED,,,QUALIFIED,-84.43518017,39.1413743800299,,HYDE PARK,HYDE PARK,545979
a0F4W00000b2RywUAE,1325 GRACE AV,11/21/2022 12:00:00 AM,REHAB,275000,10,77610.30585,NOT CERTIFIED,,,QUALIFIED,-84.4325,39.1354997500299,,HYDE PARK,HYDE PARK,602000
a0F4W00000b2Rz1UAE,1243 GRACE AV,12/09/2022 12:00:00 AM,ADDITION,101260,0,0,NOT CERTIFIED,,,QUALIFIED,-84.43220814,39.1333737700299,,HYDE PARK,MOUNT LOOKOUT,412582
a0F4W00000b2SNGUA2,2767 MADISON RD,03/24/2023 12:00:00 AM,REHAB,355820,10,100419.26919108,GOLD,07/07/2023 12:00:00 AM,,QUALIFIED,-84.43991514,39.1462627400299,,OAKLEY,HYDE PARK - OAKLEY,610239
a0F4W00000b2SVRUA2,3443 AULT VIEW AV,08/04/2022 12:00:00 AM,NEW,562000,15,237910.864842,GOLD,08/04/2022 12:00:00 AM,,QUALIFIED,-84.41950205,39.1367992600299,,MOUNT LOOKOUT,MOUNT LOOKOUT,931620
a0F4W00000b2SVWUA2,2519 INGLESIDE AV,02/16/2023 12:00:00 AM,REHAB,0,10,0,NOT CERTIFIED,,,QUALIFIED,-84.47803056,39.1256025100299,,EAST WALNUT HILLS,EAST WALNUT HILLS,261683
a0F4W00000b2SWAUA2,1534 WILLIAM H TAFT RD,02/24/2023 12:00:00 AM,REHAB,219580,10,61969.71257652,NOT CERTIFIED,,,QUALIFIED,-84.47697926,39.1272492900299,,WALNUT HILLS,EAST WALNUT HILLS,260538
a0F4W00000b2So4UAE,270 GILMAN AV,10/24/2022 12:00:00 AM,REHAB,,10,,NOT CERTIFIED,,,QUALIFIED,-84.5124602,39.1014537,,MOUNT AUBURN,N/A,484343
a0F4W00000b2So9UAE,315 DONAHUE ST,09/29/2022 12:00:00 AM,REHAB,76430,10,21570.02064042,NOT CERTIFIED,,,QUALIFIED,-84.50200021,39.1329664000299,,CORRYVILLE,CORRYVILLE,69631
a0F4W00000b2SoEUAU,5935 WOODMONT AV,12/30/2022 12:00:00 AM,REHAB,275000,10,77610.30585,NOT CERTIFIED,,,QUALIFIED,-84.42481549,39.1800180700299,,PLEASANT RIDGE,PLEASANT RIDGE,234890
a0F4W00000b2Sz7UAE,1236 REGENT AV,01/24/2023 12:00:00 AM,REHAB,194380,10,54857.78636772,NOT CERTIFIED,,,QUALIFIED,-84.47596215,39.1771679600299,,BOND HILL,BOND HILL,138000
a0F4W00000b2SzWUAU,5920 OMEARA PL,01/26/2023 12:00:00 AM,REHAB,85220,10,24050.72823468,NOT CERTIFIED,,,QUALIFIED,-84.4210732,39.1795555700299,,PLEASANT RIDGE,PLEASANT RIDGE,85240
a0F4W00000b2TgkUAE,3416 PRINCIPIO AV,12/14/2022 12:00:00 AM,REHAB,247730,10,69914.18570262,NOT CERTIFIED,,,QUALIFIED,-84.42072992,39.1321169600299,,MOUNT LOOKOUT,MOUNT LOOKOUT,45329
a0F4W00000b2TguUAE,2939 WALWORTH AV,12/27/2022 12:00:00 AM,NEW,562000,15,237910.864842,GOLD,11/20/2023 12:00:00 AM,,QUALIFIED,-84.44932844,39.1217275300299,,EAST END,EAST END,904595
a0F4W00000b2TgvUAE,5725 ROE ST,02/02/2023 12:00:00 AM,NEW,200000,10,56443.8588,,,,QUALIFIED,-84.39609185,39.1564902400299,,MADISONVILLE,MADISONVILLE,457000
a0F4W00000b2Th4UAE,3077 WALWORTH AV,12/30/2022 12:00:00 AM,NEW,562000,15,237910.864842,GOLD,11/22/2023 12:00:00 AM,,QUALIFIED,-84.44639359,39.1203982100299,,EAST END,EAST END,629220
a0F4W00000b2ThJUAU,3703 AULT PARK AV,01/09/2023 12:00:00 AM,NEW,621040,15,262904.20551864,PLATINUM,06/13/2023 12:00:00 AM,,QUALIFIED,-84.41368733,39.1401545100299,,HYDE PARK,HYDE PARK,982678
a0F4W00000b2ThTUAU,414 RESOR AV,01/26/2023 12:00:00 AM,NEW,276020,15,116847.25429482,PLATINUM,05/01/2023 12:00:00 AM,,QUALIFIED,-84.52276678,39.1480993800299,,CLIFTON,CLIFTON,656714
a0F4W00000b2ThYUAU,333 OREGON ST,01/27/2023 12:00:00 AM,NEW,1650650,15,698767.91646165,PLATINUM,01/27/2023 12:00:00 AM,,QUALIFIED,-84.49858604,39.1052564800299,,MOUNT ADAMS,MOUNT ADAMS,1886970
a0F4W00000b2ThnUAE,1227 GILSEY AV,03/07/2023 12:00:00 AM,REHAB,110850,10,31284.0087399,NOT CERTIFIED,,,QUALIFIED,-84.58139403,39.1153217800299,,WEST PRICE HILL,WEST PRICE HILL,232729
a0F4W00000b2ThsUAE,218 WEST WYOMING AV LAS VEGAS NV,03/17/2023 12:00:00 AM,REHAB,,10,,NOT CERTIFIED,,,QUALIFIED,-84.5124602,39.1014537,,NORTHSIDE,N/A,173089
a0F4W00000b2Ti2UAE,4340 BEECH HILL AV,03/01/2023 12:00:00 AM,REHAB,217300,10,61326.2525862,NOT CERTIFIED,,,QUALIFIED,-84.53617018,39.1672645000299,,NORTHSIDE,NORTHSIDE,208758
a0F4W00000b2TiMUAU,541 SLACK ST,02/08/2023 12:00:00 AM,REHAB,136180,10,38432.62345692,NOT CERTIFIED,,,QUALIFIED,-84.50456148,39.1142794700299,,MOUNT AUBURN,MOUNT AUBURN,291300
a0F4W00000b2TigUAE,2922 VAUGHN ST,02/10/2023 12:00:00 AM,REHAB,275000,10,77610.30585,NOT CERTIFIED,,,QUALIFIED,-84.50643201,39.1335735900299,,CORRYVILLE,CORRYVILLE,487364
a0F4W00000b2Tj5UAE,2539 HACKBERRY ST,12/13/2022 12:00:00 AM,REHAB,189180,10,53390.24603892,NOT CERTIFIED,,,QUALIFIED,-84.47570873,39.1260142400299,,EAST WALNUT HILLS,EAST WALNUT HILLS,292162
a0F4W00000b2UiIUAU,951 PARKSIDE PL,02/15/2023 12:00:00 AM,REHAB,186100,10,52521.0106134,NOT CERTIFIED,,,QUALIFIED,-84.49671318,39.1104102500299,,MOUNT ADAMS,MOUNT ADAMS,312091.7
a0F4W00000b2VrBUAU,1807 RACE ST,02/08/2023 12:00:00 AM,REHAB,512800,10,144722.0539632,GOLD,09/18/2023 12:00:00 AM,,QUALIFIED,-84.51845684,39.1157409000299,,OVER-THE-RHINE,OTR,620000
a0F4W00000b2VrLUAU,1329 CRYER AV,07/21/2022 12:00:00 AM,REHAB,261380,10,73766.47906572,NOT CERTIFIED,,,QUALIFIED,-84.43669199,39.1358043900299,,HYDE PARK,HYDE PARK,102712
a0F4W00000b2VrVUAU,8190 BEECHMONT AV 350,03/06/2023 12:00:00 AM,REHAB,,10,,NOT CERTIFIED,,,QUALIFIED,-84.5124602,39.1014537,,MOUNT WASHINGTON,N/A,138579
a0F4W00000b2VraUAE,1872 FAIRFAX AV,02/10/2023 12:00:00 AM,NEW,275000,10,77610.30585,NOT CERTIFIED,,,QUALIFIED,-84.46901452,39.1354202800299,,EVANSTON,EVANSTON,340000
a0F4W00000b2WmVUAU,504 1/2 DELTA AV,12/27/2022 12:00:00 AM,NEW,275000,10,77610.30585,,,,QUALIFIED,-84.437669,39.1191602600299,,COLUMBIA-TUSCULUM,COLUMBIA TUSCULUM,740000
a0F4W00000b2WmfUAE,504 DELTA AV,12/27/2022 12:00:00 AM,NEW,275000,10,77610.30585,,,,QUALIFIED,-84.43764176,39.1190673500299,,COLUMBIA-TUSCULUM,COLUMBIA TUSCULUM,725000
a0F4W00000b2WmgUAE,6725 DANIELS WALK,12/22/2022 12:00:00 AM,NEW,275000,10,77610.30585,,,,QUALIFIED,-84.68918371,39.1184702000299,,SAYLER PARK,SAYLER PARK,385300
a0F4W00000b2Wn4UAE,400 PARKVIEW CIR,12/22/2022 12:00:00 AM,NEW,428000,15,181184.786748,GOLD,,,QUALIFIED,-84.68815404,39.1185494200299,,SAYLER PARK,SAYLER PARK,350369
a0F4W00000b2Wn9UAE,6713 DANIELS WALK,12/22/2022 12:00:00 AM,NEW,275000,10,77610.30585,,,,QUALIFIED,-84.69027772,39.1186170700299,,SAYLER PARK,SAYLER PARK,366500
a0F4W00000b2WnAUAU,208 MULBERRY ST,12/20/2021 12:00:00 AM,NEW,562000,15,237910.864842,GOLD,06/08/2023 12:00:00 AM,,QUALIFIED,-84.51250333,39.1157012000299,,MOUNT AUBURN,MOUNT AUBURN,641760
a0F4W00000b2WnEUAU,658 HAWTHORNE AV,12/30/2022 12:00:00 AM,NEW,219120,10,61839.89170128,,,,QUALIFIED,-84.5623268,39.1026599300299,,EAST PRICE HILL,EAST PRICE HILL,348900
a0F4W00000bJKLZUA4,PO BOX 507 NORTH BEND OH,03/23/2023 12:00:00 AM,REHAB,,10,,NOT CERTIFIED,,,QUALIFIED,-84.5124602,39.1014537,,MADISONVILLE,N/A,229366
a0F4W00000bJKLeUAO,935 DAYTON ST,12/14/2022 12:00:00 AM,REHAB,163930,10,46264.20886542,NOT CERTIFIED,,,QUALIFIED,-84.53055922,39.1181779100299,,WEST END,WEST END,435238
a0F4W00000bJKM3UAO,1811 BAYMILLER ST,04/12/2023 12:00:00 AM,REHAB,269290,10,75998.83368126,NOT CERTIFIED,,,QUALIFIED,-84.52946419,39.1165038000299,,WEST END,WEST END,152831
a0F4W00000bJKM8UAO,3321 GRAYDON AV,02/10/2023 12:00:00 AM,NEW,275000,10,77610.30585,NOT CERTIFIED,,,QUALIFIED,-84.46986272,39.1380426000299,,EVANSTON,EVANSTON,275000
a0F4W00000bJKNzUAO,1921 KINNEY AV,02/10/2023 12:00:00 AM,NEW,275000,10,77610.30585,NOT CERTIFIED,,,QUALIFIED,-84.46742777,39.1357926000299,,EVANSTON,EVANSTON,275000
a0F4W00000bJKOYUA4,1714 HEWITT AV,02/10/2023 12:00:00 AM,NEW,275000,10,77610.30585,NOT CERTIFIED,,,QUALIFIED,-84.47324165,39.1376610700299,,EVANSTON,EVANSTON,275000
a0F4W00000bJLSrUAO,3804 COUNTRY CLUB PL,03/30/2023 12:00:00 AM,REHAB,56080,10,15826.85800752,NOT CERTIFIED,,,QUALIFIED,-84.41287029,39.1505131800299,,HYDE PARK,HYDE PARK,54110
a0F4W00000bJLSwUAO,PO BOX 507 NORTH BEND OH,03/08/2023 12:00:00 AM,REHAB,,10,,NOT CERTIFIED,,,QUALIFIED,-84.5124602,39.1014537,,MADISONVILLE,N/A,97537
a0F4W00000bJLT1UAO,8322 ARBORCREST DR,04/14/2023 12:00:00 AM,REHAB,,10,,NOT CERTIFIED,,,QUALIFIED,-84.5124602,39.1014537,,WALNUT HILLS,N/A,95067
a0F4W00000bJLTBUA4,6102 SIERRA ST,12/27/2022 12:00:00 AM,REHAB,125780,10,35497.54279932,NOT CERTIFIED,,,QUALIFIED,-84.39038432,39.1616049600299,,MADISONVILLE,MADISONVILLE,91096
a0F4W00000bJLTuUAO,4033 CHERRY ST,04/05/2023 12:00:00 AM,REHAB,68080,10,19213.48953552,NOT CERTIFIED,,,QUALIFIED,-84.54288321,39.1599967900299,,NORTHSIDE,NORTHSIDE,140487
a0F4W00000bJLUOUA4,1113 SETON AV,03/09/2023 12:00:00 AM,REHAB,70560,10,19913.39338464,NOT CERTIFIED,,,QUALIFIED,-84.57659179,39.1123992600299,,WEST PRICE HILL,WEST PRICE HILL,46314
a0F4W00000bJMJMUA4,1816 HIGHLAND AV,11/08/2022 12:00:00 AM,REHAB,180930,10,51061.93686342,NOT CERTIFIED,,,QUALIFIED,-84.50356464,39.1155240400299,,MOUNT AUBURN,MOUNT AUBURN,121596
a0F4W00000bJMKFUA4,3494 ARNOLD ST,01/09/2023 12:00:00 AM,REHAB,237980,10,67162.54758612,NOT CERTIFIED,,,QUALIFIED,-84.41739256,39.1283191900299,,MOUNT LOOKOUT,MOUNT LOOKOUT,382868
a0F4W00000bJMKGUA4,7 ELMHURST PL,04/25/2023 12:00:00 AM,NEW,1542110,15,652819.79320551,PLATINUM,04/25/2023 12:00:00 AM,,QUALIFIED,-84.46293233,39.1302454700299,,HYDE PARK,HYDE PARK,2376973
a0F4W00000bJMKPUA4,879 ZAN CT,09/06/2022 12:00:00 AM,REHAB,275000,10,77610.30585,NOT CERTIFIED,,,QUALIFIED,-84.42485294,39.1262020200299,,MOUNT LOOKOUT,MOUNT LOOKOUT,318665
a0F4W00000bJNauUAG,6621 BUCKINGHAM PL,01/17/2023 12:00:00 AM,REHAB,165000,10,46566.18351,NOT CERTIFIED,,,QUALIFIED,-84.38253482,39.1556008300299,,MADISONVILLE,MADISONVILLE,125000
a0F4W00000bJNazUAG,1841 WALKER ST,03/16/2023 12:00:00 AM,REHAB,89600,10,25286.8487424,NOT CERTIFIED,,,QUALIFIED,-84.50966586,39.1158614900299,,MOUNT AUBURN,MOUNT AUBURN,127302.69
a0F4W00000bJNb9UAG,3226 LINWOOD AV,12/27/2021 12:00:00 AM,NEW,562000,15,237910.864842,GOLD,06/05/2023 12:00:00 AM,,QUALIFIED,-84.42959185,39.1278881500299,,MOUNT LOOKOUT,MOUNT LOOKOUT,760000
a0F4W00000bJNcMUAW,1364 BURDETTE AV,02/06/2023 12:00:00 AM,NEW,275000,10,77610.30585,,,,QUALIFIED,-84.47973581,39.1281960200299,,EAST WALNUT HILLS,EAST WALNUT HILLS,346389.37
a0F4W00000bJNdFUAW,6205 CHANDLER ST,01/23/2023 12:00:00 AM,NEW,275000,10,77610.30585,NOT CERTIFIED,,,QUALIFIED,-84.38919436,39.1632151400299,,MADISONVILLE,MADISONVILLE,388657
a0F4W00000bJNhMUAW,3083 WALWORTH AV,09/19/2022 12:00:00 AM,NEW,562000,15,237910.864842,GOLD,06/08/2023 12:00:00 AM,,QUALIFIED,-84.44627915,39.1203397100299,,EAST END,EAST END,1237265
a0F4W00000bJNhRUAW,120 MULBERRY ST,02/03/2023 12:00:00 AM,NEW,285140,15,120708.01423674,GOLD,12/28/2023 12:00:00 AM,,QUALIFIED,-84.51374072,39.1168862700299,,OVER-THE-RHINE,MOUNT AUBURN,531000
a0F4W00000bJNhbUAG,1895 RIVERSIDE DR,12/20/2021 12:00:00 AM,NEW,1967880,15,833060.55641508,PLATINUM,09/05/2023 12:00:00 AM,,QUALIFIED,-84.47881906,39.1195947500299,,EAST END,EAST END,2496252
a0F4W00000bJNwEUAW,2810 EUCLID AV,11/18/2022 12:00:00 AM,REHAB,204590,10,57739.24535946,SILVER,11/18/2022 12:00:00 AM,,QUALIFIED,-84.50735902,39.1320399400299,,CORRYVILLE,CORRYVILLE,412677
a0F4W00000bJNwJUAW,26 W FIFTEENTH ST,03/08/2023 12:00:00 AM,REHAB,209510,10,59127.76428594,NOT CERTIFIED,,,QUALIFIED,-84.516996804878,39.1116244390244,,OVER-THE-RHINE,N/A,208884
a0F4W00000bJNwiUAG,1324 DUNCAN AV,11/04/2022 12:00:00 AM,REHAB,5070,10,1430.85182058,NOT CERTIFIED,,,QUALIFIED,-84.43509858,39.1356170600299,,HYDE PARK,HYDE PARK,42013
a0F4W00000bJNyFUAW,1426 PULLAN AV,11/18/2022 12:00:00 AM,REHAB,299000,10,84383.568906,NOT CERTIFIED,,,QUALIFIED,-84.53536537,39.1660830600299,,NORTHSIDE,NORTHSIDE,215049
a0F4W00000bJO2rUAG,2345 KENTON ST,12/23/2021 12:00:00 AM,REHAB,167190,10,47184.24376386,NOT CERTIFIED,,,QUALIFIED,-84.4945915,39.1243108100299,,WALNUT HILLS,WALNUT HILLS,5100
a0F4W00000bJO3aUAG,3884 ITALEY LANE CLEVES OH,02/23/2023 12:00:00 AM,REHAB,,10,,NOT CERTIFIED,,,QUALIFIED,-84.5124602,39.1014537,,OAKLEY,N/A,205206
a0F4W00000bJO6eUAG,3034 MARSHALL AV,01/20/2022 12:00:00 AM,REHAB,215660,10,60863.41294404,NOT CERTIFIED,,,QUALIFIED,-84.52594355,39.1372065700299,,CUF,CUF,200000
a0F4W00000bJO6jUAG,3063 HENSHAW AV,12/30/2022 12:00:00 AM,REHAB,140570,10,39671.56615758,NOT CERTIFIED,,,QUALIFIED,-84.53756164,39.1398520200299,,CAMP WASHINGTON,CAMP WASHINGTON,138617
a0F4W00000bJODpUAO,2194 VICTORY PKWY,12/27/2022 12:00:00 AM,REHAB,275000,10,77610.30585,NOT CERTIFIED,,,QUALIFIED,-84.48599949,39.1199277400299,,EAST WALNUT HILLS,EAST WALNUT HILLS,417011
a0F4W00000bJODuUAO,1320 APJONES ST,04/25/2023 12:00:00 AM,NEW,372740,15,157791.62946834,SILVER,04/25/2023 12:00:00 AM,,QUALIFIED,-84.53380107,39.1652047600299,,NORTHSIDE,NORTHSIDE,444900
a0F4W00000bJOE4UAO,3064 VICTORIA AV,12/29/2022 12:00:00 AM,REHAB,858010,10,242146.97644494,PLATINUM,12/29/2022 12:00:00 AM,,QUALIFIED,-84.43027057,39.1426250500299,,HYDE PARK,HYDE PARK,1954206
a0F4W00000boTCRUA2,3161 GOLDEN AV,12/16/2022 12:00:00 AM,REHAB,179700,10,50714.8071318,NOT CERTIFIED,,,QUALIFIED,-84.44495817,39.1219389300299,,COLUMBIA-TUSCULUM,COLUMBIA TUSCULUM,259321
a0F4W00000boTCbUAM,3755 DRAKEWOOD DR,12/14/2022 12:00:00 AM,NEW,1020770,15,432121.48310457,PLATINUM,02/26/2024 12:00:00 AM,,QUALIFIED,-84.43424217,39.1462583200299,,OAKLEY,OAKLEY,1197670
a0F4W00000boTD0UAM,3757 DRAKEWOOD DR,12/14/2022 12:00:00 AM,NEW,952880,15,403381.68130008,PLATINUM,02/26/2024 12:00:00 AM,,QUALIFIED,-84.4342485,39.1464013500299,,OAKLEY,OAKLEY,1127670
a0F4W00000boTD5UAM,307 1/2 SEITZ ST,02/17/2023 12:00:00 AM,NEW,913590,15,386749.08720819,PLATINUM,12/27/2023 12:00:00 AM,,QUALIFIED,-84.51151864,39.1154852800299,,MOUNT AUBURN,MOUNT AUBURN,830000
a0F4W00000boTDPUA2,3518 ST CHARLES PL,03/27/2023 12:00:00 AM,REHAB,97210,10,27434.53756974,NOT CERTIFIED,,,QUALIFIED,-84.43795671,39.1398027200299,,HYDE PARK,HYDE PARK,110121.45
a0F4W00000boTENUA2,3512 MONTEITH AV,03/27/2023 12:00:00 AM,REHAB,,10,,NOT CERTIFIED,,,QUALIFIED,-84.5124602,39.1014537,,HYDE PARK,N/A,144326
a0F4W00000boTFRUA2,2570 MADISON RD 22,05/24/2023 12:00:00 AM,NEW,,15,,GOLD,05/29/2023 12:00:00 AM,,QUALIFIED,-84.5124602,39.1014537,,OAKLEY,N/A,443199
a0F4W00000boTFSUA2,2570 MADISON RD 22,05/24/2023 12:00:00 AM,NEW,,15,,GOLD,05/29/2023 12:00:00 AM,,QUALIFIED,-84.5124602,39.1014537,,OAKLEY,N/A,443199
a0F4W00000boTGAUA2,2570 MADISON RD 22,05/24/2023 12:00:00 AM,NEW,,15,,GOLD,05/29/2023 12:00:00 AM,,QUALIFIED,-84.5124602,39.1014537,,OAKLEY,N/A,443198
a0F4W00000boTGBUA2,2570 MADISON RD 22,05/24/2023 12:00:00 AM,NEW,,15,,GOLD,05/29/2023 12:00:00 AM,,QUALIFIED,-84.5124602,39.1014537,,OAKLEY,N/A,443198
a0F4W00000boTHVUA2,1137 HERSCHEL AV,04/03/2023 12:00:00 AM,REHAB,20330,10,5737.51824702,NOT CERTIFIED,,,QUALIFIED,-84.42383644,39.1278386500299,,MOUNT LOOKOUT,MOUNT LOOKOUT,253274
a0F4W00000boTJnUAM,1646 JONATHAN AV,03/17/2023 12:00:00 AM,NEW,113230,15,47933.53598943,GOLD,10/12/2023 12:00:00 AM,,QUALIFIED,-84.47246736,39.1427689300299,,EVANSTON,EVANSTON,146068
a0F4W00000boUj2UAE,1644 JONATHAN AV,03/17/2023 12:00:00 AM,NEW,113230,15,47933.53598943,GOLD,01/11/2024 12:00:00 AM,,QUALIFIED,-84.47256794,39.1427966000299,,EVANSTON,EVANSTON,141052
a0F4W00000boUjRUAU,1327 KNOWLTON ST,03/21/2023 12:00:00 AM,NEW,275000,10,77610.30585,NOT CERTIFIED,,,QUALIFIED,-84.53371305,39.1612805700299,,NORTHSIDE,NORTHSIDE,513141
a0F4W00000boUjWUAU,1945 HEWITT AV,03/07/2023 12:00:00 AM,NEW,275000,10,77610.30585,NOT CERTIFIED,,,QUALIFIED,-84.46604906,39.1368012000299,,EVANSTON,EVANSTON,340000
a0F4W00000boUjbUAE,1927 HEWITT AV,03/07/2023 12:00:00 AM,NEW,275000,10,77610.30585,NOT CERTIFIED,,,QUALIFIED,-84.46685872,39.1368517300299,,EVANSTON,EVANSTON,340000
a0F4W00000boUjcUAE,1140 FORT VIEW PL,03/09/2023 12:00:00 AM,NEW,882610,15,373634.35661601,PLATINUM,,,QUALIFIED,-84.49428272,39.1089092100299,,MOUNT ADAMS,MOUNT ADAMS,1395397
a0F4W00000boUk0UAE,1325 KNOWLTON ST,03/21/2023 12:00:00 AM,NEW,275000,10,77610.30585,NOT CERTIFIED,,,QUALIFIED,-84.53361777,39.1612795000299,,NORTHSIDE,NORTHSIDE,513141
a0F4W00000boUoWUAU,1323 KNOWLTON ST,03/22/2023 12:00:00 AM,NEW,275000,10,77610.30585,NOT CERTIFIED,,,QUALIFIED,-84.53353684,39.1612864100299,,NORTHSIDE,NORTHSIDE,513141
a0F4W00000boUpUUAU,309 SEITZ ST,03/27/2023 12:00:00 AM,NEW,275000,15,116415.458775,PLATINUM,03/27/2024 12:00:00 AM,,QUALIFIED,-84.51143737,39.1154850200299,,MOUNT AUBURN,MOUNT AUBURN,860000
a0F4W00000boUpeUAE,3353 EVERSON AV,03/28/2023 12:00:00 AM,NEW,200000,10,56443.8588,,,,QUALIFIED,-84.42331468,39.1500350800299,,OAKLEY,OAKLEY,414485.95
a0F4W00000boUpjUAE,4139 LAKEMAN ST,04/03/2023 12:00:00 AM,NEW,200000,10,56443.8588,NOT CERTIFIED,,,QUALIFIED,-84.54442093,39.1622827500299,,NORTHSIDE,NORTHSIDE,271934
a0F4W00000boUpyUAE,1715 MAIN ST,04/18/2023 12:00:00 AM,NEW,472910,15,200196.48948831,PLATINUM,04/18/2023 12:00:00 AM,,QUALIFIED,-84.51234254,39.1149010300299,,MOUNT AUBURN,MOUNT AUBURN,503455.59
a0F4W00000boUq3UAE,3542 BURCH AV,01/26/2023 12:00:00 AM,REHAB,200000,10,56443.8588,NOT CERTIFIED,,,QUALIFIED,-84.44669716,39.1415970900299,,HYDE PARK,HYDE PARK,407749
a0F4W00000boUqNUAU,6229 ROBISON RD,05/04/2023 12:00:00 AM,REHAB,0,10,0,NOT CERTIFIED,,,QUALIFIED,-84.41923897,39.1838662600299,,KENNEDY HEIGHTS,PLEASANT RIDGE,165000
a0F4W00000boUraUAE,104 W 64TH ST,07/21/2022 12:00:00 AM,REHAB,163500,10,46142.854569,NOT CERTIFIED,,,QUALIFIED,-84.48777667,39.1897778000298,,CARTHAGE,CARTHAGE,196000
a0F4W00000boVTjUAM,2138 ST JAMES AV,12/14/2022 12:00:00 AM,REHAB,300000,10,84665.7882,,,,QUALIFIED,-84.49036987,39.1195667000299,,WALNUT HILLS,WALNUT HILLS,464702
a0F4W00000boVriUAE,2004 CRANE AV,01/11/2023 12:00:00 AM,REHAB,152910,10,43154.15224554,NOT CERTIFIED,,,QUALIFIED,-84.46404623,39.1404679600299,,EVANSTON,EVANSTON,154335
a0F4W00000boVrnUAE,PO BOX 507 NORTH BEND OH,02/16/2023 12:00:00 AM,REHAB,,10,,NOT CERTIFIED,,,QUALIFIED,-84.5124602,39.1014537,,MADISONVILLE,N/A,190980
a0F4W00000boVrsUAE,9 FILSON PL,03/08/2023 12:00:00 AM,REHAB,275000,10,77610.30585,NOT CERTIFIED,,,QUALIFIED,-84.49814676,39.1060397400299,,MOUNT ADAMS,MOUNT ADAMS,456334
a0F4W00000boVrxUAE,PO BOX 507 NORTH BEND OH,03/08/2023 12:00:00 AM,REHAB,,10,,NOT CERTIFIED,,,QUALIFIED,-84.5124602,39.1014537,,MADISONVILLE,N/A,183266
a0F4W00000boVryUAE,10600 CINDERELLA DR,04/20/2023 12:00:00 AM,ADDITION,,0,,NOT CERTIFIED,,,QUALIFIED,-84.5124602,39.1014537,,MADISONVILLE,N/A,154333
a0F4W00000boVslUAE,5725 BRAMBLE AV,04/20/2023 12:00:00 AM,REHAB,104080,10,29373.38411952,NOT CERTIFIED,,,QUALIFIED,-84.39684039,39.1517975800299,,MADISONVILLE,MADISONVILLE,198613
a0F4W00000boVt0UAE,3636 RAVENWOOD AV,04/20/2023 12:00:00 AM,REHAB,69620,10,19648.10724828,NOT CERTIFIED,,,QUALIFIED,-84.41261257,39.1838205300299,,KENNEDY HEIGHTS,KENNEDY HEIGHTS,166829
a0F4W00000boVtAUAU,3065 WALWORTH AV,04/26/2023 12:00:00 AM,NEW,562000,15,237910.864842,GOLD,04/26/2023 12:00:00 AM,,QUALIFIED,-84.44664016,39.1205176500299,,EAST END,EAST END,1120000
a0F4W00000boVtFUAU,3644 WERK RD,04/28/2022 12:00:00 AM,REHAB,,10,,NOT CERTIFIED,,,QUALIFIED,-84.5124602,39.1014537,,COLLEGE HILL,N/A,200000
a0F4W00000boVtKUAU,1544 RUTH AV,05/03/2023 12:00:00 AM,REHAB,300000,10,84665.7882,NOT CERTIFIED,,,QUALIFIED,-84.47702834,39.1393289300299,,EVANSTON,EVANSTON,217100
a0F4W00000boW00UAE,4580 COLERAIN AV,05/03/2023 12:00:00 AM,NEW,275000,10,77610.30585,,,,QUALIFIED,-84.5566045,39.1693967100299,,MOUNT AIRY,MOUNT AIRY,495642.8
a0F4W00000boW0KUAU,3132 ESTHER DR,05/03/2023 12:00:00 AM,REHAB,,10,,NOT CERTIFIED,,,QUALIFIED,-84.5124602,39.1014537,,KENNEDY HEIGHTS,N/A,246422
a0F4W00000boW0yUAE,1318 APJONES ST,05/05/2023 12:00:00 AM,NEW,385840,15,163337.23859544,GOLD,04/25/2023 12:00:00 AM,,QUALIFIED,-84.5337167,39.1652273900299,,NORTHSIDE,NORTHSIDE,458000
a0F4W00000boW18UAE,6119 NAVARRE PL,05/11/2023 12:00:00 AM,REHAB,136350,10,38480.6007369,NOT CERTIFIED,,,QUALIFIED,-84.39017779,39.1567845400299,,MADISONVILLE,MADISONVILLE,257324
a0F4W00000boW19UAE,6107 NAVARRE PL,05/11/2023 12:00:00 AM,REHAB,196650,10,55498.4241651,NOT CERTIFIED,,,QUALIFIED,-84.3906342,39.1568229700299,,MADISONVILLE,MADISONVILLE,233778
a0F4W00000boW1DUAU,5814 MONTGOMERY RD,05/11/2023 12:00:00 AM,NEW,275000,15,116415.458775,GOLD,09/26/2023 12:00:00 AM,,QUALIFIED,-84.43599616,39.1785216600299,,PLEASANT RIDGE,PLEASANT RIDGE,502533
a0F4W00000boW21UAE,2906 OBSERVATORY AV,05/12/2023 12:00:00 AM,REHAB,67230,10,18973.60313562,NOT CERTIFIED,,,QUALIFIED,-84.43531877,39.1373133400299,,HYDE PARK,HYDE PARK,156942
a0F4W00000boW2BUAU,6454 TIMBERS COURT MASON OH,05/15/2023 12:00:00 AM,REHAB,,10,,NOT CERTIFIED,,,QUALIFIED,-84.5124602,39.1014537,,KENNEDY HEIGHTS,N/A,82400
a0F4W00000boW6FUAU,6123 TULANE RD,05/15/2023 12:00:00 AM,ADDITION,161450,0,0,NOT CERTIFIED,,,QUALIFIED,-84.43740849,39.1790205200299,,PLEASANT RIDGE,PLEASANT RIDGE,325159
a0F4W00000boW6eUAE,6613 AMBAR AV,05/15/2023 12:00:00 AM,NEW,,10,,NOT CERTIFIED,,,QUALIFIED,-84.5124602,39.1014537,,MOUNT WASHINGTON,N/A,206531
a0F4W00000boW6jUAE,534 GRAND AV,05/16/2023 12:00:00 AM,REHAB,136430,10,38503.17828042,NOT CERTIFIED,,,QUALIFIED,-84.5612014,39.1016637700299,,EAST PRICE HILL,EAST PRICE HILL,56000
a0F4W00000boW6tUAE,PO BOX 507 NORTH BEND OH,05/17/2023 12:00:00 AM,REHAB,,10,,NOT CERTIFIED,,,QUALIFIED,-84.5124602,39.1014537,,KENNEDY HEIGHTS,N/A,186593
a0F4W00000boW6yUAE,PO BOX 507 NORTH BEND OH,05/17/2023 12:00:00 AM,REHAB,,10,,NOT CERTIFIED,,,QUALIFIED,-84.5124602,39.1014537,,KENNEDY HEIGHTS,N/A,175508
a0F4W00000boW73UAE,3980 ROSE HILL AV,05/17/2023 12:00:00 AM,REHAB,300000,10,84665.7882,NOT CERTIFIED,,,QUALIFIED,-84.48200356,39.1561546800299,,NORTH AVONDALE,NORTH AVONDALE,259997
a0F4W00000boW7DUAU,3334 ALICEMONT AV,05/23/2023 12:00:00 AM,REHAB,150000,10,42332.8941,NOT CERTIFIED,,,QUALIFIED,-84.42204004,39.1495253100299,,OAKLEY,OAKLEY,40105
a0F4W00000boW7IUAU,788 LUDLOW AV,05/31/2023 12:00:00 AM,REHAB,48480,10,13681.99137312,NOT CERTIFIED,,,QUALIFIED,-84.53126305,39.1476006900299,,CLIFTON,CLIFTON,58367
a0F4W00000boXaLUAU,518 HALE AV,05/11/2023 12:00:00 AM,NEW,152710,10,43097.70838674,NOT CERTIFIED,,,QUALIFIED,-84.49732062,39.1405245100299,,AVONDALE,AVONDALE,327782
a0F4W00000boXaVUAU,520 HALE AV,05/11/2023 12:00:00 AM,NEW,152710,10,43097.70838674,NOT CERTIFIED,,,QUALIFIED,-84.49725883,39.1405255800299,,AVONDALE,AVONDALE,327872
a0F4W00000boXauUAE,522 HALE AV,05/11/2023 12:00:00 AM,NEW,152710,10,43097.70838674,NOT CERTIFIED,,,QUALIFIED,-84.49719752,39.1405237800299,,AVONDALE,AVONDALE,327782
a0F4W00000boXazUAE,524 HALE AV,05/11/2023 12:00:00 AM,NEW,152710,10,43097.70838674,NOT CERTIFIED,,,QUALIFIED,-84.49713384,39.1405229800299,,AVONDALE,AVONDALE,327782
a0F4W00000boXbYUAU,526 HALE AV,05/11/2023 12:00:00 AM,NEW,152710,10,43097.70838674,NOT CERTIFIED,,,QUALIFIED,-84.49707257,39.1405211800299,,AVONDALE,AVONDALE,327782
a0F4W00000boXbdUAE,528 HALE AV,05/11/2023 12:00:00 AM,NEW,152710,10,43097.70838674,NOT CERTIFIED,,,QUALIFIED,-84.49700881,39.1405189200299,,AVONDALE,AVONDALE,327782
a0F4W00000boXbxUAE,530 HALE AVE,05/11/2023 12:00:00 AM,NEW,152710,10,43097.70838674,NOT CERTIFIED,,,QUALIFIED,-84.496824,39.140388,,AVONDALE,N/A,327782
a0F4W00000boXc2UAE,530 HALE AVE,05/11/2023 12:00:00 AM,NEW,152710,10,43097.70838674,NOT CERTIFIED,,,QUALIFIED,-84.496824,39.140388,,AVONDALE,N/A,327782
a0F4W00000boXc7UAE,3936 FEEMSTER ST,09/19/2022 12:00:00 AM,NEW,562000,15,237910.864842,GOLD,06/30/2023 12:00:00 AM,,QUALIFIED,-84.43292219,39.1103827400299,,EAST END,COLUMBIA TUSCULUM,768522
a0F4W00000cMNhZUAW,133 W ELDER ST,09/06/2023 12:00:00 AM,REHAB,275000,10,77610.30585,NOT CERTIFIED,,,QUALIFIED,-84.51958522,39.1149485500299,,OVER-THE-RHINE,OTR,236305
a0F4W00000cMNiXUAW,3657 COLUMBUS AVE,09/13/2023 12:00:00 AM,NEW,487180,15,206237.39347638,PLATINUM,09/13/2023 12:00:00 AM,,QUALIFIED,-84.4356166252109,39.1439632137423,,HYDE PARK,N/A,671569
a0F4W00000cMOBeUAO,1756 CHASE AV,12/30/2022 12:00:00 AM,REHAB,107470,10,30330.10752618,NOT CERTIFIED,,,QUALIFIED,-84.54653245,39.1645856000299,,NORTHSIDE,NORTHSIDE,72038
a0F4W00000cMOSGUA4,403 TORRENCE CT,10/18/2023 12:00:00 AM,NEW,706070,15,298899.86537187,PLATINUM,,,QUALIFIED,-84.46251535,39.1255140500299,,EAST WALNUT HILLS,HYDE PARK,1790944
a0F4W00000cMPOGUA4,6766 KEN ARBRE DR,08/15/2023 12:00:00 AM,REHAB,,10,,NOT CERTIFIED,,,QUALIFIED,-84.5124602,39.1014537,,PLEASANT RIDGE,N/A,220000
a0F4W00000cMPXcUAO,1176 ELM PARK DR,10/05/2023 12:00:00 AM,NEW,275000,10,77610.30585,NOT CERTIFIED,,,QUALIFIED,-84.47789414,39.1842939500299,,BOND HILL,BOND HILL,350000
a0F4W00000cMPhhUAG,2811 ASHLAND AV,09/20/2023 12:00:00 AM,REHAB,130800,10,36914.2836552,NOT CERTIFIED,,,QUALIFIED,-84.48229009,39.1299537900299,,WALNUT HILLS,WALNUT HILLS,205200
a0F4W00000cMQIPUA4,287 BODMANN AV,08/28/2023 12:00:00 AM,REHAB,0,10,0,NOT CERTIFIED,,,QUALIFIED,-84.50535679,39.1182638200299,,MOUNT AUBURN,MOUNT AUBURN,104800
a0F4W00000cMQIyUAO,4134 WITLER ST,10/06/2023 12:00:00 AM,REHAB,211680,10,59740.18015392,NOT CERTIFIED,,,QUALIFIED,-84.54493407,39.1622483600299,,NORTHSIDE,NORTHSIDE,101352
a0F4W00000cMQKzUAO,3816 LLEWELLYN AV,09/27/2023 12:00:00 AM,REHAB,68420,10,19309.44409548,NOT CERTIFIED,,,QUALIFIED,-84.54899578,39.1564115200299,,SOUTH CUMMINSVILLE,SOUTH CUMMINSVILLE,37197
a0F4W00000cMRMmUAO,2023 FAIRFAX AVE,07/12/2022 12:00:00 AM,REHAB,98530,10,27807.06703782,NOT CERTIFIED,,,QUALIFIED,-84.463414525883,39.1347232082098,,EVANSTON,N/A,37219
a0F4W00000cMRUCUA4,2023 FAIRFAX AVE,07/12/2022 12:00:00 AM,REHAB,103390,10,29178.65280666,NOT CERTIFIED,,,QUALIFIED,-84.463414525883,39.1347232082098,,EVANSTON,N/A,37219
a0F4W00000cMRUgUAO,6277 SAVANNAH AV,10/13/2023 12:00:00 AM,REHAB,213630,10,60290.50777722,NOT CERTIFIED,,,QUALIFIED,-84.55418045,39.2061059400299,,COLLEGE HILL,COLLEGE HILL,90000
a0F4W00000cMRUlUAO,5725 ADELPHI ST,10/23/2023 12:00:00 AM,NEW,0,10,0,NOT CERTIFIED,,,QUALIFIED,-84.39672701,39.1527197000299,,MADISONVILLE,MADISONVILLE,272971
a0F4W00000cMS9HUAW,1315 CAROLINA AV,10/26/2023 12:00:00 AM,NEW,,10,,NOT CERTIFIED,,,QUALIFIED,-84.5124602,39.1014537,,BOND HILL,N/A,182000
a0F4W00000cMUEGUA4,1538 ST LEGER PL,10/02/2023 12:00:00 AM,REHAB,146830,10,41438.25893802,NOT CERTIFIED,,,QUALIFIED,-84.47779033,39.1384730900299,,EVANSTON,EVANSTON,277000
a0F4W00000cMUELUA4,PO BOX 507 NORTH BEND OH,06/16/2023 12:00:00 AM,REHAB,,10,,NOT CERTIFIED,,,QUALIFIED,-84.5124602,39.1014537,,MOUNT LOOKOUT,N/A,202236
a0F4W00000cMUEQUA4,3766 DRAKEWOOD DR,10/27/2023 12:00:00 AM,NEW,788990,15,334002.30115959,PLATINUM,12/05/2023 12:00:00 AM,,QUALIFIED,-84.43368702,39.1466578800299,,OAKLEY,OAKLEY,1345000
a0F4W00000cMUEVUA4,3512 HUDSON AV,10/31/2023 12:00:00 AM,NEW,127890,10,36093.02550966,NOT CERTIFIED,,,QUALIFIED,-84.46756862,39.1418567400299,,EVANSTON,EVANSTON,350000
a0F4W00000cMY36UAG,3313 MONTEITH AV,05/10/2023 12:00:00 AM,NEW,,10,,NOT CERTIFIED,,,QUALIFIED,-84.5124602,39.1014537,,HYDE PARK,N/A,510874
a0F4W00000cMYXuUAO,PO BOX 507 NORTH BEND OH,10/23/2023 12:00:00 AM,REHAB,,10,,NOT CERTIFIED,,,QUALIFIED,-84.5124602,39.1014537,,AVONDALE,N/A,233211
a0F4W00000cMZzDUAW,330 GLENWOOD AV,09/07/2023 12:00:00 AM,REHAB,,10,,NOT CERTIFIED,,,QUALIFIED,-84.5124602,39.1014537,,AVONDALE,N/A,31075
a0F4W00000cMZzIUAW,3432 FERNSIDE PL,10/31/2023 12:00:00 AM,REHAB,139100,10,39256.7037954,NOT CERTIFIED,,,QUALIFIED,-84.47661446,39.1410650700299,,EVANSTON,EVANSTON,325000
a0F4W00000cMaE3UAK,1607 JONATHAN AV,10/27/2023 12:00:00 AM,REHAB,0,10,0,NOT CERTIFIED,,,QUALIFIED,-84.47484836,39.1425688000299,,EVANSTON,EVANSTON,168102
a0F4W00000cMaE8UAK,622 EVANSWOOD PLACE,08/18/2023 12:00:00 AM,REHAB,,10,,NOT CERTIFIED,,,QUALIFIED,-84.5124602,39.1014537,,HYDE PARK,N/A,47588
a0F4W00000cMaEDUA0,1312 DUNCAN AV,08/28/2023 12:00:00 AM,REHAB,55080,10,15544.63871352,NOT CERTIFIED,,,QUALIFIED,-84.43494668,39.1350176100299,,HYDE PARK,HYDE PARK,124132
a0F4W00000cMaEcUAK,2819 INVERNESS PL,10/30/2023 12:00:00 AM,REHAB,200000,10,56443.8588,NOT CERTIFIED,,,QUALIFIED,-84.43836644,39.1487166300299,,OAKLEY,OAKLEY,81083
a0F4W00000cMdyZUAS,987 MARION AV,10/06/2023 12:00:00 AM,REHAB,270330,10,76292.34174702,NOT CERTIFIED,,,QUALIFIED,-84.48094931,39.1511507900299,,NORTH AVONDALE,NORTH AVONDALE,180941
a0F4W00000cMdyeUAC,270 NORTHLAND BOULEVARD,10/23/2023 12:00:00 AM,REHAB,,10,,NOT CERTIFIED,,,QUALIFIED,-84.5124602,39.1014537,,AVONDALE,N/A,127837
a0F4W00000cMfWVUA0,1637 COOPER ST,10/31/2023 12:00:00 AM,REHAB,76440,10,21572.84283336,NOT CERTIFIED,,,QUALIFIED,-84.54174299,39.1576011900299,,NORTHSIDE,NORTHSIDE,150055
a0F4W00000cMj5FUAS,PO BOX 507 NORTH BEND OH,08/14/2023 12:00:00 AM,REHAB,,10,,NOT CERTIFIED,,,QUALIFIED,-84.5124602,39.1014537,,EVANSTON,N/A,224124
a0F4W00000cMj5KUAS,8190 BEECHMONT AV 350,06/30/2023 12:00:00 AM,REHAB,,10,,NOT CERTIFIED,,,QUALIFIED,-84.5124602,39.1014537,,COLUMBIA-TUSCULUM,N/A,170025
a0F4W00000cMj5PUAS,2934 GOLDEN AV,04/06/2023 12:00:00 AM,REHAB,275000,10,77610.30585,NOT CERTIFIED,,,QUALIFIED,-84.44823448,39.1230606000299,,COLUMBIA-TUSCULUM,COLUMBIA TUSCULUM,734505
a0F4W00000cMjvhUAC,8730 BECKYS RIDGE DR,10/11/2023 12:00:00 AM,REHAB,,10,,NOT CERTIFIED,,,QUALIFIED,-84.5124602,39.1014537,,WALNUT HILLS,N/A,148652
a0F4W00000cMjvwUAC,321 HELEN ST,10/30/2023 12:00:00 AM,REHAB,0,10,0,NOT CERTIFIED,,,QUALIFIED,-84.50285071,39.1236435600299,,MOUNT AUBURN,MOUNT AUBURN,145000
a0F4W00000cMk6uUAC,5740 SANCTUARY PL,12/15/2021 12:00:00 AM,NEW,291150,15,123252.22117215,PLATINUM,12/12/2023 12:00:00 AM,,QUALIFIED,-84.43114343,39.0678063800299,,CALIFORNIA,CALIFORNIA,714386
a0F4W00000cMqnBUAS,2809 ASHLAND AV,10/03/2023 12:00:00 AM,REHAB,0,10,0,NOT CERTIFIED,,,QUALIFIED,-84.48231435,39.1298888300299,,WALNUT HILLS,WALNUT HILLS,198167
a0F4W00000cMqnVUAS,2009 FREELAND AV,10/11/2022 12:00:00 AM,REHAB,140000,10,39510.70116,NOT CERTIFIED,,,QUALIFIED,-84.46075959,39.1311529300299,,HYDE PARK,HYDE PARK,65056
a0F4W00000cMqnaUAC,1116 PAXTON AV,06/14/2023 12:00:00 AM,REHAB,,10,,NOT CERTIFIED,,,QUALIFIED,-84.5124602,39.1014537,,MOUNT LOOKOUT,N/A,129771
a0F4W00000cMqnkUAC,2721 ATLANTIC AV,10/30/2023 12:00:00 AM,REHAB,126150,10,35601.9639381,NOT CERTIFIED,,,QUALIFIED,-84.44140773,39.1494185000299,,OAKLEY,OAKLEY,258419
a0F4W00000cMrprUAC,3067 SIDNEY AV,03/13/2023 12:00:00 AM,REHAB,213150,10,60155.0425161,NOT CERTIFIED,,,QUALIFIED,-84.53657891,39.1402340000299,,CAMP WASHINGTON,CAMP WASHINGTON,220000
a0F4W00000cMsv2UAC,732 GREENWOOD AV,09/25/2023 12:00:00 AM,NEW,275000,10,77610.30585,NOT CERTIFIED,,,QUALIFIED,-84.48801066,39.1533565900299,,AVONDALE,AVONDALE - NORTH AVONDALE,827615
a0F4W00000cMsv7UAC,1250 WEST OHIO PIKE,08/24/2023 12:00:00 AM,REHAB,,10,,NOT CERTIFIED,,,QUALIFIED,-84.5124602,39.1014537,,MADISONVILLE,N/A,54930
a0F4W00000cMuR5UAK,3439 WABASH AV,02/15/2023 12:00:00 AM,REHAB,200000,10,56443.8588,NOT CERTIFIED,,,QUALIFIED,-84.46474763,39.1397854200299,,EVANSTON,EVANSTON,265400
a0F4W00000cMuRKUA0,1941 KINNEY AV,09/08/2023 12:00:00 AM,REHAB,228290,10,64427.84262726,NOT CERTIFIED,,,QUALIFIED,-84.46638843,39.1357971600299,,EVANSTON,EVANSTON,283940
a0F4W00000cMuRoUAK,728 BURNS ST,10/26/2023 12:00:00 AM,REHAB,,10,,NOT CERTIFIED,,,QUALIFIED,-84.5124602,39.1014537,,LOWER PRICE HILL,N/A,160458
a0F4W00000cMuRtUAK,2134 SAINT MICHAEL ST,10/11/2023 12:00:00 AM,REHAB,,10,,NOT CERTIFIED,,,QUALIFIED,-84.5124602,39.1014537,,LOWER PRICE HILL,N/A,266417
a0F4W00000cMvb1UAC,1910 CRANE AV,10/02/2023 12:00:00 AM,REHAB,,10,,NOT CERTIFIED,,,QUALIFIED,-84.5124602,39.1014537,,EVANSTON,N/A,20397
a0F4W00000cMw8yUAC,1405 WALNUT ST,09/27/2023 12:00:00 AM,REHAB,236490,10,66742.04083806,NOT CERTIFIED,,,QUALIFIED,-84.51402797,39.1113093800299,,OVER-THE-RHINE,OTR,278650
a0F4W00000cN1kcUAC,2967 DOUGLAS TER,10/12/2023 12:00:00 AM,REHAB,,10,,NOT CERTIFIED,,,QUALIFIED,-84.5124602,39.1014537,,PLEASANT RIDGE,N/A,327856
a0F4W00000dizvZUAQ,3469 EVANSTON AV,08/22/2023 12:00:00 AM,REHAB,230950,10,65178.5459493,NOT CERTIFIED,,,QUALIFIED,-84.46357714,39.1409081700299,,EVANSTON,EVANSTON,106500
a0FE000000D6JgeMAF,1309 CEDAR AV,02/17/2015 12:00:00 AM,NEW,,15,,SILVER,02/01/2015 12:00:00 AM,OWNER-OCCUPIED,QUALIFIED,-84.5124602,39.1014537,,COLLEGE HILL,N/A,75000
a0FE000000El1u1MAB,3208 WALWORTH AV,03/31/2015 12:00:00 AM,NEW,400000,15,169331.5764,SILVER,02/01/2015 12:00:00 AM,OWNER-OCCUPIED,QUALIFIED,-84.44426255,39.1196052400299,,EAST END,COLUMBIA TUSCULUM - EAST END,299000
a0FE000000Em8OmMAJ,6016 GRAND VISTA AV,04/13/2015 12:00:00 AM,REHAB,154120,10,43495.63759128,NOT CERTIFIED,,OWNER-OCCUPIED,QUALIFIED,-84.42173636,39.1811871300299,,PLEASANT RIDGE,PLEASANT RIDGE,79800
a0FE000000EmTTsMAN,3130 VICTORIA AV,04/29/2015 12:00:00 AM,REHAB,156100,10,44054.4317934,NOT CERTIFIED,,OWNER-OCCUPIED,QUALIFIED,-84.42729875,39.1424998200299,,HYDE PARK,HYDE PARK,283600
a0FE000000EmTX7MAN,3709 MARBURG AV,04/27/2015 12:00:00 AM,NEW,275000,10,77610.30585,NOT CERTIFIED,,OWNER-OCCUPIED,QUALIFIED,-84.42218367,39.1442918000299,,OAKLEY,OAKLEY,338000
a0FE000000EmTZhMAN,1432 RACE ST,04/27/2015 12:00:00 AM,REHAB,107530,10,30347.04068382,NOT CERTIFIED,,OWNER-OCCUPIED,QUALIFIED,-84.5169667690284,39.1107798508607,,OVER-THE-RHINE,N/A,99900
a0FE000000EmTapMAF,3465 AULT WOODS LN,04/20/2015 12:00:00 AM,NEW,562000,15,237910.864842,GOLD,03/02/2015 12:00:00 AM,OWNER-OCCUPIED,QUALIFIED,-84.418628,39.1332804700299,,MOUNT LOOKOUT,MOUNT LOOKOUT,562656.42
a0FE000000EmTbsMAF,911 PARADROME ST,04/20/2015 12:00:00 AM,REHAB,275000,10,77610.30585,NOT CERTIFIED,,OWNER-OCCUPIED,QUALIFIED,-84.49868428,39.1100461900299,,MOUNT ADAMS,MOUNT ADAMS,170321.65
a0FE000000EmTelMAF,421 STRAFER ST,04/20/2015 12:00:00 AM,NEW,400000,15,169331.5764,SILVER,02/02/2015 12:00:00 AM,OWNER-OCCUPIED,QUALIFIED,-84.43615004,39.1162642400299,,COLUMBIA-TUSCULUM,COLUMBIA TUSCULUM,431000
a0FE000000EmTfjMAF,1432 RACE ST,04/20/2015 12:00:00 AM,REHAB,136820,10,38613.24380508,NOT CERTIFIED,,OWNER-OCCUPIED,PREVIOUSLY CERTIFIED,-84.5169667690284,39.1107798508607,,OVER-THE-RHINE,N/A,175900
a0FE000000EmTgmMAF,1412 REPUBLIC ST,03/23/2015 12:00:00 AM,REHAB,187750,10,52986.6724485,NOT CERTIFIED,,OWNER-OCCUPIED,QUALIFIED,-84.5161099515808,39.1107236024132,,OVER-THE-RHINE,N/A,207900
a0FE000000EmThQMAV,6016 GRAND VISTA AV,04/13/2015 12:00:00 AM,REHAB,154120,10,43495.63759128,NOT CERTIFIED,,OWNER-OCCUPIED,QUALIFIED,-84.42173636,39.1811871300299,,PLEASANT RIDGE,PLEASANT RIDGE,79800
a0FE000000EmTiiMAF,4319 BEECH HILL AV,03/31/2015 12:00:00 AM,REHAB,224980,10,63493.69676412,NOT CERTIFIED,,OWNER-OCCUPIED,QUALIFIED,-84.53669676,39.1665805300299,,NORTHSIDE,NORTHSIDE,87150
a0FE000000EmTkVMAV,243 GREENDALE AV,03/02/2015 12:00:00 AM,NEW,,10,,NOT CERTIFIED,,OWNER-OCCUPIED,QUALIFIED,-84.5124602,39.1014537,,CLIFTON,N/A,45000
a0FE000000EmTmCMAV,511 TUSCULUM AV,01/28/2015 12:00:00 AM,REHAB,63520,10,17926.56955488,NOT CERTIFIED,,OWNER-OCCUPIED,QUALIFIED,-84.43391185,39.1149960400299,,COLUMBIA-TUSCULUM,COLUMBIA TUSCULUM,250152
a0FE000000EmTnZMAV,2480 GRANDIN RD,02/13/2015 12:00:00 AM,REHAB,318800,10,89971.5109272,NOT CERTIFIED,,OWNER-OCCUPIED,QUALIFIED,-84.44623047,39.1275282500299,,HYDE PARK,HYDE PARK,404305
a0FE000000EmTqJMAV,6176 WOODLARK DR,02/04/2015 12:00:00 AM,REHAB,180640,10,50980.09326816,NOT CERTIFIED,,OWNER-OCCUPIED,QUALIFIED,-84.38857004,39.0775004000299,,MOUNT WASHINGTON,MOUNT WASHINGTON,171029
a0FE000000EmTs5MAF,1412 REPUBLIC ST,03/18/2015 12:00:00 AM,REHAB,187620,10,52949.98394028,NOT CERTIFIED,,RENTAL,QUALIFIED,-84.5161099515808,39.1107236024132,,OVER-THE-RHINE,N/A,205900
a0FE000000EmTuuMAF,1425 REPUBLIC ST,03/19/2015 12:00:00 AM,REHAB,460910,10,130077.69479754,GOLD,02/02/2015 12:00:00 AM,OWNER-OCCUPIED,QUALIFIED,-84.51656621,39.1111853200299,,OVER-THE-RHINE,OTR,422762.64
a0FE000000EmTw2MAF,1618 PULLAN AV,02/25/2015 12:00:00 AM,REHAB,275000,10,77610.30585,NOT CERTIFIED,,OWNER-OCCUPIED,QUALIFIED,-84.54180755,39.1655753400299,,NORTHSIDE,NORTHSIDE,139829
a0FE000000EmTwgMAF,4374 HAMILTON AV,03/06/2015 12:00:00 AM,REHAB,220260,10,62161.62169644,NOT CERTIFIED,,OWNER-OCCUPIED,QUALIFIED,-84.54160034,39.1681800200299,,NORTHSIDE,NORTHSIDE,126997.14
a0FE000000EmTy3MAF,460 STRAFER ST,02/02/2015 12:00:00 AM,NEW,423240,15,179169.74098884,CERTIFIED,09/01/2013 12:00:00 AM,OWNER-OCCUPIED,QUALIFIED,-84.43417619,39.1167888100299,,COLUMBIA-TUSCULUM,COLUMBIA TUSCULUM,300000
a0FE000000EmTzzMAF,2920 EDEN AV,05/01/2015 12:00:00 AM,NEW,166040,15,70289.53736364,SILVER,02/01/2015 12:00:00 AM,OWNER-OCCUPIED,PREVIOUSLY CERTIFIED,-84.50560446,39.1334890400299,,CORRYVILLE,CORRYVILLE,211000
a0FE000000EmXX6MAN,3257 NASH AV,02/23/2015 12:00:00 AM,REHAB,164530,10,46433.54044182,NOT CERTIFIED,,OWNER-OCCUPIED,QUALIFIED,-84.43115065,39.1251058600299,,MOUNT LOOKOUT,MOUNT LOOKOUT,102517.9
a0FE000000EmXXzMAN,3047 LAVINIA AV,03/02/2015 12:00:00 AM,NEW,249890,10,70523.77937766,NOT CERTIFIED,,OWNER-OCCUPIED,QUALIFIED,-84.46049543,39.1343482000299,,HYDE PARK,HYDE PARK,235833
a0FE000000EmXZgMAN,3626 MICHIGAN AV,03/06/2015 12:00:00 AM,REHAB,51300,10,14477.8497822,NOT CERTIFIED,,OWNER-OCCUPIED,QUALIFIED,-84.4410872,39.1433024000299,,HYDE PARK,HYDE PARK,55386.84
a0FE000000EmXxUMAV,2873 OBSERVATORY AV,03/13/2015 12:00:00 AM,REHAB,12830,10,3620.87354202,NOT CERTIFIED,,OWNER-OCCUPIED,QUALIFIED,-84.43571361,39.1369126300299,,HYDE PARK,HYDE PARK,35042
a0FE000000EmXzuMAF,3744 SACHEM AV,03/26/2015 12:00:00 AM,NEW,525320,15,222383.15928612,GOLD,02/01/2015 12:00:00 AM,OWNER-OCCUPIED,QUALIFIED,-84.43210014,39.1138519300299,,COLUMBIA-TUSCULUM,COLUMBIA TUSCULUM,388800
a0FE000000EmY2PMAV,1432 RACE ST,03/23/2015 12:00:00 AM,REHAB,176740,10,49879.43802156,NOT CERTIFIED,,OWNER-OCCUPIED,QUALIFIED,-84.5169667690284,39.1107798508607,,OVER-THE-RHINE,N/A,251900
a0FE000000EmY3rMAF,3051 LAVINIA AV,03/11/2015 12:00:00 AM,NEW,249990,10,70552.00130706,NOT CERTIFIED,,OWNER-OCCUPIED,QUALIFIED,-84.46060149,39.1344621300299,,HYDE PARK,HYDE PARK,231376
a0FE000000EmY6SMAV,3021 COHOON ST,03/30/2015 12:00:00 AM,NEW,263470,15,111534.47608527,GOLD,05/18/2015 12:00:00 AM,OWNER-OCCUPIED,QUALIFIED,-84.46312671,39.1328347800299,,EVANSTON,EVANSTON,235515
a0FE000000EmY89MAF,3118 GRIEST AV,04/02/2015 12:00:00 AM,REHAB,275000,10,77610.30585,NOT CERTIFIED,,OWNER-OCCUPIED,QUALIFIED,-84.42849942,39.1346128600299,,HYDE PARK,HYDE PARK,249090.13
a0FE000000EmYESMA3,1039 PAXTON AV,02/23/2015 12:00:00 AM,REHAB,141010,10,39795.74264694,NOT CERTIFIED,,OWNER-OCCUPIED,QUALIFIED,-84.43501666,39.1307951300299,,MOUNT LOOKOUT,HYDE PARK,138070
a0FE000000EmYFkMAN,3130 LOOKOUT CIR,04/20/2015 12:00:00 AM,REHAB,245350,10,69242.5037829,NOT CERTIFIED,,OWNER-OCCUPIED,QUALIFIED,-84.42873185,39.1290867700299,,MOUNT LOOKOUT,MOUNT LOOKOUT,230665.57
a0FE000000EmYIUMA3,6601 RIPPLEWOOD LN,11/18/2014 12:00:00 AM,REHAB,138820,10,39177.68239308,NOT CERTIFIED,,OWNER-OCCUPIED,QUALIFIED,-84.37377009,39.0935204800299,,MOUNT WASHINGTON,MOUNT WASHINGTON,155000
a0FE000000EmYJhMAN,101 WINKLER ST,04/22/2015 12:00:00 AM,REHAB,14810,10,4179.66774414,NOT CERTIFIED,,OWNER-OCCUPIED,QUALIFIED,-84.51425408,39.1200605400299,,MOUNT AUBURN,MOUNT AUBURN,25050.74
a0FE000000EmYZiMAN,1428 ELM ST,04/30/2015 12:00:00 AM,NEW,400000,15,169331.5764,SILVER,03/01/2015 12:00:00 AM,OWNER-OCCUPIED,PREVIOUSLY CERTIFIED,-84.51859645,39.1110538500299,,OVER-THE-RHINE,OTR,695016
a0FE000000EmZijMAF,726 GRAND AV,03/26/2015 12:00:00 AM,REHAB,91660,10,25868.22048804,NOT CERTIFIED,,RENTAL,QUALIFIED,-84.56106718,39.1044927500299,,WEST PRICE HILL,EAST PRICE HILL,29378
a0FE000000EmZjwMAF,7022 LOCKER CT,04/08/2015 12:00:00 AM,NEW,275000,10,77610.30585,NOT CERTIFIED,,OWNER-OCCUPIED,QUALIFIED,-84.5592255,39.2023751100299,,COLLEGE HILL,COLLEGE HILL,268500
a0FE000000EmZmwMAF,1873 SUNWALK DR,04/02/2015 12:00:00 AM,NEW,130450,10,36815.5069023,NOT CERTIFIED,,OWNER-OCCUPIED,PREVIOUSLY CERTIFIED,-84.45934881,39.1842901100299,,ROSELAWN,BOND HILL,129000
a0FE000000EmZybMAF,18 W THIRTEENTH ST,04/06/2015 12:00:00 AM,REHAB,189520,10,53486.20059888,NOT CERTIFIED,,OWNER-OCCUPIED,PREVIOUSLY CERTIFIED,-84.5160001,39.1094369,,OVER-THE-RHINE,N/A,280000
a0FE000000Ema4hMAB,3325 EASTSIDE AV,03/12/2015 12:00:00 AM,REHAB,209110,10,59014.87656834,NOT CERTIFIED,,OWNER-OCCUPIED,QUALIFIED,-84.44469547,39.1370844700299,,HYDE PARK,HYDE PARK,296614
a0FE000000Ema6sMAB,1432 RACE ST,04/08/2015 12:00:00 AM,NEW,169820,10,47926.48050708,NOT CERTIFIED,,RENTAL,PREVIOUSLY CERTIFIED,-84.5169667690284,39.1107798508607,,OVER-THE-RHINE,N/A,229900
a0FE000000Ema9NMAR,954 HATCH ST,12/31/2014 12:00:00 AM,REHAB,108610,10,30651.83752134,NOT CERTIFIED,,OWNER-OCCUPIED,QUALIFIED,-84.49673372,39.1094201200299,,MOUNT ADAMS,MOUNT ADAMS,159430.67
a0FE000000EmiMwMAJ,408 WARNER ST,05/06/2015 12:00:00 AM,REHAB,120260,10,33939.69229644,NOT CERTIFIED,,RENTAL,PREVIOUSLY CERTIFIED,-84.52630443,39.1254393000299,,CUF,CUF,62600
a0FE000000Emp6BMAR,4312 PITTS AV,02/10/2015 12:00:00 AM,REHAB,275000,10,77610.30585,NOT CERTIFIED,,OWNER-OCCUPIED,QUALIFIED,-84.54469274,39.1656913200299,,NORTHSIDE,NORTHSIDE,184789
a0FE000000EmqA4MAJ,3721 MARBURG AV,05/08/2015 12:00:00 AM,NEW,275000,10,77610.30585,NOT CERTIFIED,,OWNER-OCCUPIED,PREVIOUSLY CERTIFIED,-84.42215405,39.1446273400299,,OAKLEY,OAKLEY,337000
a0FE000000Emvj4MAB,3422 MONTEITH AV,03/04/2015 12:00:00 AM,REHAB,275000,10,77610.30585,NOT CERTIFIED,,OWNER-OCCUPIED,QUALIFIED,-84.43673154,39.1380216100299,,HYDE PARK,HYDE PARK,277750
a0FE000000EmzSnMAJ,3601 PAPE AV,05/12/2015 12:00:00 AM,REHAB,137660,10,38850.30801204,NOT CERTIFIED,,OWNER-OCCUPIED,QUALIFIED,-84.41604474,39.1398414900299,,HYDE PARK,HYDE PARK,97311
a0FE000000En6qmMAB,3715 MARBURG AV,05/07/2015 12:00:00 AM,NEW,275000,10,77610.30585,NOT CERTIFIED,,RENTAL,QUALIFIED,-84.42217055,39.1444568000299,,OAKLEY,OAKLEY,340000
a0FE000000EnAB3MAN,2025 FREELAND AVE,05/15/2015 12:00:00 AM,NEW,328820,15,139199.02237962,SILVER,,OWNER-OCCUPIED,QUALIFIED,-84.4608354081633,39.1311878163265,,HYDE PARK,N/A,349900
a0FE000000EnEWTMA3,20 W 13TH ST,05/18/2015 12:00:00 AM,REHAB,328360,10,92669.52737784,NOT CERTIFIED,,OWNER-OCCUPIED,PREVIOUSLY CERTIFIED,-84.51607651,39.1094518500299,,OVER-THE-RHINE,OTR,55000
a0FE000000EnEYoMAN,3577 MICHIGAN AV,11/06/2014 12:00:00 AM,REHAB,245820,10,69375.14685108,NOT CERTIFIED,,OWNER-OCCUPIED,QUALIFIED,-84.44184572,39.1422190900299,,HYDE PARK,HYDE PARK,208668.88
a0FE000000EnEZIMA3,3408 OBSERVATORY AV,05/11/2015 12:00:00 AM,NEW,400000,15,169331.5764,GOLD,12/01/2015 12:00:00 AM,OWNER-OCCUPIED,QUALIFIED,-84.42009958,39.1383328900299,,HYDE PARK,HYDE PARK,440104.46
a0FE000000EnEaBMAV,2042 HIGHLAND AV,05/05/2015 12:00:00 AM,REHAB,0,10,0,NOT CERTIFIED,,RENTAL,QUALIFIED,-84.50353254,39.1193472200299,,MOUNT AUBURN,MOUNT AUBURN,42066
a0FE000000EnEbTMAV,1883 LANGDON FARM RD,02/04/2015 12:00:00 AM,NEW,,10,,NOT CERTIFIED,,OWNER-OCCUPIED,QUALIFIED,-84.5124602,39.1014537,,BOND HILL,N/A,238000
a0FE000000EnHoxMAF,3550 MCGUFFEY AV,05/14/2015 12:00:00 AM,REHAB,161070,10,45457.06168458,NOT CERTIFIED,,OWNER-OCCUPIED,QUALIFIED,-84.43281258,39.1223007200299,,MOUNT LOOKOUT,COLUMBIA TUSCULUM - MT LOOKOUT,118000
a0FE000000EnHpHMAV,1406 REPUBLIC ST,05/12/2015 12:00:00 AM,REHAB,189320,10,53429.75674008,NOT CERTIFIED,,OWNER-OCCUPIED,QUALIFIED,-84.5160954757904,39.1106688012066,,OVER-THE-RHINE,N/A,195900
a0FE000000EnHpgMAF,4166 PITTS AV,05/11/2015 12:00:00 AM,REHAB,199720,10,56364.83739768,NOT CERTIFIED,,OWNER-OCCUPIED,QUALIFIED,-84.54529617,39.1634901900299,,NORTHSIDE,NORTHSIDE,70500
a0FE000000EnVCxMAN,4122 KIRBY AV,05/18/2015 12:00:00 AM,REHAB,257050,10,72544.4695227,NOT CERTIFIED,,OWNER-OCCUPIED,QUALIFIED,-84.54771654,39.1631374200299,,NORTHSIDE,NORTHSIDE,92500
a0FE000000EnVSdMAN,3733 HYDE PARK AV,05/21/2015 12:00:00 AM,REHAB,133030,10,37543.63268082,NOT CERTIFIED,,OWNER-OCCUPIED,QUALIFIED,-84.43749962,39.1458027500299,,OAKLEY,OAKLEY,274982.34
a0FE000000EnZkzMAF,7021 LOCKER CT,05/29/2015 12:00:00 AM,NEW,225000,10,63499.34115,NOT CERTIFIED,,OWNER-OCCUPIED,PREVIOUSLY CERTIFIED,-84.55939873,39.2027455400299,,COLLEGE HILL,COLLEGE HILL,239000
a0FE000000EnecKMAR,1739 JESTER ST,04/29/2015 12:00:00 AM,REHAB,275000,10,77610.30585,NOT CERTIFIED,,OWNER-OCCUPIED,QUALIFIED,-84.54605945,39.1633644000298,,NORTHSIDE,NORTHSIDE,167664.56
a0FE000000EnedNMAR,2540 MILLENNIUM PLAZA,05/28/2015 12:00:00 AM,NEW,,10,,NOT CERTIFIED,,OWNER-OCCUPIED,QUALIFIED,-84.5124602,39.1014537,,WESTWOOD,N/A,174900
a0FE000000EneevMAB,4314 BEECH HILL AV,05/28/2015 12:00:00 AM,REHAB,259430,10,73216.15144242,NOT CERTIFIED,,OWNER-OCCUPIED,QUALIFIED,-84.53624516,39.1663971800299,,NORTHSIDE,NORTHSIDE,180000
a0FE000000EnpkVMAR,3 FIELD LANE,05/19/2015 12:00:00 AM,REHAB,,10,,NOT CERTIFIED,,OWNER-OCCUPIED,QUALIFIED,-84.5124602,39.1014537,,HYDE PARK,N/A,291147
a0FE000000EnpldMAB,3011 PAUL ST,03/27/2015 12:00:00 AM,REHAB,124200,10,35051.6363148,NOT CERTIFIED,,OWNER-OCCUPIED,QUALIFIED,-84.45952835,39.1342556500299,,EVANSTON,HYDE PARK,105500
a0FE000000EnpoJMAR,3553 RAYMAR BLVD,06/01/2015 12:00:00 AM,REHAB,103350,10,29167.3640349,NOT CERTIFIED,,OWNER-OCCUPIED,QUALIFIED,-84.431535,39.1406912000299,,HYDE PARK,HYDE PARK,284906
a0FE000000Enuk3MAB,1919 WASHBURN ST,04/03/2015 12:00:00 AM,NEW,244400,10,68974.3954536,NOT CERTIFIED,,OWNER-OCCUPIED,QUALIFIED,-84.5503806,39.1666040100299,,NORTHSIDE,NORTHSIDE,214500
a0FE000000EnvqZMAR,5467 GRAFTON AV,02/26/2015 12:00:00 AM,NEW,214400,10,60507.8166336,NOT CERTIFIED,,OWNER-OCCUPIED,QUALIFIED,-84.46170032,39.1824124700299,,BOND HILL,BOND HILL,186510
a0FE000000Eo0aeMAB,1530 RUTH AV,06/05/2015 12:00:00 AM,REHAB,275000,10,77610.30585,NOT CERTIFIED,,OWNER-OCCUPIED,QUALIFIED,-84.47773892,39.1393912400299,,EVANSTON,EVANSTON,138998.03
a0FE000000Eo0atMAB,3624 SHAW AV,06/01/2015 12:00:00 AM,REHAB,275000,10,77610.30585,NOT CERTIFIED,,OWNER-OCCUPIED,QUALIFIED,-84.4394011,39.1432136200299,,HYDE PARK,HYDE PARK,266093.1
a0FE000000Eo0bXMAR,1307 REPUBLIC ST,06/01/2015 12:00:00 AM,REHAB,261670,10,73848.32266098,NOT CERTIFIED,,OWNER-OCCUPIED,QUALIFIED,-84.5160242857143,39.1094914081633,,OVER-THE-RHINE,N/A,330000
a0FE000000Eo0brMAB,1520 RUTH AV,05/13/2015 12:00:00 AM,REHAB,275000,10,77610.30585,NOT CERTIFIED,,OWNER-OCCUPIED,QUALIFIED,-84.4782805,39.1394377500299,,EVANSTON,EVANSTON,149768.73
a0FE000000Eo3YUMAZ,1551 RUTH AV,05/20/2015 12:00:00 AM,REHAB,222830,10,62886.92528202,NOT CERTIFIED,,OWNER-OCCUPIED,QUALIFIED,-84.47685353,39.1388562500299,,EVANSTON,EVANSTON,128117
a0FE000000Eo3ZNMAZ,1307 REPUBLIC ST,06/12/2015 12:00:00 AM,REHAB,203050,10,57304.6276467,NOT CERTIFIED,,OWNER-OCCUPIED,QUALIFIED,-84.5160242857143,39.1094914081633,,OVER-THE-RHINE,N/A,309500
a0FE000000Eo6KdMAJ,2031 FAITH ST,06/19/2015 12:00:00 AM,NEW,274620,10,77503.06251828,NOT CERTIFIED,,OWNER-OCCUPIED,PREVIOUSLY CERTIFIED,-84.4569866333953,39.1790560769775,,BOND HILL,N/A,284469
a0FE000000Eo9JKMAZ,2022 FAITH ST,06/08/2015 12:00:00 AM,NEW,263800,10,74449.4497572,NOT CERTIFIED,,OWNER-OCCUPIED,QUALIFIED,-84.4569318865534,39.1792320667144,,BOND HILL,N/A,229107
a0FE000000Eo9utMAB,7011 LOCKER CT,06/22/2015 12:00:00 AM,NEW,275000,10,77610.30585,NOT CERTIFIED,,OWNER-OCCUPIED,PREVIOUSLY CERTIFIED,-84.55985611,39.2023337100298,,COLLEGE HILL,COLLEGE HILL,243695
a0FE000000Eo9waMAB,2415 GRANDIN GATE LN,07/25/2014 12:00:00 AM,REHAB,260060,10,73393.94959764,NOT CERTIFIED,,OWNER-OCCUPIED,QUALIFIED,-84.44960273,39.1266763200299,,HYDE PARK,HYDE PARK,325878.57
a0FE000000EoA0MMAV,473 PURCELL AV,06/17/2015 12:00:00 AM,REHAB,178920,10,50494.67608248,NOT CERTIFIED,,OWNER-OCCUPIED,QUALIFIED,-84.56553162,39.1003464100299,,EAST PRICE HILL,EAST PRICE HILL,130300
a0FE000000EoB99MAF,3300 N STERLING WY,06/09/2015 12:00:00 AM,REHAB,48040,10,13557.81488376,NOT CERTIFIED,,OWNER-OCCUPIED,QUALIFIED,-84.42345043,39.1480409000299,,OAKLEY,OAKLEY,22800
a0FE000000EoGEDMA3,1432 RACE ST,06/24/2015 12:00:00 AM,REHAB,123150,10,34755.3060561,NOT CERTIFIED,,OWNER-OCCUPIED,QUALIFIED,-84.5169667690284,39.1107798508607,,OVER-THE-RHINE,N/A,164900
a0FE000000EoGFGMA3,1307 REPUBLIC ST,06/24/2015 12:00:00 AM,REHAB,275000,10,77610.30585,NOT CERTIFIED,,OWNER-OCCUPIED,PREVIOUSLY CERTIFIED,-84.5160242857143,39.1094914081633,,OVER-THE-RHINE,N/A,350000
a0FE000000EoGWnMAN,1992 JESSE LN,06/24/2015 12:00:00 AM,NEW,269840,10,76154.05429296,NOT CERTIFIED,,OWNER-OCCUPIED,PREVIOUSLY CERTIFIED,-84.558966,39.2020721300299,,COLLEGE HILL,COLLEGE HILL,236495
a0FE000000EoGY5MAN,1989 JESSE LN,06/17/2015 12:00:00 AM,NEW,275000,10,77610.30585,NOT CERTIFIED,,OWNER-OCCUPIED,PREVIOUSLY CERTIFIED,-84.55864683,39.2015395100299,,COLLEGE HILL,COLLEGE HILL,284375
a0FE000000EoHpFMAV,4111 HOMER AV,06/16/2015 12:00:00 AM,REHAB,249710,10,70472.97990474,NOT CERTIFIED,,OWNER-OCCUPIED,QUALIFIED,-84.38965055,39.1501224900299,,MADISONVILLE,MADISONVILLE,79830
a0FE000000EoHpUMAV,1406 APJONES ST,06/15/2015 12:00:00 AM,REHAB,215540,10,60829.54662876,NOT CERTIFIED,,OWNER-OCCUPIED,QUALIFIED,-84.53459286,39.1651606600299,,NORTHSIDE,NORTHSIDE,58591.57
a0FE000000EoHqdMAF,4137 APPLE ST,06/19/2015 12:00:00 AM,REHAB,157070,10,44328.18450858,NOT CERTIFIED,,OWNER-OCCUPIED,QUALIFIED,-84.54100485,39.1615962500299,,NORTHSIDE,NORTHSIDE,154680.5
a0FE000000EoI0BMAV,3717 MARBURG AV,06/24/2015 12:00:00 AM,NEW,275000,10,77610.30585,NOT CERTIFIED,,OWNER-OCCUPIED,PREVIOUSLY CERTIFIED,-84.42216185,39.1445256000299,,OAKLEY,OAKLEY,330000
a0FE000000EoI4pMAF,4112 AZALEA AV,06/22/2015 12:00:00 AM,REHAB,54790,10,15462.79511826,NOT CERTIFIED,,OWNER-OCCUPIED,QUALIFIED,-84.39584812,39.1504206300299,,MADISONVILLE,MADISONVILLE,55518.17
a0FE000000EoKe8MAF,1322 PENDLETON ST,03/06/2015 12:00:00 AM,REHAB,275000,10,77610.30585,NOT CERTIFIED,,OWNER-OCCUPIED,QUALIFIED,-84.50706148,39.1114885000299,,PENDLETON,PENDLETON,169500
a0FE000000EoKeNMAV,1117 BELVEDERE ST,06/15/2015 12:00:00 AM,REHAB,140660,10,39696.96589404,NOT CERTIFIED,,OWNER-OCCUPIED,QUALIFIED,-84.49708118,39.1082615000299,,MOUNT ADAMS,MOUNT ADAMS,93569
a0FE000000EoKf6MAF,3615 BARBERRY AV,03/26/2015 12:00:00 AM,REHAB,6690,10,1888.04707686,NOT CERTIFIED,,OWNER-OCCUPIED,QUALIFIED,-84.45549034,39.1444087900299,,HYDE PARK,HYDE PARK,10200
a0FE000000EoKfoMAF,2538 GRANDIN RD,05/21/2015 12:00:00 AM,REHAB,275000,10,77610.30585,NOT CERTIFIED,,OWNER-OCCUPIED,QUALIFIED,-84.44388739,39.1265679000299,,HYDE PARK,HYDE PARK,274851.49
a0FE000000EoKgNMAV,417 HOPKINS ST,06/17/2015 12:00:00 AM,REHAB,275000,10,77610.30585,NOT CERTIFIED,,OWNER-OCCUPIED,QUALIFIED,-84.52203943,39.1080871200299,,WEST END,WEST END,362500
a0FE000000EoKghMAF,512 READING RD,06/04/2015 12:00:00 AM,REHAB,271660,10,76667.69340804,NOT CERTIFIED,,OWNER-OCCUPIED,QUALIFIED,-84.5062348867575,39.1092592050246,,PENDLETON,N/A,322000
a0FE000000EoOEcMAN,636 ATHENS AV,06/25/2015 12:00:00 AM,NEW,562000,15,237910.864842,GOLD,05/01/2015 12:00:00 AM,OWNER-OCCUPIED,PREVIOUSLY CERTIFIED,-84.43443605,39.1209558100299,,COLUMBIA-TUSCULUM,COLUMBIA TUSCULUM,616000
a0FE000000EoR4VMAV,421 WARNER ST,06/22/2015 12:00:00 AM,REHAB,200070,10,56463.61415058,NOT CERTIFIED,,OWNER-OCCUPIED,QUALIFIED,-84.5267772,39.1249850300299,,CUF,CUF,118778.4
a0FE000000EoRC6MAN,2032 FAITH ST,07/02/2015 12:00:00 AM,NEW,240000,15,101598.94584,CERTIFIED,,OWNER-OCCUPIED,PREVIOUSLY CERTIFIED,-84.45570817,39.1786227900299,,BOND HILL,BOND HILL,248680
a0FE000000EoVNdMAN,3202 GOLDEN AV,07/06/2015 12:00:00 AM,NEW,539440,15,228360.56393304,GOLD,05/01/2015 12:00:00 AM,OWNER-OCCUPIED,PREVIOUSLY CERTIFIED,-84.44352495,39.1220013900299,,COLUMBIA-TUSCULUM,COLUMBIA TUSCULUM,427252.82
a0FE000000EoZTrMAN,1515 RUTH AV,06/25/2015 12:00:00 AM,REHAB,203570,10,57451.38167958,NOT CERTIFIED,,OWNER-OCCUPIED,QUALIFIED,-84.47844785,39.1390185500299,,EVANSTON,EVANSTON,165083.03
a0FE000000Eoa6dMAB,2829 HIGHLAND AV,07/02/2015 12:00:00 AM,REHAB,0,10,0,NOT CERTIFIED,,OWNER-OCCUPIED,QUALIFIED,-84.50306521,39.1320903200299,,CORRYVILLE,CORRYVILLE,126000
a0FE000000EogVKMAZ,7023 LOCKER CT,07/13/2015 12:00:00 AM,NEW,265640,15,112453.09988724,GOLD,04/01/2015 12:00:00 AM,OWNER-OCCUPIED,PREVIOUSLY CERTIFIED,-84.55918328,39.2027411300299,,COLLEGE HILL,COLLEGE HILL,269900
a0FE000000EogVoMAJ,1615 ROBINSON CIR,07/01/2015 12:00:00 AM,REHAB,190560,10,53779.70866464,NOT CERTIFIED,,RENTAL,QUALIFIED,-84.54369386,39.1735121300299,,NORTHSIDE,NORTHSIDE,75181
a0FE000000EohzzMAB,2922 WESTBROOK DR,07/07/2015 12:00:00 AM,REHAB,33610,10,9485.39047134,NOT CERTIFIED,,OWNER-OCCUPIED,QUALIFIED,-84.5961579,39.1384387800299,,WESTWOOD,WESTWOOD,105000
a0FE000000EoiCSMAZ,7024 LOCKER CT,07/14/2015 12:00:00 AM,NEW,275000,15,116415.458775,SILVER,,OWNER-OCCUPIED,PREVIOUSLY CERTIFIED,-84.55899923,39.2023626500298,,COLLEGE HILL,COLLEGE HILL,288800
a0FE000000EokDcMAJ,1403 VINE ST,06/01/2015 12:00:00 AM,REHAB,228850,10,64585.8854319,NOT CERTIFIED,,OWNER-OCCUPIED,QUALIFIED,-84.5155743,39.1107045,,OVER-THE-RHINE,N/A,290000
a0FE000000EokEGMAZ,1403 VINE ST,05/28/2015 12:00:00 AM,REHAB,214480,10,60530.39417712,NOT CERTIFIED,,OWNER-OCCUPIED,QUALIFIED,-84.5155743,39.1107045,,OVER-THE-RHINE,N/A,296000
a0FE000000EokOGMAZ,3530 BAYARD DR,07/07/2015 12:00:00 AM,REHAB,158630,10,44768.44660722,NOT CERTIFIED,,OWNER-OCCUPIED,QUALIFIED,-84.42512485,39.1397058200299,,HYDE PARK,HYDE PARK,175000
a0FE000000EokPEMAZ,1286 HERSCHEL AV,05/26/2015 12:00:00 AM,REHAB,275000,10,77610.30585,NOT CERTIFIED,,OWNER-OCCUPIED,QUALIFIED,-84.42110693,39.1329972100299,,MOUNT LOOKOUT,MOUNT LOOKOUT,228644.36
a0FE000000EokQWMAZ,2517 RITCHIE AV,07/06/2015 12:00:00 AM,REHAB,102410,10,28902.07789854,NOT CERTIFIED,,OWNER-OCCUPIED,QUALIFIED,-84.44994935,39.1358603500299,,HYDE PARK,HYDE PARK,260000
a0FE000000EomsMMAR,546 E 13TH ST,07/07/2015 12:00:00 AM,REHAB,275000,10,77610.30585,NOT CERTIFIED,,OWNER-OCCUPIED,QUALIFIED,-84.50489476,39.1110593900299,,PENDLETON,PENDLETON,363000
a0FE000000EomteMAB,287 MCCORMICK PL,03/26/2015 12:00:00 AM,REHAB,0,10,0,NOT CERTIFIED,,OWNER-OCCUPIED,QUALIFIED,-84.50411053,39.1243756500299,,MOUNT AUBURN,MOUNT AUBURN,31282.48
a0FE000000HKAp2MAH,4121 CHAMBERS ST,07/07/2015 12:00:00 AM,NEW,134040,10,37828.67416776,NOT CERTIFIED,,OWNER-OCCUPIED,PREVIOUSLY CERTIFIED,-84.53407939,39.1606324400299,,NORTHSIDE,NORTHSIDE,115000
a0FE000000HKD9CMAX,1241 HERSCHEL WOODS LN,07/16/2015 12:00:00 AM,REHAB,135770,10,38316.91354638,NOT CERTIFIED,,OWNER-OCCUPIED,QUALIFIED,-84.42161105,39.1314701700299,,MOUNT LOOKOUT,MOUNT LOOKOUT,240412.21
a0FE000000HKDB9MAP,213 FINDLAY ST,06/12/2015 12:00:00 AM,REHAB,275000,10,77610.30585,NOT CERTIFIED,,OWNER-OCCUPIED,QUALIFIED,-84.52074075,39.1161166600299,,OVER-THE-RHINE,OTR,313752.5
a0FE000000HKDZ9MAP,420 MCDOWELL ST,01/09/2015 12:00:00 AM,NEW,361130,15,152876.78046333,SILVER,11/01/2014 12:00:00 AM,OWNER-OCCUPIED,PREVIOUSLY CERTIFIED,-84.43646984,39.1166111600299,,COLUMBIA-TUSCULUM,COLUMBIA TUSCULUM,489000
a0FE000000HKDZYMA5,3712 EASTERN HILLS LN,04/23/2014 12:00:00 AM,NEW,275000,10,77610.30585,NOT CERTIFIED,,OWNER-OCCUPIED,PREVIOUSLY CERTIFIED,-84.42385278,39.1441982100299,,OAKLEY,OAKLEY,322000
a0FE000000HKDZxMAP,3714 EASTERN HILLS LN,06/04/2014 12:00:00 AM,NEW,275000,10,77610.30585,NOT CERTIFIED,,OWNER-OCCUPIED,PREVIOUSLY CERTIFIED,-84.42385166,39.1442861100299,,OAKLEY,OAKLEY,320000
a0FE000000HKEYBMA5,3716 EASTERN HILLS LN,04/08/2014 12:00:00 AM,NEW,275000,10,77610.30585,NOT CERTIFIED,,OWNER-OCCUPIED,PREVIOUSLY CERTIFIED,-84.42384356,39.1443768700299,,OAKLEY,OAKLEY,325000
a0FE000000HKEYkMAP,3718 EASTERN HILLS LN,08/06/2014 12:00:00 AM,NEW,275000,10,77610.30585,NOT CERTIFIED,,OWNER-OCCUPIED,PREVIOUSLY CERTIFIED,-84.42383509,39.1444539100299,,OAKLEY,OAKLEY,320000
a0FE000000HKEa7MAH,3390 WASSON RD,01/12/2015 12:00:00 AM,NEW,231880,10,65441.00989272,NOT CERTIFIED,,OWNER-OCCUPIED,PREVIOUSLY CERTIFIED,-84.42230076,39.14380088,,OAKLEY,N/A,227000
a0FE000000HKEagMAH,3390 WASSON RD,10/29/2014 12:00:00 AM,NEW,226450,10,63908.5591263,NOT CERTIFIED,,OWNER-OCCUPIED,PREVIOUSLY CERTIFIED,-84.42230076,39.14380088,,OAKLEY,N/A,299404.63
a0FE000000HKEcCMAX,3390 WASSON RD,09/24/2014 12:00:00 AM,NEW,233110,10,65788.13962434,NOT CERTIFIED,,RENTAL,PREVIOUSLY CERTIFIED,-84.42230076,39.14380088,,OAKLEY,N/A,239142
a0FE000000HKEdAMAX,3390 WASSON RD,10/03/2014 12:00:00 AM,NEW,270000,10,76199.20938,NOT CERTIFIED,,OWNER-OCCUPIED,PREVIOUSLY CERTIFIED,-84.42230076,39.14380088,,OAKLEY,N/A,233000
a0FE000000HKEeSMAX,3390 WASSON RD,09/24/2014 12:00:00 AM,NEW,232790,10,65697.82945026,NOT CERTIFIED,,OWNER-OCCUPIED,PREVIOUSLY CERTIFIED,-84.42230076,39.14380088,,OAKLEY,N/A,239142
a0FE000000HKEgnMAH,3390 WASSON RD,09/16/2014 12:00:00 AM,NEW,243350,10,68678.0651949,NOT CERTIFIED,,OWNER-OCCUPIED,PREVIOUSLY CERTIFIED,-84.42231918,39.1439291500299,,OAKLEY,OAKLEY,241987
a0FE000000HKEi8MAH,3711 MARBURG AV,10/01/2014 12:00:00 AM,NEW,275000,10,77610.30585,NOT CERTIFIED,,OWNER-OCCUPIED,PREVIOUSLY CERTIFIED,-84.42217505,39.1443633500299,,OAKLEY,OAKLEY,340000
a0FE000000HKEmAMAX,3723 MARBURG AV,12/08/2014 12:00:00 AM,NEW,275000,10,77610.30585,NOT CERTIFIED,,OWNER-OCCUPIED,PREVIOUSLY CERTIFIED,-84.42214535,39.1446961400299,,OAKLEY,OAKLEY,341246
a0FE000000HKEopMAH,2783 MINOT AV,09/19/2014 12:00:00 AM,REHAB,158890,10,44841.82362366,NOT CERTIFIED,,OWNER-OCCUPIED,QUALIFIED,-84.4383422,39.1526214200299,,OAKLEY,OAKLEY,255000
a0FE000000HKEpjMAH,4314 33RD AV,07/03/2014 12:00:00 AM,REHAB,155340,10,43839.94512996,NOT CERTIFIED,,OWNER-OCCUPIED,QUALIFIED,-84.43388756,39.1550375500299,,OAKLEY,OAKLEY,103830
a0FE000000HKEvjMAH,211 E ROCHELLE ST,04/10/2015 12:00:00 AM,NEW,230520,15,97585.78747932,SILVER,02/01/2015 12:00:00 AM,OWNER-OCCUPIED,PREVIOUSLY CERTIFIED,-84.50518198,39.1337600000299,,CORRYVILLE,CORRYVILLE,295500
a0FE000000HKEwNMAX,5840 RHODE ISLAND AV,04/14/2014 12:00:00 AM,NEW,275000,10,77610.30585,NOT CERTIFIED,,OWNER-OCCUPIED,PREVIOUSLY CERTIFIED,-84.45824789,39.1794807300299,,BOND HILL,BOND HILL,249931
a0FE000000HKFCfMAP,4557 ANTHONY AV,11/05/2014 12:00:00 AM,REHAB,136490,10,38520.11143806,NOT CERTIFIED,,OWNER-OCCUPIED,QUALIFIED,-84.54650194,39.1721155300299,,NORTHSIDE,NORTHSIDE,117615.63
a0FE000000HKFDiMAP,3328 MARBURG SQUARE LN,04/04/2014 12:00:00 AM,NEW,312030,10,88060.88630682,NOT CERTIFIED,,OWNER-OCCUPIED,PREVIOUSLY CERTIFIED,-84.42290932,39.1441314700299,,OAKLEY,OAKLEY,325000
a0FE000000HKFEiMAP,3326 MARBURG SQUARE LN,04/17/2014 12:00:00 AM,NEW,312030,10,88060.88630682,NOT CERTIFIED,,OWNER-OCCUPIED,PREVIOUSLY CERTIFIED,-84.4229046,39.1442166800299,,OAKLEY,OAKLEY,330000
a0FE000000HKHbdMAH,3742 SACHEM AV,05/13/2015 12:00:00 AM,NEW,522760,15,221299.43719716,GOLD,03/13/2015 12:00:00 AM,OWNER-OCCUPIED,PREVIOUSLY CERTIFIED,-84.43216576,39.1139304800299,,COLUMBIA-TUSCULUM,COLUMBIA TUSCULUM,364900
a0FE000000HKHlIMAX,3374 EVERSON AV,07/20/2015 12:00:00 AM,NEW,431120,15,182505.57304392,GOLD,,OWNER-OCCUPIED,QUALIFIED,-84.42229727,39.1502520800299,,OAKLEY,OAKLEY,356575
a0FE000000HKLcxMAH,2901 CORBIN PARK CT,07/23/2015 12:00:00 AM,NEW,597030,15,252740.07764523,SILVER,06/15/2015 12:00:00 AM,OWNER-OCCUPIED,QUALIFIED,-84.45077315,39.1206844100299,,EAST END,EAST END,710338.7
a0FE000000HKLe2MAH,1349 BROADWAY,07/27/2015 12:00:00 AM,REHAB,275000,10,77610.30585,NOT CERTIFIED,,OWNER-OCCUPIED,QUALIFIED,-84.50919574,39.1120329000299,,PENDLETON,PENDLETON,289494.44
a0FE000000HKMDOMA5,5349 GRAND VISTA CT,07/17/2015 12:00:00 AM,NEW,562000,15,237910.864842,GOLD,05/01/2015 12:00:00 AM,OWNER-OCCUPIED,PREVIOUSLY CERTIFIED,-84.38626533,39.1649760200299,,MADISONVILLE,MADISONVILLE,717755
a0FE000000HKNYXMA5,418 MCDOWELL ST,07/20/2015 12:00:00 AM,NEW,400000,15,169331.5764,SILVER,06/23/2015 12:00:00 AM,OWNER-OCCUPIED,PREVIOUSLY CERTIFIED,-84.4369118553663,39.1165012506319,,COLUMBIA-TUSCULUM,N/A,499000
a0FE000000HKWzhMAH,3439 LINWOOD AV,10/27/2014 12:00:00 AM,REHAB,275000,10,77610.30585,NOT CERTIFIED,,OWNER-OCCUPIED,QUALIFIED,-84.4241334,39.1260890100299,,MOUNT LOOKOUT,MOUNT LOOKOUT,231000
a0FE000000HKX0uMAH,3717 CREIGHTON PL,02/23/2015 12:00:00 AM,NEW,562000,15,237910.864842,GOLD,12/29/2014 12:00:00 AM,OWNER-OCCUPIED,PREVIOUSLY CERTIFIED,-84.43382938,39.1136638000299,,COLUMBIA-TUSCULUM,COLUMBIA TUSCULUM,571430
a0FE000000HKX6OMAX,4559 HECTOR AV,03/04/2014 12:00:00 AM,REHAB,275000,10,77610.30585,NOT CERTIFIED,,OWNER-OCCUPIED,QUALIFIED,-84.39524438,39.1555912600299,,MADISONVILLE,MADISONVILLE,55636.68
a0FE000000HKX7RMAX,3459 OBSERVATORY AV,07/21/2014 12:00:00 AM,REHAB,206050,10,58151.2855287,NOT CERTIFIED,,OWNER-OCCUPIED,PREVIOUSLY CERTIFIED,-84.41831323,39.1382734800299,,MOUNT LOOKOUT,MOUNT LOOKOUT,287608.83
a0FE000000HKX9DMAX,1407 CHASE AV,02/17/2015 12:00:00 AM,REHAB,143410,10,40473.06895254,NOT CERTIFIED,,RENTAL,QUALIFIED,-84.53462198,39.1629735100299,,NORTHSIDE,NORTHSIDE,45925
a0FE000000HKaGlMAL,1 MERCER ST,06/01/2014 12:00:00 AM,NEW,328360,10,92669.52737784,NOT CERTIFIED,,OWNER-OCCUPIED,QUALIFIED,-84.515103,39.110259,,OVER-THE-RHINE,N/A,434900
a0FE000000HKaXdMAL,18 W THIRTEENTH ST,06/18/2015 12:00:00 AM,REHAB,252390,10,71229.32761266,NOT CERTIFIED,,OWNER-OCCUPIED,QUALIFIED,-84.5160001,39.1094369,,OVER-THE-RHINE,N/A,255700
a0FE000000HKcp6MAD,1996 JESSE LN,08/10/2015 12:00:00 AM,NEW,258630,10,72990.37600722,NOT CERTIFIED,,OWNER-OCCUPIED,PREVIOUSLY CERTIFIED,-84.55938847,39.2020344200299,,COLLEGE HILL,COLLEGE HILL,239000
a0FE000000HKcqTMAT,1130 FORT VIEW PL,08/10/2015 12:00:00 AM,NEW,400000,15,169331.5764,SILVER,04/01/2015 12:00:00 AM,OWNER-OCCUPIED,PREVIOUSLY CERTIFIED,-84.49433653,39.1085567600299,,MOUNT ADAMS,MOUNT ADAMS,1378253.66
a0FE000000HKcr2MAD,1406 REPUBLIC ST,08/10/2015 12:00:00 AM,REHAB,98240,10,27725.22344256,NOT CERTIFIED,,OWNER-OCCUPIED,QUALIFIED,-84.5160954757904,39.1106688012066,,OVER-THE-RHINE,N/A,94900
a0FE000000HKe5GMAT,801 MANNINGTON AV,07/28/2015 12:00:00 AM,REHAB,275000,10,77610.30585,NOT CERTIFIED,,OWNER-OCCUPIED,QUALIFIED,-84.42555946,39.1236889700299,,MOUNT LOOKOUT,MOUNT LOOKOUT,357189.28
a0FE000000HKe5aMAD,1110 E ROOKWOOD DR,08/05/2015 12:00:00 AM,REHAB,227780,10,64283.91078732,NOT CERTIFIED,,OWNER-OCCUPIED,QUALIFIED,-84.44511725,39.1303036700299,,HYDE PARK,HYDE PARK,274842.78
a0FE000000HKe6OMAT,3538 PRINCIPIO AV,08/03/2015 12:00:00 AM,REHAB,450560,10,127156.72510464,CERTIFIED,05/01/2015 12:00:00 AM,OWNER-OCCUPIED,QUALIFIED,-84.41485242,39.1314633700299,,MADISONVILLE,MOUNT LOOKOUT,735000
a0FE000000HKg4SMAT,1726 HANFIELD ST,08/06/2015 12:00:00 AM,REHAB,180770,10,51016.78177638,NOT CERTIFIED,,OWNER-OCCUPIED,QUALIFIED,-84.5454393,39.1629293300299,,NORTHSIDE,NORTHSIDE,177628
a0FE000000HKgP9MAL,309 OREGON ST,08/12/2015 12:00:00 AM,NEW,275000,15,116415.458775,CERTIFIED,,OWNER-OCCUPIED,PREVIOUSLY CERTIFIED,-84.4981993394721,39.1046880496362,,MOUNT ADAMS,N/A,875000
a0FE000000HKh4nMAD,309 OREGON ST,08/12/2015 12:00:00 AM,NEW,275000,15,116415.458775,CERTIFIED,,OWNER-OCCUPIED,PREVIOUSLY CERTIFIED,-84.4981993394721,39.1046880496362,,MOUNT ADAMS,N/A,1250000
a0FE000000HKhh0MAD,1433 PULLAN AV,08/10/2015 12:00:00 AM,REHAB,241530,10,68164.42607982,NOT CERTIFIED,,OWNER-OCCUPIED,QUALIFIED,-84.53560066,39.1656683500299,,NORTHSIDE,NORTHSIDE,205107
a0FE000000HKhirMAD,1102 SUNNYSLOPE DR,08/05/2015 12:00:00 AM,REHAB,46730,10,13188.10760862,NOT CERTIFIED,,OWNER-OCCUPIED,QUALIFIED,-84.4805069,39.1651060300299,,PADDOCK HILLS,PADDOCK HILLS,45290
a0FE000000HKjF3MAL,3009 MINOT AV,08/08/2015 12:00:00 AM,REHAB,162670,10,45908.61255498,NOT CERTIFIED,,OWNER-OCCUPIED,QUALIFIED,-84.43277622,39.1526555600299,,OAKLEY,OAKLEY,290000
a0FE000000HKjGLMA1,660 STRAIGHT ST,08/12/2015 12:00:00 AM,REHAB,14800,10,4176.8455512,NOT CERTIFIED,,OWNER-OCCUPIED,PREVIOUSLY CERTIFIED,-84.528906,39.130239,,CUF,N/A,7745.87
a0FE000000HKjH2MAL,660 STRAIGHT ST,08/12/2015 12:00:00 AM,REHAB,27230,10,7684.83137562,NOT CERTIFIED,,OWNER-OCCUPIED,PREVIOUSLY CERTIFIED,-84.528906,39.130239,,CUF,N/A,13148.85
a0FE000000HKjHHMA1,660 STRAIGHT ST,08/12/2015 12:00:00 AM,REHAB,41040,10,11582.27982576,NOT CERTIFIED,,OWNER-OCCUPIED,PREVIOUSLY CERTIFIED,-84.528906,39.130239,,CUF,N/A,19316.86
a0FE000000HKjHqMAL,660 STRAIGHT ST,08/12/2015 12:00:00 AM,REHAB,26860,10,7580.41023684,NOT CERTIFIED,,OWNER-OCCUPIED,PREVIOUSLY CERTIFIED,-84.528906,39.130239,,CUF,N/A,13148.85
a0FE000000HKjIFMA1,660 STRAIGHT ST,08/12/2015 12:00:00 AM,REHAB,26800,10,7563.4770792,NOT CERTIFIED,,OWNER-OCCUPIED,PREVIOUSLY CERTIFIED,-84.528906,39.130239,,CUF,N/A,1314885
a0FE000000HKjIUMA1,660 STRAIGHT ST,08/12/2015 12:00:00 AM,REHAB,26800,10,7563.4770792,NOT CERTIFIED,,OWNER-OCCUPIED,PREVIOUSLY CERTIFIED,-84.528906,39.130239,,CUF,N/A,13148.85
a0FE000000HKjJDMA1,660 STRAIGHT ST,08/12/2015 12:00:00 AM,REHAB,27230,10,7684.83137562,NOT CERTIFIED,,OWNER-OCCUPIED,PREVIOUSLY CERTIFIED,-84.528906,39.130239,,CUF,N/A,13148.85
a0FE000000HKjKaMAL,660 STRAIGHT ST,08/12/2015 12:00:00 AM,REHAB,27230,10,7684.83137562,NOT CERTIFIED,,OWNER-OCCUPIED,PREVIOUSLY CERTIFIED,-84.528906,39.130239,,CUF,N/A,13148.85
a0FE000000HKjLOMA1,660 STRAIGHT ST,08/12/2015 12:00:00 AM,REHAB,15130,10,4269.97791822,NOT CERTIFIED,,OWNER-OCCUPIED,PREVIOUSLY CERTIFIED,-84.528906,39.130239,,CUF,N/A,7745.87
a0FE000000HKjLzMAL,660 STRAIGHT ST,08/12/2015 12:00:00 AM,REHAB,26860,10,7580.41023684,NOT CERTIFIED,,OWNER-OCCUPIED,PREVIOUSLY CERTIFIED,-84.528906,39.130239,,CUF,N/A,13148.85
a0FE000000HKjMJMA1,660 STRAIGHT ST,08/12/2015 12:00:00 AM,REHAB,41040,10,11582.27982576,NOT CERTIFIED,,OWNER-OCCUPIED,PREVIOUSLY CERTIFIED,-84.528906,39.130239,,CUF,N/A,19316.86
a0FE000000HKjMTMA1,660 STRAIGHT ST,08/12/2015 12:00:00 AM,REHAB,40600,10,11458.1033364,NOT CERTIFIED,,OWNER-OCCUPIED,PREVIOUSLY CERTIFIED,-84.528906,39.130239,,CUF,N/A,19316.86
a0FE000000HKjMnMAL,660 STRAIGHT ST,08/12/2015 12:00:00 AM,REHAB,26800,10,7563.4770792,NOT CERTIFIED,,OWNER-OCCUPIED,PREVIOUSLY CERTIFIED,-84.528906,39.130239,,CUF,N/A,13148.85
a0FE000000HKjNWMA1,660 STRAIGHT ST,08/12/2015 12:00:00 AM,REHAB,14830,10,4185.31213002,NOT CERTIFIED,,OWNER-OCCUPIED,PREVIOUSLY CERTIFIED,-84.528906,39.130239,,CUF,N/A,7745.87
a0FE000000HKjOFMA1,660 STRAIGHT ST,08/12/2015 12:00:00 AM,REHAB,27230,10,7684.83137562,NOT CERTIFIED,,OWNER-OCCUPIED,PREVIOUSLY CERTIFIED,-84.528906,39.130239,,CUF,N/A,13148.85
a0FE000000HKjOjMAL,660 STRAIGHT ST,08/12/2015 12:00:00 AM,REHAB,18240,10,5147.67992256,NOT CERTIFIED,,OWNER-OCCUPIED,PREVIOUSLY CERTIFIED,-84.528906,39.130239,,CUF,N/A,7745.87
a0FE000000HKjP8MAL,660 STRAIGHT ST,08/12/2015 12:00:00 AM,REHAB,27230,10,7684.83137562,NOT CERTIFIED,,OWNER-OCCUPIED,PREVIOUSLY CERTIFIED,-84.528906,39.130239,,CUF,N/A,13148.85
a0FE000000HKjPNMA1,660 STRAIGHT ST,08/12/2015 12:00:00 AM,REHAB,41040,10,11582.27982576,NOT CERTIFIED,,OWNER-OCCUPIED,PREVIOUSLY CERTIFIED,-84.528906,39.130239,,CUF,N/A,19316.86
a0FE000000HKjPhMAL,660 STRAIGHT ST,08/12/2015 12:00:00 AM,REHAB,26860,10,7580.41023684,NOT CERTIFIED,,OWNER-OCCUPIED,PREVIOUSLY CERTIFIED,-84.528906,39.130239,,CUF,N/A,13148.85
a0FE000000HKjQQMA1,660 STRAIGHT ST,08/12/2015 12:00:00 AM,REHAB,26800,10,7563.4770792,NOT CERTIFIED,,OWNER-OCCUPIED,PREVIOUSLY CERTIFIED,-84.528906,39.130239,,CUF,N/A,13148.85
a0FE000000HKjQkMAL,660 STRAIGHT ST,08/12/2015 12:00:00 AM,REHAB,40600,10,11458.1033364,NOT CERTIFIED,,OWNER-OCCUPIED,PREVIOUSLY CERTIFIED,-84.52856489,39.1303123200299,,CUF,CUF,19316.86
a0FE000000HKjRDMA1,660 STRAIGHT ST,08/12/2015 12:00:00 AM,REHAB,27230,10,7684.83137562,NOT CERTIFIED,,OWNER-OCCUPIED,PREVIOUSLY CERTIFIED,-84.528906,39.130239,,CUF,N/A,13148.85
a0FE000000HKjRYMA1,660 STRAIGHT ST,08/12/2015 12:00:00 AM,REHAB,14830,10,4185.31213002,NOT CERTIFIED,,OWNER-OCCUPIED,PREVIOUSLY CERTIFIED,-84.528906,39.130239,,CUF,N/A,7745.87
a0FE000000HKjRiMAL,650 STRAIGHT ST,08/12/2015 12:00:00 AM,REHAB,14800,10,4176.8455512,NOT CERTIFIED,,OWNER-OCCUPIED,PREVIOUSLY CERTIFIED,-84.528062,39.13019,,CUF,N/A,7745.87
a0FE000000HKjSgMAL,650 STRAIGHT ST,08/12/2015 12:00:00 AM,REHAB,27230,10,7684.83137562,NOT CERTIFIED,,OWNER-OCCUPIED,PREVIOUSLY CERTIFIED,-84.528062,39.13019,,CUF,N/A,13148.85
a0FE000000HKjTFMA1,650 STRAIGHT ST,08/12/2015 12:00:00 AM,REHAB,41040,10,11582.27982576,NOT CERTIFIED,,OWNER-OCCUPIED,PREVIOUSLY CERTIFIED,-84.528062,39.13019,,CUF,N/A,19316.86
a0FE000000HKjTZMA1,650 STRAIGHT ST,08/12/2015 12:00:00 AM,REHAB,26860,10,7580.41023684,NOT CERTIFIED,,OWNER-OCCUPIED,PREVIOUSLY CERTIFIED,-84.528062,39.13019,,CUF,N/A,13148.85
a0FE000000HKjU3MAL,650 STRAIGHT ST,08/12/2015 12:00:00 AM,REHAB,26800,10,7563.4770792,NOT CERTIFIED,,OWNER-OCCUPIED,PREVIOUSLY CERTIFIED,-84.528062,39.13019,,CUF,N/A,13148.85
a0FE000000HKjUIMA1,650 STRAIGHT ST,08/12/2015 12:00:00 AM,REHAB,26800,10,7563.4770792,NOT CERTIFIED,,OWNER-OCCUPIED,PREVIOUSLY CERTIFIED,-84.528062,39.13019,,CUF,N/A,13148.85
a0FE000000HKjUiMAL,650 STRAIGHT ST,08/12/2015 12:00:00 AM,REHAB,27230,10,7684.83137562,NOT CERTIFIED,,OWNER-OCCUPIED,PREVIOUSLY CERTIFIED,-84.528062,39.13019,,CUF,N/A,13148.85
a0FE000000HKjUxMAL,650 STRAIGHT ST,08/12/2015 12:00:00 AM,REHAB,15130,10,4269.97791822,NOT CERTIFIED,,OWNER-OCCUPIED,PREVIOUSLY CERTIFIED,-84.528062,39.13019,,CUF,N/A,7745.87
a0FE000000HKjV7MAL,650 STRAIGHT ST,08/12/2015 12:00:00 AM,REHAB,27240,10,7687.65356856,NOT CERTIFIED,,OWNER-OCCUPIED,PREVIOUSLY CERTIFIED,-84.528062,39.13019,,CUF,N/A,13148.85
a0FE000000HKjVMMA1,650 STRAIGHT ST,08/12/2015 12:00:00 AM,REHAB,41040,10,11582.27982576,NOT CERTIFIED,,OWNER-OCCUPIED,PREVIOUSLY CERTIFIED,-84.528062,39.13019,,CUF,N/A,19316.86
a0FE000000HKjVgMAL,650 STRAIGHT ST,08/12/2015 12:00:00 AM,REHAB,26870,10,7583.23242978,NOT CERTIFIED,,OWNER-OCCUPIED,PREVIOUSLY CERTIFIED,-84.528062,39.13019,,CUF,N/A,13148.85
a0FE000000HKjW0MAL,650 STRAIGHT ST,08/12/2015 12:00:00 AM,REHAB,26810,10,7566.29927214,NOT CERTIFIED,,OWNER-OCCUPIED,PREVIOUSLY CERTIFIED,-84.528062,39.13019,,CUF,N/A,13148.85
a0FE000000HKjWPMA1,650 STRAIGHT ST,08/12/2015 12:00:00 AM,REHAB,41040,10,11582.27982576,NOT CERTIFIED,,OWNER-OCCUPIED,PREVIOUSLY CERTIFIED,-84.528062,39.13019,,CUF,N/A,19316.86
a0FE000000HKjWZMA1,650 STRAIGHT ST,08/12/2015 12:00:00 AM,REHAB,27240,10,7687.65356856,NOT CERTIFIED,,OWNER-OCCUPIED,PREVIOUSLY CERTIFIED,-84.528062,39.13019,,CUF,N/A,13148.85
a0FE000000HKjX3MAL,650 STRAIGHT ST,08/12/2015 12:00:00 AM,REHAB,14830,10,4185.31213002,NOT CERTIFIED,,OWNER-OCCUPIED,PREVIOUSLY CERTIFIED,-84.528062,39.13019,,CUF,N/A,7745.87
a0FE000000HKjXDMA1,650 STRAIGHT ST,08/12/2015 12:00:00 AM,REHAB,15130,10,4269.97791822,NOT CERTIFIED,,OWNER-OCCUPIED,PREVIOUSLY CERTIFIED,-84.528062,39.13019,,CUF,N/A,7745.87
a0FE000000HKjXhMAL,650 STRAIGHT ST,08/12/2015 12:00:00 AM,REHAB,27240,10,7687.65356856,NOT CERTIFIED,,OWNER-OCCUPIED,PREVIOUSLY CERTIFIED,-84.52803849,39.1302775900299,,CUF,CUF,13148.85
a0FE000000HKjaWMAT,650 STRAIGHT ST,08/12/2015 12:00:00 AM,REHAB,41040,10,11582.27982576,NOT CERTIFIED,,OWNER-OCCUPIED,PREVIOUSLY CERTIFIED,-84.528062,39.13019,,CUF,N/A,19316.86
a0FE000000HKjbPMAT,650 STRAIGHT ST,08/12/2015 12:00:00 AM,REHAB,26870,10,7583.23242978,NOT CERTIFIED,,OWNER-OCCUPIED,PREVIOUSLY CERTIFIED,-84.528062,39.13019,,CUF,N/A,13148.85
a0FE000000HKjbeMAD,650 STRAIGHT ST,08/12/2015 12:00:00 AM,REHAB,26810,10,7566.29927214,NOT CERTIFIED,,OWNER-OCCUPIED,PREVIOUSLY CERTIFIED,-84.528062,39.13019,,CUF,N/A,13148.85
a0FE000000HKjbtMAD,650 STRAIGHT ST,08/12/2015 12:00:00 AM,REHAB,41020,10,11576.63543988,NOT CERTIFIED,,OWNER-OCCUPIED,PREVIOUSLY CERTIFIED,-84.528062,39.13019,,CUF,N/A,19316.86
a0FE000000HKjcOMAT,650 STRAIGHT ST,08/12/2015 12:00:00 AM,REHAB,27240,10,7687.65356856,NOT CERTIFIED,,OWNER-OCCUPIED,PREVIOUSLY CERTIFIED,-84.528062,39.13019,,CUF,N/A,13148.85
a0FE000000HKjcYMAT,650 STRAIGHT ST,08/12/2015 12:00:00 AM,REHAB,18420,10,5198.47939548,NOT CERTIFIED,,OWNER-OCCUPIED,PREVIOUSLY CERTIFIED,-84.528062,39.13019,,CUF,N/A,7745.87
a0FE000000HKpCdMAL,7007 LOCKER CT,06/24/2015 12:00:00 AM,NEW,275000,10,77610.30585,NOT CERTIFIED,,OWNER-OCCUPIED,PREVIOUSLY CERTIFIED,-84.55985054,39.2020234700299,,COLLEGE HILL,COLLEGE HILL,271256
a0FE000000HKpLrMAL,525 HAWTHORNE AV,08/03/2015 12:00:00 AM,REHAB,128640,10,36304.68998016,NOT CERTIFIED,,OWNER-OCCUPIED,QUALIFIED,-84.56322898,39.0999266000299,,EAST PRICE HILL,EAST PRICE HILL,4282
a0FE000000HKqSOMA1,3724 ST LAWRENCE AV,08/14/2015 12:00:00 AM,NEW,,15,,CERTIFIED,,OWNER-OCCUPIED,QUALIFIED,-84.5124602,39.1014537,,EAST PRICE HILL,N/A,187866.82
a0FE000000HKqTRMA1,753 PURCELL AV,08/14/2015 12:00:00 AM,REHAB,204020,10,57578.38036188,NOT CERTIFIED,,OWNER-OCCUPIED,QUALIFIED,-84.56484579,39.1057198100299,,EAST PRICE HILL,EAST PRICE HILL,187866.82
a0FE000000HKqUVMA1,812 SUIRE AV,08/14/2015 12:00:00 AM,REHAB,201870,10,56971.60887978,NOT CERTIFIED,,OWNER-OCCUPIED,QUALIFIED,-84.58196415,39.1072138000299,,WEST PRICE HILL,WEST PRICE HILL,146275
a0FE000000HKqUuMAL,755 PURCELL AV,08/14/2015 12:00:00 AM,REHAB,242720,10,68500.26703968,NOT CERTIFIED,,OWNER-OCCUPIED,QUALIFIED,-84.56485263,39.1057737200299,,EAST PRICE HILL,EAST PRICE HILL,187866.82
a0FE000000HKqVTMA1,884 BEECH AV,08/14/2015 12:00:00 AM,REHAB,52860,10,14918.11188084,NOT CERTIFIED,,OWNER-OCCUPIED,QUALIFIED,-84.57742557,39.1093100100299,,WEST PRICE HILL,WEST PRICE HILL,68157
a0FE000000HKqcHMAT,2145 LURAY AVE,08/17/2015 12:00:00 AM,NEW,275000,10,77610.30585,NOT CERTIFIED,,OWNER-OCCUPIED,QUALIFIED,-84.4881499242358,39.1191545570845,,WALNUT HILLS,N/A,967300
a0FE000000HKqcvMAD,2212 MAPLEWOOD AV,08/17/2015 12:00:00 AM,REHAB,219830,10,62040.26740002,NOT CERTIFIED,,OWNER-OCCUPIED,QUALIFIED,-84.50434315,39.1214904500299,,MOUNT AUBURN,MOUNT AUBURN,51510
a0FE000000HKqdKMAT,229 W COURT ST,08/12/2015 12:00:00 AM,REHAB,275000,10,77610.30585,NOT CERTIFIED,,OWNER-OCCUPIED,QUALIFIED,-84.51849589,39.1055368800299,,DOWNTOWN CINCINNATI,WEST END,266856
a0FE000000HKqdZMAT,2777 WALSH RD,08/07/2015 12:00:00 AM,REHAB,218770,10,61741.11494838,NOT CERTIFIED,,OWNER-OCCUPIED,QUALIFIED,-84.44113064,39.1297778400299,,HYDE PARK,HYDE PARK,275710.47
a0FE000000HKqiPMAT,309 OREGON ST,08/12/2015 12:00:00 AM,NEW,597030,15,252740.07764523,CERTIFIED,,OWNER-OCCUPIED,QUALIFIED,-84.4981993394721,39.1046880496362,,MOUNT ADAMS,N/A,1225000
a0FE000000HKrAAMA1,641 RUSHTON RD,08/17/2015 12:00:00 AM,REHAB,181040,10,51092.98098576,NOT CERTIFIED,,RENTAL,QUALIFIED,-84.43377072,39.1206590500299,,COLUMBIA-TUSCULUM,COLUMBIA TUSCULUM,263621.12
a0FE000000HKrNVMA1,1432 RACE ST,08/12/2014 12:00:00 AM,REHAB,80950,10,22845.6518493,NOT CERTIFIED,,OWNER-OCCUPIED,QUALIFIED,-84.5169667690284,39.1107798508607,,OVER-THE-RHINE,N/A,99900
a0FE000000HKrTEMA1,1432 RACE ST,10/10/2014 12:00:00 AM,REHAB,206370,10,58241.59570278,NOT CERTIFIED,,OWNER-OCCUPIED,PREVIOUSLY CERTIFIED,-84.5169667690284,39.1107798508607,,OVER-THE-RHINE,N/A,259900
a0FE000000HKrUMMA1,1432 RACE ST,02/19/2015 12:00:00 AM,REHAB,146440,10,41328.19341336,NOT CERTIFIED,,OWNER-OCCUPIED,PREVIOUSLY CERTIFIED,-84.5169667690284,39.1107798508607,,OVER-THE-RHINE,N/A,199900
a0FE000000HKrWSMA1,1432 RACE ST,06/11/2014 12:00:00 AM,REHAB,93010,10,26249.21653494,NOT CERTIFIED,,OWNER-OCCUPIED,PREVIOUSLY CERTIFIED,-84.5169667690284,39.1107798508607,,OVER-THE-RHINE,N/A,105900
a0FE000000HKrWwMAL,1432 RACE ST,10/01/2014 12:00:00 AM,REHAB,183650,10,51829.5733431,NOT CERTIFIED,,OWNER-OCCUPIED,PREVIOUSLY CERTIFIED,-84.5169667690284,39.1107798508607,,OVER-THE-RHINE,N/A,261900
a0FE000000HKrXzMAL,1432 RACE ST,07/30/2014 12:00:00 AM,REHAB,96470,10,27225.69529218,NOT CERTIFIED,,OWNER-OCCUPIED,PREVIOUSLY CERTIFIED,-84.5169667690284,39.1107798508607,,OVER-THE-RHINE,N/A,115900
a0FE000000HKraAMAT,1432 RACE ST,07/25/2014 12:00:00 AM,REHAB,178990,10,50514.43143306,NOT CERTIFIED,,OWNER-OCCUPIED,PREVIOUSLY CERTIFIED,-84.5169667690284,39.1107798508607,,OVER-THE-RHINE,N/A,225900
a0FE000000HKrbcMAD,1432 RACE ST,06/05/2014 12:00:00 AM,NEW,149730,10,42256.69489062,NOT CERTIFIED,,OWNER-OCCUPIED,PREVIOUSLY CERTIFIED,-84.5169667690284,39.1107798508607,,OVER-THE-RHINE,N/A,179900
a0FE000000HKrdEMAT,1432 RACE ST,06/01/2014 12:00:00 AM,REHAB,244580,10,69025.19492652,NOT CERTIFIED,,OWNER-OCCUPIED,PREVIOUSLY CERTIFIED,-84.5169667690284,39.1107798508607,,OVER-THE-RHINE,N/A,299900
a0FE000000HKre2MAD,1432 RACE ST,09/03/2014 12:00:00 AM,REHAB,114610,10,32345.15328534,NOT CERTIFIED,,OWNER-OCCUPIED,PREVIOUSLY CERTIFIED,-84.5169667690284,39.1107798508607,,OVER-THE-RHINE,N/A,119900
a0FE000000HKrf0MAD,1432 RACE ST,11/12/2014 12:00:00 AM,REHAB,196340,10,55410.93618396,NOT CERTIFIED,,OWNER-OCCUPIED,PREVIOUSLY CERTIFIED,-84.5169667690284,39.1107798508607,,OVER-THE-RHINE,N/A,266900
a0FE000000HKrfoMAD,1432 RACE ST,11/18/2014 12:00:00 AM,REHAB,193610,10,54640.47751134,NOT CERTIFIED,,OWNER-OCCUPIED,PREVIOUSLY CERTIFIED,-84.5169667690284,39.1107798508607,,OVER-THE-RHINE,N/A,202900
a0FE000000HKrgDMAT,1432 RACE ST,11/07/2014 12:00:00 AM,REHAB,115270,10,32531.41801938,NOT CERTIFIED,,OWNER-OCCUPIED,PREVIOUSLY CERTIFIED,-84.5169667690284,39.1107798508607,,OVER-THE-RHINE,N/A,109900
a0FE000000HKu50MAD,1103 RUTLEDGE AV,08/18/2015 12:00:00 AM,REHAB,98760,10,27871.97747544,NOT CERTIFIED,,OWNER-OCCUPIED,QUALIFIED,-84.58798352,39.1120369200299,,WEST PRICE HILL,WEST PRICE HILL,72130
a0FE000000HKu5UMAT,3710 MAPLE PARK AV,03/30/2015 12:00:00 AM,NEW,15480,10,4368.75467112,NOT CERTIFIED,,OWNER-OCCUPIED,QUALIFIED,-84.44013251,39.1451806300299,,OAKLEY,HYDE PARK - OAKLEY,14700
a0FE000000HKu63MAD,3809 AIKENSIDE AV,07/15/2015 12:00:00 AM,REHAB,89260,10,25190.89418244,NOT CERTIFIED,,OWNER-OCCUPIED,QUALIFIED,-84.40966497,39.1763654900299,,KENNEDY HEIGHTS,KENNEDY HEIGHTS,53491
a0FE000000HKu7GMAT,6122 WEBBLAND PL,08/08/2015 12:00:00 AM,REHAB,201850,10,56965.9644939,NOT CERTIFIED,,OWNER-OCCUPIED,QUALIFIED,-84.4260907243061,39.1836428,,PLEASANT RIDGE,N/A,182500
a0FE000000HKuFrMAL,1432 RACE ST,08/13/2014 12:00:00 AM,REHAB,170600,10,48146.6115564,NOT CERTIFIED,,OWNER-OCCUPIED,PREVIOUSLY CERTIFIED,-84.5169667690284,39.1107798508607,,OVER-THE-RHINE,N/A,263900
a0FE000000HKuGGMA1,1432 RACE ST,08/21/2014 12:00:00 AM,REHAB,96840,10,27330.11643096,NOT CERTIFIED,,OWNER-OCCUPIED,PREVIOUSLY CERTIFIED,-84.5169667690284,39.1107798508607,,OVER-THE-RHINE,N/A,119900
a0FE000000HKuGpMAL,1432 RACE ST,06/01/2014 12:00:00 AM,REHAB,175750,10,49600.0409205,NOT CERTIFIED,,OWNER-OCCUPIED,PREVIOUSLY CERTIFIED,-84.5169667690284,39.1107798508607,,OVER-THE-RHINE,N/A,214000
a0FE000000HKuHiMAL,1432 RACE ST,06/01/2014 12:00:00 AM,REHAB,253670,10,71590.56830898,NOT CERTIFIED,,OWNER-OCCUPIED,PREVIOUSLY CERTIFIED,-84.5169667690284,39.1107798508607,,OVER-THE-RHINE,N/A,311500
a0FE000000HKuIMMA1,1432 RACE ST,07/03/2014 12:00:00 AM,REHAB,196300,10,55399.6474122,NOT CERTIFIED,,OWNER-OCCUPIED,PREVIOUSLY CERTIFIED,-84.5169667690284,39.1107798508607,,OVER-THE-RHINE,N/A,265900
a0FE000000HKuIqMAL,1432 RACE ST,02/25/2015 12:00:00 AM,REHAB,168360,10,47514.44033784,NOT CERTIFIED,,OWNER-OCCUPIED,PREVIOUSLY CERTIFIED,-84.5169667690284,39.1107798508607,,OVER-THE-RHINE,N/A,222900
a0FE000000HKuJeMAL,1432 RACE ST,12/23/2014 12:00:00 AM,REHAB,174620,10,49281.13311828,NOT CERTIFIED,,OWNER-OCCUPIED,PREVIOUSLY CERTIFIED,-84.5169667690284,39.1107798508607,,OVER-THE-RHINE,N/A,204900
a0FE000000HKuK8MAL,1432 RACE ST,02/06/2014 12:00:00 AM,REHAB,97870,10,27620.80230378,NOT CERTIFIED,,OWNER-OCCUPIED,PREVIOUSLY CERTIFIED,-84.5169667690284,39.1107798508607,,OVER-THE-RHINE,N/A,107900
a0FE000000HKuKSMA1,1432 RACE ST,08/20/2014 12:00:00 AM,REHAB,183780,10,51866.26185132,NOT CERTIFIED,,OWNER-OCCUPIED,PREVIOUSLY CERTIFIED,-84.5169667690284,39.1107798508607,,OVER-THE-RHINE,N/A,265900
a0FE000000HKuLGMA1,1432 RACE ST,03/04/2015 12:00:00 AM,REHAB,168360,10,47514.44033784,NOT CERTIFIED,,OWNER-OCCUPIED,PREVIOUSLY CERTIFIED,-84.5169667690284,39.1107798508607,,OVER-THE-RHINE,N/A,222900
a0FE000000HKvGBMA1,1 MERCER ST,07/29/2014 12:00:00 AM,REHAB,328360,10,92669.52737784,NOT CERTIFIED,,OWNER-OCCUPIED,PREVIOUSLY CERTIFIED,-84.515103,39.110259,,OVER-THE-RHINE,N/A,335900
a0FE000000HKvGfMAL,1 MERCER ST,07/15/2014 12:00:00 AM,NEW,285000,10,80432.49879,NOT CERTIFIED,,OWNER-OCCUPIED,PREVIOUSLY CERTIFIED,-84.51508158,39.1102433700299,,OVER-THE-RHINE,OTR,329900
a0FE000000HKvH9MAL,1 MERCER ST,07/02/2014 12:00:00 AM,NEW,328360,10,92669.52737784,NOT CERTIFIED,,OWNER-OCCUPIED,PREVIOUSLY CERTIFIED,-84.515103,39.110259,,OVER-THE-RHINE,N/A,389900
a0FE000000HKvHdMAL,1 MERCER ST,05/29/2014 12:00:00 AM,NEW,328360,10,92669.52737784,NOT CERTIFIED,,OWNER-OCCUPIED,PREVIOUSLY CERTIFIED,-84.515103,39.110259,,OVER-THE-RHINE,N/A,444900
a0FE000000HKvHsMAL,1 MERCER ST,06/01/2014 12:00:00 AM,NEW,328360,10,92669.52737784,NOT CERTIFIED,,OWNER-OCCUPIED,PREVIOUSLY CERTIFIED,-84.515103,39.110259,,OVER-THE-RHINE,N/A,335900
a0FE000000HKvIgMAL,1 MERCER ST,06/03/2014 12:00:00 AM,NEW,312000,10,88052.419728,NOT CERTIFIED,,OWNER-OCCUPIED,PREVIOUSLY CERTIFIED,-84.515103,39.110259,,OVER-THE-RHINE,N/A,335900
a0FE000000HKvJKMA1,1 MERCER ST,06/26/2014 12:00:00 AM,NEW,328360,10,92669.52737784,NOT CERTIFIED,,OWNER-OCCUPIED,PREVIOUSLY CERTIFIED,-84.515103,39.110259,,OVER-THE-RHINE,N/A,345900
a0FE000000HKvZcMAL,1 MERCER ST,06/01/2014 12:00:00 AM,NEW,314000,10,88616.858316,NOT CERTIFIED,,OWNER-OCCUPIED,PREVIOUSLY CERTIFIED,-84.515103,39.110259,,OVER-THE-RHINE,N/A,351000
a0FE000000HKvaaMAD,1 MERCER ST,06/10/2014 12:00:00 AM,NEW,328360,10,92669.52737784,NOT CERTIFIED,,OWNER-OCCUPIED,PREVIOUSLY CERTIFIED,-84.515103,39.110259,,OVER-THE-RHINE,N/A,414900
a0FE000000HKvc2MAD,5714 BRAMBLE AV,01/08/2015 12:00:00 AM,NEW,153370,10,43283.97312078,NOT CERTIFIED,,OWNER-OCCUPIED,PREVIOUSLY CERTIFIED,-84.39730834,39.1522254800299,,MADISONVILLE,MADISONVILLE,110000
a0FE000000HKvcIMAT,3727 DRAKE AV,08/20/2014 12:00:00 AM,REHAB,235680,10,66513.44320992,NOT CERTIFIED,,OWNER-OCCUPIED,QUALIFIED,-84.43585527,39.1453875200299,,OAKLEY,OAKLEY,255463.5
a0FE000000HKvchMAD,2727 MARKBREIT AV,01/23/2015 12:00:00 AM,REHAB,108150,10,30522.0166461,NOT CERTIFIED,,OWNER-OCCUPIED,QUALIFIED,-84.44104993,39.1519546400299,,OAKLEY,OAKLEY,242000
a0FE000000HKvdVMAT,3742 WOODLAND AV,12/08/2014 12:00:00 AM,REHAB,275000,10,77610.30585,NOT CERTIFIED,,OWNER-OCCUPIED,QUALIFIED,-84.43940095,39.1462252000299,,OAKLEY,HYDE PARK - OAKLEY,131160
a0FE000000HKve4MAD,3525 MICHIGAN AV,07/25/2014 12:00:00 AM,REHAB,187190,10,52828.62964386,NOT CERTIFIED,,OWNER-OCCUPIED,PREVIOUSLY CERTIFIED,-84.44192981,39.1405348600299,,HYDE PARK,HYDE PARK,232750
a0FE000000HKvenMAD,1322 OBSERVATORY DR,01/20/2015 12:00:00 AM,REHAB,239960,10,67721.34178824,NOT CERTIFIED,,OWNER-OCCUPIED,PREVIOUSLY CERTIFIED,-84.42498979,39.1351295500299,,HYDE PARK,HYDE PARK,383578.12
a0FE000000HKvfvMAD,3118 GRIEST AV,04/02/2015 12:00:00 AM,REHAB,275000,10,77610.30585,NOT CERTIFIED,,OWNER-OCCUPIED,QUALIFIED,-84.42849942,39.1346128600299,,HYDE PARK,HYDE PARK,249090.13
a0FE000000HKvgeMAD,2867 OBSERVATORY AV,01/20/2015 12:00:00 AM,REHAB,275000,10,77610.30585,NOT CERTIFIED,,OWNER-OCCUPIED,QUALIFIED,-84.43595261,39.1368575800299,,HYDE PARK,HYDE PARK,291688
a0FE000000HKviBMAT,3304 WESTSIDE AV,03/09/2015 12:00:00 AM,REHAB,106140,10,29954.75586516,NOT CERTIFIED,,OWNER-OCCUPIED,PREVIOUSLY CERTIFIED,-84.44532951,39.1363957700299,,HYDE PARK,HYDE PARK,143033.61
a0FE000000HKvj9MAD,2482 W ROOKWOOD CT,02/19/2015 12:00:00 AM,REHAB,460010,10,129823.69743294,NOT CERTIFIED,,OWNER-OCCUPIED,PREVIOUSLY CERTIFIED,-84.44866044,39.1324109800299,,HYDE PARK,HYDE PARK,67592
a0FE000000HKvjYMAT,2742 MARKBREIT AV,04/24/2014 12:00:00 AM,REHAB,151360,10,42716.71233984,NOT CERTIFIED,,OWNER-OCCUPIED,QUALIFIED,-84.44042197,39.1523076200299,,OAKLEY,OAKLEY,123678
a0FE000000HKvkCMAT,2914 MINOT AV,08/20/2015 12:00:00 AM,REHAB,72940,10,20585.07530436,NOT CERTIFIED,,OWNER-OCCUPIED,QUALIFIED,-84.43482988,39.1528146500299,,OAKLEY,OAKLEY,
a0FE000000HKvkbMAD,2356 PARK AVE,01/23/2014 12:00:00 AM,REHAB,257380,10,72637.60188972,NOT CERTIFIED,,OWNER-OCCUPIED,PREVIOUSLY CERTIFIED,-84.48623,39.1246,,WALNUT HILLS,N/A,161202.4
a0FE000000HKvl0MAD,1223 JACKSON ST,07/08/2014 12:00:00 AM,REHAB,275000,10,77610.30585,NOT CERTIFIED,,OWNER-OCCUPIED,PREVIOUSLY CERTIFIED,-84.514237,39.109107,,OVER-THE-RHINE,N/A,337595
a0FE000000HKvlPMAT,1223 JACKSON ST,08/08/2014 12:00:00 AM,REHAB,196880,10,55563.33460272,NOT CERTIFIED,,OWNER-OCCUPIED,PREVIOUSLY CERTIFIED,-84.514237,39.109107,,OVER-THE-RHINE,N/A,199900
a0FE000000HKvloMAD,1432 RACE ST,09/17/2014 12:00:00 AM,REHAB,184560,10,52086.39290064,NOT CERTIFIED,,OWNER-OCCUPIED,PREVIOUSLY CERTIFIED,-84.5169667690284,39.1107798508607,,OVER-THE-RHINE,N/A,229900
a0FE000000HKwcUMAT,1432 RACE ST,09/30/2014 12:00:00 AM,REHAB,180890,10,51050.64809166,NOT CERTIFIED,,OWNER-OCCUPIED,PREVIOUSLY CERTIFIED,-84.5169667690284,39.1107798508607,,OVER-THE-RHINE,N/A,229900
a0FE000000HKwdNMAT,1307 REPUBLIC ST,04/02/2015 12:00:00 AM,REHAB,264630,10,74683.69177122,NOT CERTIFIED,,OWNER-OCCUPIED,PREVIOUSLY CERTIFIED,-84.51619381,39.1096010100299,,OVER-THE-RHINE,OTR,294500
a0FE000000HKwdcMAD,18 W THIRTEENTH ST,03/09/2015 12:00:00 AM,REHAB,231610,10,65364.81068334,NOT CERTIFIED,,OWNER-OCCUPIED,PREVIOUSLY CERTIFIED,-84.5160001,39.1094369,,OVER-THE-RHINE,N/A,285000
a0FE000000HKwf0MAD,18 W THIRTEENTH ST,03/02/2015 12:00:00 AM,REHAB,240400,10,67845.5182776,NOT CERTIFIED,,OWNER-OCCUPIED,PREVIOUSLY CERTIFIED,-84.5160001,39.1094369,,OVER-THE-RHINE,N/A,275000
a0FE000000HKwlyMAD,18 W THIRTEENTH ST,08/16/2015 12:00:00 AM,REHAB,189520,10,53486.20059888,NOT CERTIFIED,,OWNER-OCCUPIED,QUALIFIED,-84.5160001,39.1094369,,OVER-THE-RHINE,N/A,
a0FE000000HKwrkMAD,4247 WILLIAMSON PL,08/24/2015 12:00:00 AM,REHAB,219970,10,62079.77810118,NOT CERTIFIED,,OWNER-OCCUPIED,QUALIFIED,-84.53730095,39.1646649200299,,NORTHSIDE,NORTHSIDE,98963.97
a0FE000000HL0hqMAD,1040 CATAWBA VALLEY RD,08/24/2015 12:00:00 AM,NEW,562000,15,237910.864842,GOLD,07/09/2015 12:00:00 AM,OWNER-OCCUPIED,PREVIOUSLY CERTIFIED,-84.42324817,39.1183059100299,,MOUNT LOOKOUT,MOUNT LOOKOUT,837084.85
a0FE000000HL0qAMAT,1638 CHASE AV,08/13/2015 12:00:00 AM,REHAB,19170,10,5410.14386598,NOT CERTIFIED,,OWNER-OCCUPIED,QUALIFIED,-84.541629,39.1636111100299,,NORTHSIDE,NORTHSIDE,30881.18
a0FE000000HL2vdMAD,757 PURCELL AV,08/19/2015 12:00:00 AM,REHAB,219130,10,61842.71389422,NOT CERTIFIED,,OWNER-OCCUPIED,QUALIFIED,-84.56485171,39.1058318500299,,EAST PRICE HILL,EAST PRICE HILL,187866.8
a0FE000000HL69kMAD,4027 CLIFTON AV,07/29/2015 12:00:00 AM,REHAB,204110,10,57603.78009834,NOT CERTIFIED,,OWNER-OCCUPIED,QUALIFIED,-84.5152255,39.1587492100299,,CLIFTON,CLIFTON,225000
a0FE000000HL9jPMAT,1322 APJONES ST,08/27/2015 12:00:00 AM,REHAB,196290,10,55396.82521926,NOT CERTIFIED,,OWNER-OCCUPIED,QUALIFIED,-84.53389206,39.1651913600299,,NORTHSIDE,NORTHSIDE,105000
a0FE000000HLHq7MAH,2503 LANGDON FARM RD,09/04/2015 12:00:00 AM,REHAB,100010,10,28224.75159294,NOT CERTIFIED,,OWNER-OCCUPIED,QUALIFIED,-84.44373663,39.1814494700298,,PLEASANT RIDGE,PLEASANT RIDGE,72773
a0FE000000HLJQCMA5,2033 FAITH ST,08/31/2015 12:00:00 AM,NEW,267570,10,75513.41649558,NOT CERTIFIED,,OWNER-OCCUPIED,PREVIOUSLY CERTIFIED,-84.45590794,39.1781937500299,,BOND HILL,BOND HILL,268555
a0FE000000HLMtRMAX,2939 CLEINVIEW AV,08/31/2015 12:00:00 AM,REHAB,128700,10,36321.6231378,NOT CERTIFIED,,OWNER-OCCUPIED,QUALIFIED,-84.47381101,39.1312365500299,,EAST WALNUT HILLS,EAST WALNUT HILLS,94346.82
a0FE000000HLMuyMAH,753 WAYNE ST,09/11/2015 12:00:00 AM,REHAB,121140,10,34188.04527516,NOT CERTIFIED,,OWNER-OCCUPIED,QUALIFIED,-84.49264876,39.1251103700299,,WALNUT HILLS,WALNUT HILLS,15442.26
a0FE000000HLMvmMAH,537 LIBERTY HILL,08/24/2015 12:00:00 AM,REHAB,0,10,0,NOT CERTIFIED,,OWNER-OCCUPIED,QUALIFIED,-84.50564589,39.1120415400299,,PENDLETON,MOUNT AUBURN,166356.24
a0FE000000HLMwLMAX,2994 EDEN AV,08/25/2015 12:00:00 AM,NEW,215200,15,91100.3881032,CERTIFIED,04/01/2014 12:00:00 AM,OWNER-OCCUPIED,QUALIFIED,-84.50559889,39.1337884900299,,CORRYVILLE,CORRYVILLE,233000
a0FE000000HLr6FMAT,3306 BACH AV,11/16/2012 12:00:00 AM,NEW,290700,15,123061.7231487,SILVER,04/01/2013 12:00:00 AM,OWNER-OCCUPIED,PREVIOUSLY CERTIFIED,-84.42452803,39.1530190200299,,OAKLEY,OAKLEY,242860
a0FE000000HLwwzMAD,209 E ROCHELLE ST,09/16/2015 12:00:00 AM,NEW,185240,15,78417.45303084,SILVER,02/01/2015 12:00:00 AM,OWNER-OCCUPIED,PREVIOUSLY CERTIFIED,-84.50523853,39.1337645100299,,CORRYVILLE,CORRYVILLE,249000
a0FE000000HM4cxMAD,4118 LAKEMAN ST,09/02/2015 12:00:00 AM,REHAB,164890,10,46535.13938766,NOT CERTIFIED,,OWNER-OCCUPIED,QUALIFIED,-84.54430313,39.1615023100299,,NORTHSIDE,NORTHSIDE,161881
a0FE000000HM4dbMAD,4229 FERGUS ST,09/02/2015 12:00:00 AM,REHAB,212960,10,60101.42085024,NOT CERTIFIED,,OWNER-OCCUPIED,QUALIFIED,-84.53642347,39.1641134800299,,NORTHSIDE,NORTHSIDE,117622.04
a0FE000000HM51DMAT,521 MISSOURI AV,09/17/2015 12:00:00 AM,NEW,400000,15,169331.5764,SILVER,07/31/2015 12:00:00 AM,OWNER-OCCUPIED,PREVIOUSLY CERTIFIED,-84.43329355,39.1195635300299,,COLUMBIA-TUSCULUM,COLUMBIA TUSCULUM,715985
a0FE000000HM9nkMAD,3940 WESS PARK DR,09/14/2015 12:00:00 AM,REHAB,275000,10,77610.30585,NOT CERTIFIED,,OWNER-OCCUPIED,QUALIFIED,-84.49864631,39.1587173200299,,NORTH AVONDALE,NORTH AVONDALE,132505.3
a0FE000000HMBk4MAH,4232 LAMBSTON ST,01/23/2015 12:00:00 AM,NEW,321820,15,136235.71979262,SILVER,10/01/2015 12:00:00 AM,OWNER-OCCUPIED,PREVIOUSLY CERTIFIED,-84.5525444897959,39.1671101836735,,NORTHSIDE,N/A,250000
a0FE000000HMCq8MAH,2716 ARBOR AV,09/18/2015 12:00:00 AM,REHAB,172160,10,48586.87365504,NOT CERTIFIED,,OWNER-OCCUPIED,QUALIFIED,-84.44180909,39.1478472200299,,OAKLEY,OAKLEY,149496.82
a0FE000000HMI0nMAH,1422 PLEASANT ST,09/16/2015 12:00:00 AM,REHAB,15750,10,4444.9538805,NOT CERTIFIED,,OWNER-OCCUPIED,QUALIFIED,-84.5177537346939,39.1105759387755,,OVER-THE-RHINE,N/A,87737
a0FE000000HMI1BMAX,3049 LAVINIA AV,09/15/2015 12:00:00 AM,NEW,249890,15,105785.66906649,GOLD,,OWNER-OCCUPIED,QUALIFIED,-84.46055571,39.1344023600299,,EVANSTON,HYDE PARK,226453
a0FE000000HMI1qMAH,1612 PLEASANT ST,09/17/2015 12:00:00 AM,REHAB,187180,10,52825.80745092,NOT CERTIFIED,,OWNER-OCCUPIED,QUALIFIED,-84.51842295,39.1135386900299,,OVER-THE-RHINE,OTR,80280
a0FE000000HMKBxMAP,309 OREGON ST,09/30/2015 12:00:00 AM,NEW,275000,15,116415.458775,CERTIFIED,,OWNER-OCCUPIED,PREVIOUSLY CERTIFIED,-84.4981993394721,39.1046880496362,,MOUNT ADAMS,N/A,816143.91
a0FE000000HMKCqMAP,5351 GRAND VISTA CT,09/30/2015 12:00:00 AM,NEW,562000,15,237910.864842,GOLD,,OWNER-OCCUPIED,PREVIOUSLY CERTIFIED,-84.38635621,39.1650761500299,,MADISONVILLE,MADISONVILLE,772267
a0FE000000HMPx6MAH,2024 FAITH ST,09/28/2015 12:00:00 AM,NEW,268800,10,75860.5462272,NOT CERTIFIED,,OWNER-OCCUPIED,QUALIFIED,-84.45618049,39.1791119100299,,BOND HILL,BOND HILL,256650
a0FE000000HMPxkMAH,1522 RUTH AV,09/18/2015 12:00:00 AM,REHAB,200130,10,56480.54730822,NOT CERTIFIED,,OWNER-OCCUPIED,QUALIFIED,-84.47816869,39.1394245500299,,EVANSTON,EVANSTON,183959.91
a0FE000000HMQ2tMAH,925 EDWARDS RD,09/18/2015 12:00:00 AM,REHAB,151460,10,42744.93426924,NOT CERTIFIED,,OWNER-OCCUPIED,QUALIFIED,-84.44489564,39.1274674400299,,HYDE PARK,HYDE PARK,125000
a0FE000000HMQ3DMAX,LAVINIA AVE,09/25/2015 12:00:00 AM,NEW,249710,15,105709.46985711,GOLD,,OWNER-OCCUPIED,QUALIFIED,-84.46022,39.133853,,EVANSTON,N/A,251000
a0FE000000IR1QaMAL,4250 FERGUS ST,10/01/2015 12:00:00 AM,REHAB,219550,10,61961.2459977,NOT CERTIFIED,,OWNER-OCCUPIED,QUALIFIED,-84.53598441,39.1651906000299,,NORTHSIDE,NORTHSIDE,116647.55
a0FE000000IR1RrMAL,1436 APJONES ST,10/01/2015 12:00:00 AM,REHAB,275000,10,77610.30585,NOT CERTIFIED,,OWNER-OCCUPIED,QUALIFIED,-84.53598989,39.1650147400299,,NORTHSIDE,NORTHSIDE,116647.55
a0FE000000IR21TMAT,4212 TURRILL ST,08/13/2015 12:00:00 AM,REHAB,187850,10,53014.8943779,NOT CERTIFIED,,OWNER-OCCUPIED,QUALIFIED,-84.54118125,39.1639609100299,,NORTHSIDE,NORTHSIDE,105000
a0FE000000IR23KMAT,3224 LOOKOUT CIR,08/03/2015 12:00:00 AM,REHAB,234280,10,66118.33619832,NOT CERTIFIED,,OWNER-OCCUPIED,QUALIFIED,-84.42542911,39.1287278100299,,MOUNT LOOKOUT,MOUNT LOOKOUT,197445.72
a0FE000000IR2aZMAT,413 STRAFER ST,10/07/2015 12:00:00 AM,NEW,400000,15,169331.5764,SILVER,12/16/2014 12:00:00 AM,OWNER-OCCUPIED,PREVIOUSLY CERTIFIED,-84.4362646,39.1162151000299,,COLUMBIA-TUSCULUM,COLUMBIA TUSCULUM,542252.6
a0FE000000IR4y1MAD,2806 EUCLID AV,09/24/2015 12:00:00 AM,REHAB,212430,10,59951.84462442,NOT CERTIFIED,,OWNER-OCCUPIED,QUALIFIED,-84.50737388,39.1319133500299,,CORRYVILLE,CORRYVILLE,160000
a0FE000000IR7D4MAL,1941 CHASE AV,10/15/2015 12:00:00 AM,NEW,275000,10,77610.30585,NOT CERTIFIED,,OWNER-OCCUPIED,PREVIOUSLY CERTIFIED,-84.5528158,39.1666350800299,,NORTHSIDE,NORTHSIDE,274452
a0FE000000IR920MAD,1535 REPUBLIC ST,07/01/2015 12:00:00 AM,REHAB,275000,10,77610.30585,NOT CERTIFIED,,OWNER-OCCUPIED,QUALIFIED,-84.51692602,39.1126287700299,,OVER-THE-RHINE,OTR,581396.56
a0FE000000IR92OMAT,831 YORK ST,10/14/2015 12:00:00 AM,REHAB,143680,10,40549.26816192,NOT CERTIFIED,,OWNER-OCCUPIED,QUALIFIED,-84.52810459,39.1170486200299,,WEST END,WEST END,77166.9
a0FE000000IR92iMAD,1333 PARKRIDGE PL,08/31/2015 12:00:00 AM,REHAB,148090,10,41793.85524846,NOT CERTIFIED,,OWNER-OCCUPIED,QUALIFIED,-84.42443667,39.1357278100299,,MOUNT LOOKOUT,MOUNT LOOKOUT,153455
a0FE000000IR932MAD,3245 NASH AV,10/13/2015 12:00:00 AM,REHAB,259520,10,73241.55117888,NOT CERTIFIED,,OWNER-OCCUPIED,QUALIFIED,-84.43153956,39.1251323300299,,MOUNT LOOKOUT,MOUNT LOOKOUT,147500
a0FE000000IR95DMAT,1525 RUTH AV,08/17/2015 12:00:00 AM,REHAB,217260,10,61314.96381444,NOT CERTIFIED,,OWNER-OCCUPIED,QUALIFIED,-84.47795318,39.1389844200299,,EVANSTON,EVANSTON,171953.52
a0FE000000IR9ONMA1,18 E 14TH ST,10/06/2015 12:00:00 AM,REHAB,400000,10,112887.7176,SILVER,09/01/2015 12:00:00 AM,OWNER-OCCUPIED,PREVIOUSLY CERTIFIED,-84.51464658,39.1111170900299,,OVER-THE-RHINE,OTR,589000
a0FE000000IRA7eMAH,4232 FERGUS ST,10/15/2015 12:00:00 AM,REHAB,173350,10,48922.7146149,NOT CERTIFIED,,OWNER-OCCUPIED,QUALIFIED,-84.53600108,39.1643894900299,,NORTHSIDE,NORTHSIDE,142428
a0FE000000IRAJ0MAP,432 EVANSWOOD PL,10/13/2015 12:00:00 AM,REHAB,55490,10,15660.34862406,NOT CERTIFIED,,OWNER-OCCUPIED,QUALIFIED,-84.5235811836735,39.1473048163265,,CLIFTON,N/A,39737.5
a0FE000000IRBQBMA5,4023 PAXTON AVE,10/06/2015 12:00:00 AM,REHAB,142540,10,40227.53816676,NOT CERTIFIED,,OWNER-OCCUPIED,QUALIFIED,-84.4245387886462,39.150825980777,,OAKLEY,N/A,86664.67
a0FE000000IRBWJMA5,5355 GRAND VISTA CT,10/21/2015 12:00:00 AM,NEW,562000,15,237910.864842,GOLD,09/01/2015 12:00:00 AM,OWNER-OCCUPIED,PREVIOUSLY CERTIFIED,-84.38637467,39.1653697000299,,MADISONVILLE,MADISONVILLE,726622
a0FE000000IRBYAMA5,819 ELLISON AV,10/01/2015 12:00:00 AM,REHAB,102420,10,28904.90009148,NOT CERTIFIED,,OWNER-OCCUPIED,QUALIFIED,-84.43103357,39.1248609200299,,MOUNT LOOKOUT,MOUNT LOOKOUT,245000
a0FE000000IRC7gMAH,3088 HENSHAW AV,10/14/2015 12:00:00 AM,REHAB,98750,10,27869.1552825,NOT CERTIFIED,,OWNER-OCCUPIED,QUALIFIED,-84.53736573,39.1406488800299,,CAMP WASHINGTON,CAMP WASHINGTON,116283
a0FE000000IRCD0MAP,2918 VAN DYKE DR,09/21/2015 12:00:00 AM,REHAB,,10,,NOT CERTIFIED,,OWNER-OCCUPIED,QUALIFIED,-84.5124602,39.1014537,,MOUNT LOOKOUT,N/A,22929
a0FE000000IRDEBMA5,2035 FAITH ST,10/23/2015 12:00:00 AM,NEW,253260,10,71474.85839844,NOT CERTIFIED,,OWNER-OCCUPIED,QUALIFIED,-84.45573137,39.1781884900299,,BOND HILL,BOND HILL,266945
a0FE000000IRFKpMAP,1331 MICHIGAN AV,10/20/2015 12:00:00 AM,REHAB,400000,10,112887.7176,SILVER,10/01/2015 12:00:00 AM,OWNER-OCCUPIED,QUALIFIED,-84.44231426,39.1362475000299,,HYDE PARK,HYDE PARK,437841
a0FE000000IRFMqMAP,119 E TWELFTH ST,07/27/2015 12:00:00 AM,REHAB,275000,10,77610.30585,NOT CERTIFIED,,RENTAL,QUALIFIED,-84.5124369477401,39.1084751,,OVER-THE-RHINE,N/A,120000
a0FE000000IRFNjMAP,119 E TWELFTH ST,07/27/2015 12:00:00 AM,REHAB,200970,10,56717.61151518,NOT CERTIFIED,,RENTAL,QUALIFIED,-84.5124369477401,39.1084751,,OVER-THE-RHINE,N/A,80000
a0FE000000IRFOIMA5,119 E TWELFTH ST,07/27/2015 12:00:00 AM,REHAB,200970,10,56717.61151518,NOT CERTIFIED,,RENTAL,QUALIFIED,-84.5124369477401,39.1084751,,OVER-THE-RHINE,N/A,80000
a0FE000000IRKDRMA5,6616 CORBLY ST,11/02/2015 12:00:00 AM,NEW,275000,10,77610.30585,NOT CERTIFIED,,OWNER-OCCUPIED,PREVIOUSLY CERTIFIED,-84.37388805,39.0954357200299,,MOUNT WASHINGTON,MOUNT WASHINGTON,196000
a0FE000000IRL6pMAH,4415 HAIGHT AV,11/03/2015 12:00:00 AM,NEW,510590,15,216147.52398519,GOLD,10/22/2015 12:00:00 AM,OWNER-OCCUPIED,PREVIOUSLY CERTIFIED,-84.54165163,39.1693697800299,,,NORTHSIDE,725112.56
a0FE000000IRM7cMAH,437 HOPKINS ST,10/28/2015 12:00:00 AM,REHAB,275000,10,77610.30585,NOT CERTIFIED,,OWNER-OCCUPIED,QUALIFIED,-84.52279705,39.1079792400299,,WEST END,WEST END,261478.16
a0FE000000IRMB2MAP,3003 OBSERVATORY AVE,10/23/2015 12:00:00 AM,REHAB,275000,10,77610.30585,NOT CERTIFIED,,OWNER-OCCUPIED,QUALIFIED,-84.429332,39.136602,,HYDE PARK,N/A,496666.93
a0FE000000IRMBvMAP,558 MILTON ST,10/28/2015 12:00:00 AM,REHAB,275000,10,77610.30585,NOT CERTIFIED,,OWNER-OCCUPIED,QUALIFIED,-84.50430732,39.1131920400299,,MOUNT AUBURN,MOUNT AUBURN,96375
a0FE000000IRPP9MAP,4224 CHERRY ST,11/03/2015 12:00:00 AM,REHAB,235790,10,66544.48733226,NOT CERTIFIED,,OWNER-OCCUPIED,QUALIFIED,-84.54198687,39.1645146700299,,NORTHSIDE,NORTHSIDE,174684.27
a0FE000000IRQ69MAH,3814 MILLSBRAE AV,11/02/2015 12:00:00 AM,REHAB,250660,10,70741.08823404,NOT CERTIFIED,,OWNER-OCCUPIED,QUALIFIED,-84.43937872,39.1484366100299,,OAKLEY,OAKLEY,234597.49
a0FE000000IRQDPMA5,3428 STETTINIUS AV,11/03/2015 12:00:00 AM,REHAB,198480,10,56014.88547312,NOT CERTIFIED,,OWNER-OCCUPIED,QUALIFIED,-84.44820019,39.1387840800299,,HYDE PARK,HYDE PARK,301157
a0FE000000IRQE3MAP,1048 HATCH ST,11/03/2015 12:00:00 AM,REHAB,206280,10,58216.19596632,NOT CERTIFIED,,OWNER-OCCUPIED,QUALIFIED,-84.49347223,39.1092917200299,,MOUNT ADAMS,MOUNT ADAMS,101254
a0FE000000IRQF1MAP,3461 WINDISCH AVE,11/02/2015 12:00:00 AM,REHAB,275000,10,77610.30585,NOT CERTIFIED,,OWNER-OCCUPIED,QUALIFIED,-84.4184367759516,39.130650392088,,MOUNT LOOKOUT,N/A,158939
a0FE000000IRQG9MAP,431 BOAL ST,11/02/2015 12:00:00 AM,REHAB,143480,10,40492.82430312,NOT CERTIFIED,,OWNER-OCCUPIED,QUALIFIED,-84.5077661,39.1137020700299,,MOUNT AUBURN,MOUNT AUBURN,144760.66
a0FE000000IRUnPMAX,548 EAST THIRTEENTH ST,11/09/2015 12:00:00 AM,REHAB,,10,,NOT CERTIFIED,,OWNER-OCCUPIED,QUALIFIED,-84.5124602,39.1014537,,PENDLETON,N/A,125315
a0FE000000IRUnyMAH,4322 BEECH HILL AV,11/10/2015 12:00:00 AM,REHAB,259980,10,73371.37205412,NOT CERTIFIED,,OWNER-OCCUPIED,QUALIFIED,-84.53621777,39.1666695500299,,NORTHSIDE,NORTHSIDE,88087.79
a0FE000000IRWO7MAP,3142 PARKVIEW AV,11/16/2015 12:00:00 AM,NEW,236640,10,66784.37373216,NOT CERTIFIED,,OWNER-OCCUPIED,PREVIOUSLY CERTIFIED,-84.42884476,39.1807294500299,,PLEASANT RIDGE,PLEASANT RIDGE,214000
a0FE000000IRXsBMAX,16 FOREST HILL LN,11/03/2015 12:00:00 AM,REHAB,328360,10,92669.52737784,NOT CERTIFIED,,OWNER-OCCUPIED,QUALIFIED,-84.40914488,39.1444940800299,,HYDE PARK,HYDE PARK,1590885
a0FE000000IRa2kMAD,1878 KNOX ST,11/16/2015 12:00:00 AM,REHAB,45040,10,12711.15700176,NOT CERTIFIED,,RENTAL,QUALIFIED,-84.55817407,39.1297105600299,,SOUTH FAIRMOUNT,SOUTH FAIRMOUNT,44950
a0FE000000IRa8GMAT,4212 BADGELEY CIR,11/23/2015 12:00:00 AM,NEW,237290,10,66967.81627326,NOT CERTIFIED,,OWNER-OCCUPIED,PREVIOUSLY CERTIFIED,-84.55125636,39.1663907900299,,NORTHSIDE,NORTHSIDE,224150
a0FE000000IRdKQMA1,3156 LOOKOUT CIR,11/18/2015 12:00:00 AM,REHAB,275000,10,77610.30585,NOT CERTIFIED,,OWNER-OCCUPIED,QUALIFIED,-84.42770547,39.1288951300299,,MOUNT LOOKOUT,MOUNT LOOKOUT,570000
a0FE000000IRfHcMAL,5803 RIDGE AV,11/02/2015 12:00:00 AM,REHAB,170020,10,47982.92436588,NOT CERTIFIED,,OWNER-OCCUPIED,QUALIFIED,-84.42775528,39.1774135800298,,PLEASANT RIDGE,PLEASANT RIDGE,112600
a0FE000000IRfIuMAL,6264 BONA VISTA PL,10/15/2015 12:00:00 AM,REHAB,129070,10,36426.04427658,NOT CERTIFIED,,OWNER-OCCUPIED,QUALIFIED,-84.43182348,39.1877438200299,,PLEASANT RIDGE,PLEASANT RIDGE,160000
a0FE000000IRfQWMA1,1017 FISK AV,08/21/2015 12:00:00 AM,REHAB,113910,10,32147.59977954,NOT CERTIFIED,,OWNER-OCCUPIED,QUALIFIED,-84.58675652,39.1113405700299,,WEST PRICE HILL,WEST PRICE HILL,83320
a0FE000000IRgEEMA1,610 MAPLE AV,11/24/2015 12:00:00 AM,REHAB,395170,10,111524.59840998,NOT CERTIFIED,,OWNER-OCCUPIED,QUALIFIED,-84.49399908,39.1422632900299,,AVONDALE,AVONDALE,382004.43
a0FE000000IRgbgMAD,311 W 4TH ST,12/03/2015 12:00:00 AM,NEW,562000,15,237910.864842,GOLD,,OWNER-OCCUPIED,PREVIOUSLY CERTIFIED,-84.51782098,39.0989557000299,,DOWNTOWN CINCINNATI,DOWNTOWN,827892.63
a0FE000000IRlk3MAD,16 E 14TH ST,11/16/2015 12:00:00 AM,REHAB,400000,10,112887.7176,SILVER,09/01/2015 12:00:00 AM,OWNER-OCCUPIED,QUALIFIED,-84.51471329,39.1111076900299,,OVER-THE-RHINE,OTR,557500
a0FE000000IRm8HMAT,1832 LARCHWOOD PL,11/25/2015 12:00:00 AM,REHAB,16620,10,4690.48466628,NOT CERTIFIED,,OWNER-OCCUPIED,QUALIFIED,-84.45758106,39.1942510900299,,ROSELAWN,ROSELAWN,40500
a0FE000000IRy5yMAD,3805 ISABELLA AV,12/03/2015 12:00:00 AM,REHAB,208600,10,58870.9447284,NOT CERTIFIED,,OWNER-OCCUPIED,QUALIFIED,-84.43286743,39.1475448600299,,OAKLEY,OAKLEY,288750
a0FE000000IRy7MMAT,3523 HARROW AV,12/10/2015 12:00:00 AM,REHAB,154330,10,43554.90364302,NOT CERTIFIED,,OWNER-OCCUPIED,QUALIFIED,-84.41972259,39.1573315300299,,OAKLEY,OAKLEY,174696
a0FE000000IRy85MAD,3751 MT VERNON AV,12/03/2015 12:00:00 AM,REHAB,66610,10,18798.62717334,NOT CERTIFIED,,OWNER-OCCUPIED,QUALIFIED,-84.43183543,39.1461447100299,,OAKLEY,OAKLEY,99526.73
a0FE000000IRy9IMAT,3125 WOODSFIELD ST,11/30/2015 12:00:00 AM,REHAB,73450,10,20729.0071443,NOT CERTIFIED,,OWNER-OCCUPIED,QUALIFIED,-84.42805519,39.1826473700299,,PLEASANT RIDGE,PLEASANT RIDGE,62750
a0FE000000IRyAaMAL,3734 HYDE PARK AV,11/30/2015 12:00:00 AM,REHAB,275000,10,77610.30585,NOT CERTIFIED,,OWNER-OCCUPIED,QUALIFIED,-84.43684655,39.1457293500299,,OAKLEY,OAKLEY,189213
a0FE000000IRzJXMA1,434 NORTHERN AV,12/07/2015 12:00:00 AM,NEW,266700,15,112901.8285647,SILVER,,OWNER-OCCUPIED,QUALIFIED,-84.49841374,39.1438351500299,,AVONDALE,AVONDALE,205900
a0FE000000IRzLxMAL,3688 SAYBROOK AV,11/16/2015 12:00:00 AM,REHAB,91870,10,25927.48653978,NOT CERTIFIED,,OWNER-OCCUPIED,QUALIFIED,-84.41125742,39.1419914800299,,HYDE PARK,HYDE PARK,154143.56
a0FE000000IRzMlMAL,4314 DANE AV,12/15/2015 12:00:00 AM,REHAB,159380,10,44980.11107772,NOT CERTIFIED,,OWNER-OCCUPIED,QUALIFIED,-84.53259081,39.1666128800299,,NORTHSIDE,NORTHSIDE,132500
a0FE000000IS0wOMAT,2532 FOXCOVE CT,12/15/2015 12:00:00 AM,NEW,282650,15,119653.92517365,SILVER,,OWNER-OCCUPIED,QUALIFIED,-84.57849611,39.1498203000299,,WESTWOOD,WESTWOOD,172400
a0FE000000IS10zMAD,438 NORTHERN AV,12/14/2015 12:00:00 AM,NEW,266700,15,112901.8285647,SILVER,,OWNER-OCCUPIED,PREVIOUSLY CERTIFIED,-84.49829091,39.1438279900299,,AVONDALE,AVONDALE,194900
a0FE000000IS15wMAD,400 BAUM ST,12/18/2015 12:00:00 AM,NEW,1185080,15,501678.66140028,PLATINUM,,OWNER-OCCUPIED,PREVIOUSLY CERTIFIED,-84.50105904,39.1056071800299,,MOUNT ADAMS,MOUNT ADAMS,1280692.2
a0FE000000IS1CsMAL,1281 IDA ST,12/18/2015 12:00:00 AM,NEW,562000,15,237910.864842,GOLD,12/03/2015 12:00:00 AM,OWNER-OCCUPIED,PREVIOUSLY CERTIFIED,-84.49914655,39.1114443800299,,MOUNT ADAMS,MOUNT ADAMS,858593.41
a0FE000000IS3CtMAL,3011 COHOON ST,12/21/2015 12:00:00 AM,NEW,418740,15,177264.76075434,GOLD,11/01/2015 12:00:00 AM,OWNER-OCCUPIED,PREVIOUSLY CERTIFIED,-84.4630789,39.1325115300299,,EVANSTON,EVANSTON,375000
a0FE000000IS7ALMA1,2145 LURAY AVE,12/28/2015 12:00:00 AM,REHAB,275000,10,77610.30585,NOT CERTIFIED,,OWNER-OCCUPIED,QUALIFIED,-84.4881499242358,39.1191545570845,,WALNUT HILLS,N/A,800000
a0FE000000IS8FiMAL,2131 RIVERSIDE DR,12/29/2015 12:00:00 AM,NEW,400000,15,169331.5764,SILVER,11/25/2015 12:00:00 AM,OWNER-OCCUPIED,PREVIOUSLY CERTIFIED,-84.47309236,39.1222260300299,,EAST END,EAST END,446000
a0FE000000IS9d6MAD,1504 PULLAN AV,12/21/2015 12:00:00 AM,REHAB,177810,10,50181.41266614,NOT CERTIFIED,,OWNER-OCCUPIED,QUALIFIED,-84.53631128,39.1660005500298,,NORTHSIDE,NORTHSIDE,67000
a0FE000000IS9duMAD,3522 MOONEY AV,12/23/2015 12:00:00 AM,REHAB,140380,10,39617.94449172,NOT CERTIFIED,,OWNER-OCCUPIED,QUALIFIED,-84.44547705,39.1408615100299,,HYDE PARK,HYDE PARK,209949.23
a0FE000000IS9eOMAT,1322 EDWARDS RD,12/18/2015 12:00:00 AM,REHAB,308330,10,87016.67491902,NOT CERTIFIED,,OWNER-OCCUPIED,QUALIFIED,-84.44329129,39.1360391600299,,HYDE PARK,HYDE PARK,290111
a0FE000000IS9jHMAT,1310 AULT VIEW AV,12/23/2015 12:00:00 AM,REHAB,164300,10,46368.6300042,NOT CERTIFIED,,OWNER-OCCUPIED,QUALIFIED,-84.41961001,39.1339895200299,,MOUNT LOOKOUT,MOUNT LOOKOUT,305985.62
a0FE000000IS9nTMAT,3013 COHOON ST,12/31/2015 12:00:00 AM,NEW,411550,15,174221.02566855,GOLD,11/01/2015 12:00:00 AM,OWNER-OCCUPIED,PREVIOUSLY CERTIFIED,-84.4630661,39.1325584300299,,EVANSTON,EVANSTON,375000
a0FE000000ISBSUMA5,5704 ADELPHI ST,01/04/2016 12:00:00 AM,NEW,275000,10,77610.30585,NOT CERTIFIED,,OWNER-OCCUPIED,QUALIFIED,-84.39768929,39.1533498800299,,MADISONVILLE,MADISONVILLE,210500
a0FE000000ISEMLMA5,1775 LLANFAIR AV,01/04/2016 12:00:00 AM,REHAB,107020,10,30203.10884388,NOT CERTIFIED,,OWNER-OCCUPIED,QUALIFIED,-84.55232917,39.1966764400299,,COLLEGE HILL,COLLEGE HILL,62293.43
a0FE000000ISF2IMAX,1132 FORT VIEW PL,12/29/2015 12:00:00 AM,NEW,597030,15,252740.07764523,CERTIFIED,04/01/2015 12:00:00 AM,OWNER-OCCUPIED,QUALIFIED,-84.49433305,39.1086452500299,,MOUNT ADAMS,MOUNT ADAMS,940777
a0FE000000ISF4iMAH,1408 REPUBLIC ST,12/30/2015 12:00:00 AM,REHAB,494900,10,139670.3286006,GOLD,12/01/2015 12:00:00 AM,OWNER-OCCUPIED,QUALIFIED,-84.51604189,39.1108484000299,,OVER-THE-RHINE,OTR,517366.05
a0FE000000ISF57MAH,2409 BLUFFCREST LN,01/06/2016 12:00:00 AM,NEW,133490,10,37673.45355606,NOT CERTIFIED,,OWNER-OCCUPIED,PREVIOUSLY CERTIFIED,-84.58194786,39.1294104100299,,WESTWOOD,WESTWOOD,118000
a0FE000000ISF5qMAH,440 NORTHERN AV,12/22/2015 12:00:00 AM,NEW,266700,15,112901.8285647,SILVER,,OWNER-OCCUPIED,QUALIFIED,-84.49822608,39.1438240800299,,AVONDALE,AVONDALE,189900
a0FE000000ISF6PMAX,3351 WOODBURN AV,12/21/2015 12:00:00 AM,REHAB,208500,10,58842.722799,NOT CERTIFIED,,OWNER-OCCUPIED,QUALIFIED,-84.47588287,39.1398540600299,,EVANSTON,EVANSTON,189900
a0FE000000ISF8DMAX,4220 BADGELEY CIR,10/30/2013 12:00:00 AM,NEW,263020,15,111343.97806182,CERTIFIED,11/26/2013 12:00:00 AM,OWNER-OCCUPIED,PREVIOUSLY CERTIFIED,-84.55203492,39.1664731400299,,NORTHSIDE,NORTHSIDE,217149
a0FE000000ISHSNMA5,3426 AULT VIEW AVE,01/06/2015 12:00:00 AM,REHAB,275000,10,77610.30585,NOT CERTIFIED,,OWNER-OCCUPIED,QUALIFIED,-84.4190275408857,39.1380878852357,,MOUNT LOOKOUT,N/A,329089.78
a0FE000000ISI7yMAH,4701 HASSMAN CT,01/11/2016 12:00:00 AM,NEW,256720,10,72451.33715568,NOT CERTIFIED,,OWNER-OCCUPIED,PREVIOUSLY CERTIFIED,-84.54020599,39.1774684400299,,NORTHSIDE,NORTHSIDE,262950
a0FE000000ISJgMMAX,6704 MERWIN AV,01/06/2016 12:00:00 AM,REHAB,48490,10,13684.81356606,NOT CERTIFIED,,OWNER-OCCUPIED,QUALIFIED,-84.38244163,39.1533987600299,,MADISONVILLE,MADISONVILLE,40239.97
a0FE000000ISJmvMAH,2995 GERARD ST,01/13/2016 12:00:00 AM,NEW,171790,15,72723.67877439,CERTIFIED,09/01/2015 12:00:00 AM,OWNER-OCCUPIED,PREVIOUSLY CERTIFIED,-84.5050435102041,39.1337638979592,,CORRYVILLE,N/A,218000
a0FE000000ISJvyMAH,3015 COHOON ST,12/09/2015 12:00:00 AM,NEW,427100,15,180803.7907011,GOLD,11/01/2015 12:00:00 AM,OWNER-OCCUPIED,PREVIOUSLY CERTIFIED,-84.46306779,39.1326188200299,,EVANSTON,EVANSTON,380750
a0FE000000ISJyJMAX,5347 GRAND VISTA CT,01/11/2016 12:00:00 AM,NEW,562000,15,237910.864842,GOLD,10/01/2015 12:00:00 AM,OWNER-OCCUPIED,PREVIOUSLY CERTIFIED,-84.38625452,39.1648361400299,,MADISONVILLE,MADISONVILLE,795310.34
a0FE000000ISKTnMAP,2694 FIRTREE CT,01/13/2016 12:00:00 AM,NEW,96710,10,27293.42792274,NOT CERTIFIED,,OWNER-OCCUPIED,PREVIOUSLY CERTIFIED,-84.54520495,39.1761159400299,,NORTHSIDE,NORTHSIDE,77871.68
a0FE000000ISKi1MAH,3615 MICHIGAN AV,01/15/2016 12:00:00 AM,NEW,562000,15,237910.864842,GOLD,12/18/2015 12:00:00 AM,OWNER-OCCUPIED,PREVIOUSLY CERTIFIED,-84.44167384,39.1429503800299,,HYDE PARK,HYDE PARK,897217
a0FE000000ISKjVMAX,1923 WASHBURN ST,01/15/2016 12:00:00 AM,NEW,241530,10,68164.42607982,NOT CERTIFIED,,OWNER-OCCUPIED,PREVIOUSLY CERTIFIED,-84.55070211,39.1667411400299,,NORTHSIDE,NORTHSIDE,225506
a0FE000000ISMc1MAH,3125 KINMONT ST,01/16/2016 12:00:00 AM,NEW,614940,15,260321.89897854,SILVER,12/01/2015 12:00:00 AM,OWNER-OCCUPIED,PREVIOUSLY CERTIFIED,-84.432202,39.1299028461538,,MOUNT LOOKOUT,N/A,832916
a0FE000000ISMdlMAH,1509 CALIFORNIA AV,01/13/2016 12:00:00 AM,REHAB,74820,10,21115.64757708,NOT CERTIFIED,,OWNER-OCCUPIED,QUALIFIED,-84.47153479,39.1758533000299,,BOND HILL,BOND HILL,78779.24
a0FE000000ISMraMAH,4307 VIRGINIA AV,01/13/2016 12:00:00 AM,REHAB,194580,10,54914.23022652,NOT CERTIFIED,,OWNER-OCCUPIED,QUALIFIED,-84.54908807,39.1678056100299,,NORTHSIDE,NORTHSIDE,168645
a0FE000000ISMruMAH,4216 KIRBY AV,01/11/2016 12:00:00 AM,REHAB,129930,10,36668.75286942,NOT CERTIFIED,,OWNER-OCCUPIED,QUALIFIED,-84.5469547,39.1650686400299,,NORTHSIDE,NORTHSIDE,113977.96
a0FE000000ISMt7MAH,4321 HAMILTON AV,04/27/2015 12:00:00 AM,REHAB,166440,10,46972.57929336,NOT CERTIFIED,,OWNER-OCCUPIED,QUALIFIED,-84.54150966,39.1663167700299,,NORTHSIDE,NORTHSIDE,66550
a0FE000000ISMuaMAH,2311 FAIRVIEW AV,01/06/2016 12:00:00 AM,REHAB,248180,10,70041.18438492,NOT CERTIFIED,,OWNER-OCCUPIED,QUALIFIED,-84.52988821,39.1242698000299,,CUF,CUF,824659.54
a0FE000000ISNgmMAH,3045 LAVINIA AV,01/06/2015 12:00:00 AM,NEW,249990,15,105828.00196059,GOLD,12/01/2015 12:00:00 AM,OWNER-OCCUPIED,PREVIOUSLY CERTIFIED,-84.46047832,39.1342832800299,,HYDE PARK,HYDE PARK,235800
a0FE000000ISNh6MAH,3513 LINWOOD AV,01/20/2016 12:00:00 AM,NEW,400000,15,169331.5764,SILVER,12/01/2015 12:00:00 AM,OWNER-OCCUPIED,PREVIOUSLY CERTIFIED,-84.42134783,39.1250566100299,,MOUNT LOOKOUT,MOUNT LOOKOUT,529093.2
a0FE000000ISOJVMA5,2835 ASTORIA AV,12/04/2015 12:00:00 AM,REHAB,292690,10,82602.76516086,SILVER,09/01/2015 12:00:00 AM,OWNER-OCCUPIED,QUALIFIED,-84.43880184,39.1380570500299,,HYDE PARK,HYDE PARK,352552.21
a0FE000000ISOa1MAH,6702 WINDWARD ST,12/10/2015 12:00:00 AM,REHAB,78660,10,22199.36966604,NOT CERTIFIED,,OWNER-OCCUPIED,QUALIFIED,-84.38244671,39.1542865400299,,MADISONVILLE,MADISONVILLE,69649
a0FE000000ISOwlMAH,309 OREGON ST,01/21/2016 12:00:00 AM,NEW,275000,15,116415.458775,CERTIFIED,02/22/2017 12:00:00 AM,OWNER-OCCUPIED,QUALIFIED,-84.4981993394721,39.1046880496362,,MOUNT ADAMS,N/A,1048597.7
a0FE000000ISPCXMA5,3041 LAVINIA AV,01/19/2016 12:00:00 AM,NEW,249710,15,105709.46985711,GOLD,,OWNER-OCCUPIED,QUALIFIED,-84.46043906,39.1341104600299,,EVANSTON,HYDE PARK,262720
a0FE000000ISPDPMA5,3405 OBSERVATORY AVE,01/15/2016 12:00:00 AM,REHAB,207380,10,58526.63718972,NOT CERTIFIED,,OWNER-OCCUPIED,QUALIFIED,-84.4203795,39.1379895,,HYDE PARK,N/A,265563.82
a0FE000000ISPDyMAP,1344 FLEMING ST,01/13/2016 12:00:00 AM,REHAB,275000,10,77610.30585,NOT CERTIFIED,,OWNER-OCCUPIED,QUALIFIED,-84.4805637,39.1240938200299,,EAST WALNUT HILLS,EAST WALNUT HILLS,201200
a0FE000000ISQKnMAP,2145 LURAY AVE,01/22/2016 12:00:00 AM,REHAB,275000,10,77610.30585,NOT CERTIFIED,,OWNER-OCCUPIED,QUALIFIED,-84.4881499242358,39.1191545570845,,WALNUT HILLS,N/A,994847.4
a0FE000000ISQLbMAP,1408 ELM ST,01/19/2016 12:00:00 AM,REHAB,239950,10,67718.5195953,NOT CERTIFIED,,OWNER-OCCUPIED,QUALIFIED,-84.5185478,39.1104052,,OVER-THE-RHINE,N/A,299000
a0FE000000ISQjhMAH,2925 GERARD ST,01/22/2016 12:00:00 AM,NEW,232460,15,98407.04562486,CERTIFIED,09/01/2015 12:00:00 AM,OWNER-OCCUPIED,PREVIOUSLY CERTIFIED,-84.50516174,39.1335152800299,,CORRYVILLE,CORRYVILLE,302475
a0FE000000ISRHxMAP,3828 COUNTRY CLUB PL,02/02/2015 12:00:00 AM,REHAB,94500,10,26669.723283,NOT CERTIFIED,,,QUALIFIED,-84.4115698,39.1504324700299,,HYDE PARK,HYDE PARK,128664.36
a0FE000000ISRJ0MAP,2129 EAST HILL AV,11/14/2014 12:00:00 AM,NEW,24280,10,6852.28445832,NOT CERTIFIED,,OWNER-OCCUPIED,QUALIFIED,-84.4593349,39.1372062700299,,HYDE PARK,HYDE PARK,60569.12
a0FE000000ISRL9MAP,2229 BEDFORD TER,11/12/2014 12:00:00 AM,REHAB,151310,10,42702.60137514,NOT CERTIFIED,,OWNER-OCCUPIED,QUALIFIED,-84.45893212,39.1347010200299,,HYDE PARK,HYDE PARK,212156
a0FE000000ISRTnMAP,4870 OAKLAWN DR,01/13/2015 12:00:00 AM,REHAB,131010,10,36973.54970694,NOT CERTIFIED,,OWNER-OCCUPIED,QUALIFIED,-84.41273966,39.1589991000299,,MADISONVILLE,MADISONVILLE,68968.94
a0FE000000ISRV0MAP,2321 MAY ST,08/08/2014 12:00:00 AM,NEW,158390,10,44700.71397666,NOT CERTIFIED,,OWNER-OCCUPIED,PREVIOUSLY CERTIFIED,-84.49567288,39.1234032200299,,WALNUT HILLS,WALNUT HILLS,71364.82
a0FE000000ISRVZMA5,2200 VICTORY PW,08/20/2015 12:00:00 AM,REHAB,80710,10,22777.91921874,NOT CERTIFIED,,OWNER-OCCUPIED,QUALIFIED,,,,EAST WALNUT HILLS,N/A,
a0FE000000ISRWDMA5,1109 FULLER ST,06/19/2014 12:00:00 AM,REHAB,40470,10,11421.41482818,NOT CERTIFIED,,OWNER-OCCUPIED,PREVIOUSLY CERTIFIED,-84.49633652,39.1079694800299,,MOUNT ADAMS,MOUNT ADAMS,49715
a0FE000000ISRX7MAP,1117 CARNEY ST,11/05/2014 12:00:00 AM,REHAB,328360,10,92669.52737784,NOT CERTIFIED,,OWNER-OCCUPIED,PREVIOUSLY CERTIFIED,-84.49556456,39.1081572400299,,MOUNT ADAMS,MOUNT ADAMS,1002646.58
a0FE000000ISRYaMAP,1050 HATCH ST,03/04/2015 12:00:00 AM,REHAB,81950,10,23127.8711433,NOT CERTIFIED,,OWNER-OCCUPIED,PREVIOUSLY CERTIFIED,-84.4935413,39.1092410900299,,MOUNT ADAMS,MOUNT ADAMS,73598.5
a0FE000000ISRaBMAX,5150 DRAKE RD,07/21/2014 12:00:00 AM,REHAB,,10,,NOT CERTIFIED,,OWNER-OCCUPIED,PREVIOUSLY CERTIFIED,-84.5124602,39.1014537,,PENDLETON,N/A,331338
a0FE000000ISRbEMAX,219 W 9TH ST,04/04/2014 12:00:00 AM,REHAB,328360,10,92669.52737784,NOT CERTIFIED,,OWNER-OCCUPIED,PREVIOUSLY CERTIFIED,-84.51807716,39.1046449300299,,DOWNTOWN CINCINNATI,WEST END,675000
a0FE000000ISRcgMAH,1219 SYCAMORE ST,12/16/2014 12:00:00 AM,REHAB,275000,10,77610.30585,NOT CERTIFIED,,RENTAL,PREVIOUSLY CERTIFIED,-84.51056738,39.1099114600299,,OVER-THE-RHINE,OTR,294668.73
a0FE000000ISRdeMAH,396 BAUM ST,12/09/2014 12:00:00 AM,NEW,597000,15,252727.377777,SILVER,11/01/2014 12:00:00 AM,OWNER-OCCUPIED,PREVIOUSLY CERTIFIED,-84.5008536,39.1055722700299,,MOUNT ADAMS,MOUNT ADAMS,1189572.05
a0FE000000ISRfBMAX,398 BAUM ST,10/10/2014 12:00:00 AM,NEW,400000,15,169331.5764,SILVER,09/01/2014 12:00:00 AM,OWNER-OCCUPIED,PREVIOUSLY CERTIFIED,-84.50094552,39.1055816700299,,MOUNT ADAMS,MOUNT ADAMS,1195036
a0FE000000ISRfVMAX,1413 RACE ST,07/22/2013 12:00:00 AM,REHAB,172770,10,48759.02742438,NOT CERTIFIED,,OWNER-OCCUPIED,PREVIOUSLY CERTIFIED,-84.5171260967241,39.1105612670062,,OVER-THE-RHINE,N/A,189405.94
a0FE000000ISRgAMAX,1433 ELM ST,02/06/2015 12:00:00 AM,REHAB,310020,10,87493.62552588,SILVER,12/01/2015 12:00:00 AM,OWNER-OCCUPIED,PREVIOUSLY CERTIFIED,-84.51897879,39.1111103500299,,OVER-THE-RHINE,OTR,408247.1
a0FE000000ISRgPMAX,542 MILTON ST,09/22/2014 12:00:00 AM,REHAB,127600,10,36011.1819144,NOT CERTIFIED,,OWNER-OCCUPIED,QUALIFIED,-84.50499566,39.1132772200299,,MOUNT AUBURN,MOUNT AUBURN,22023
a0FE000000ISRgZMAX,4241 KIRBY AV,11/24/2014 12:00:00 AM,REHAB,222190,10,62706.30493386,NOT CERTIFIED,,OWNER-OCCUPIED,QUALIFIED,-84.54712797,39.1659306900299,,NORTHSIDE,NORTHSIDE,146974.14
a0FE000000ISS9pMAH,2552 HOMESTEAD PL,01/13/2015 12:00:00 AM,REHAB,94140,10,26568.12433716,NOT CERTIFIED,,OWNER-OCCUPIED,QUALIFIED,-84.5728257,39.1331239900299,,WESTWOOD,SOUTH FAIRMOUNT - WESTWOOD,75601
a0FE000000ISSAFMA5,4231 CHAMBERS ST,08/11/2014 12:00:00 AM,REHAB,159290,10,44954.71134126,NOT CERTIFIED,,OWNER-OCCUPIED,PREVIOUSLY CERTIFIED,-84.53439048,39.1643724400299,,NORTHSIDE,NORTHSIDE,69156.22
a0FE000000ISSAjMAP,3210 WALWORTH AV,03/16/2015 12:00:00 AM,NEW,400000,15,169331.5764,SILVER,02/01/2015 12:00:00 AM,OWNER-OCCUPIED,PREVIOUSLY CERTIFIED,-84.44421728,39.1195873000299,,EAST END,COLUMBIA TUSCULUM - EAST END,363335
a0FE000000ISSBZMA5,7020 LOCKER CT,01/20/2015 12:00:00 AM,NEW,268000,12,90761.7249504,NOT CERTIFIED,,OWNER-OCCUPIED,PREVIOUSLY CERTIFIED,-84.55941288,39.2023855200298,,COLLEGE HILL,COLLEGE HILL,254823
a0FE000000ISSBoMAP,1549 AMBROSE AV,03/18/2015 12:00:00 AM,REHAB,71600,10,20206.9014504,NOT CERTIFIED,,RENTAL,PREVIOUSLY CERTIFIED,-84.54631317,39.2008926000299,,COLLEGE HILL,COLLEGE HILL,25973.2
a0FE000000ISSCDMA5,1921 RIVERSIDE DR,03/16/2015 12:00:00 AM,NEW,614900,15,260304.9658209,SILVER,02/01/2015 12:00:00 AM,OWNER-OCCUPIED,PREVIOUSLY CERTIFIED,-84.47796465,39.1200370100299,,EAST END,EAST END,753963
a0FE000000ISSCgMAP,1260 CRESTWOOD AV,08/22/2014 12:00:00 AM,REHAB,187900,10,53029.0053426,NOT CERTIFIED,,OWNER-OCCUPIED,QUALIFIED,-84.41893473,39.1319215000299,,MOUNT LOOKOUT,MOUNT LOOKOUT,57444.17
a0FE000000ISSDIMA5,13 W OBSERVATORY HL,01/20/2015 12:00:00 AM,REHAB,65370,10,18448.67524878,NOT CERTIFIED,,OWNER-OCCUPIED,QUALIFIED,-84.41679628,39.1370321500299,,MOUNT LOOKOUT,MOUNT LOOKOUT,163130
a0FE000000ISSDhMAP,1352 CRYER AV,12/01/2014 12:00:00 AM,REHAB,275000,10,77610.30585,NOT CERTIFIED,,OWNER-OCCUPIED,QUALIFIED,-84.4361072,39.1364271300299,,HYDE PARK,HYDE PARK,311000
a0FE000000ISSDmMAP,3732 DRAKE AV,10/10/2014 12:00:00 AM,NEW,275000,10,77610.30585,NOT CERTIFIED,,OWNER-OCCUPIED,PREVIOUSLY CERTIFIED,-84.43522229,39.1456337200299,,OAKLEY,OAKLEY,433749.48
a0FE000000ISSGTMA5,1637 RAGLAN ST,05/13/2014 12:00:00 AM,REHAB,231350,10,65291.4336669,NOT CERTIFIED,,OWNER-OCCUPIED,QUALIFIED,-84.39344835,39.0845012000299,,MOUNT WASHINGTON,MOUNT WASHINGTON,195275.18
a0FE000000ISSH7MAP,3484 PRINCIPIO AV,01/06/2015 12:00:00 AM,REHAB,50200,10,14167.4085588,NOT CERTIFIED,,OWNER-OCCUPIED,QUALIFIED,-84.41749802,39.1317211800299,,MOUNT LOOKOUT,MOUNT LOOKOUT,110155.91
a0FE000000ISSIFMA5,3301 WILEY LN,01/12/2015 12:00:00 AM,REHAB,62650,10,17681.0387691,NOT CERTIFIED,,OWNER-OCCUPIED,QUALIFIED,-84.4251189,39.1300311300299,,MOUNT LOOKOUT,MOUNT LOOKOUT,67048.7
a0FE000000ISSK9MAP,1204 HERSCHEL WOODS LN,11/04/2014 12:00:00 AM,REHAB,192050,10,54200.2154127,NOT CERTIFIED,,OWNER-OCCUPIED,QUALIFIED,-84.42100874,39.1298290900299,,MOUNT LOOKOUT,MOUNT LOOKOUT,299374.67
a0FE000000ISSLdMAP,315 TUSCULUM AV,06/04/2014 12:00:00 AM,REHAB,188840,10,53294.29147896,NOT CERTIFIED,,RENTAL,QUALIFIED,-84.43674964,39.1132531000299,,COLUMBIA-TUSCULUM,COLUMBIA TUSCULUM,94619.01
a0FE000000ISSM9MAP,1919 RIVERSIDE DR,01/30/2015 12:00:00 AM,NEW,597000,15,252727.377777,CERTIFIED,10/01/2014 12:00:00 AM,OWNER-OCCUPIED,PREVIOUSLY CERTIFIED,-84.47803033,39.1200055100299,,EAST END,EAST END,682232.22
a0FE000000ISSMiMAP,5353 GRAND VISTA CT,02/05/2015 12:00:00 AM,NEW,562000,15,237910.864842,GOLD,08/01/2014 12:00:00 AM,OWNER-OCCUPIED,PREVIOUSLY CERTIFIED,-84.38638847,39.1652266700299,,MADISONVILLE,MADISONVILLE,689900
a0FE000000ISSNqMAP,2719 ATLANTIC AV,01/14/2016 12:00:00 AM,REHAB,263520,10,74370.42835488,NOT CERTIFIED,,OWNER-OCCUPIED,QUALIFIED,-84.44150168,39.1494358800299,,OAKLEY,OAKLEY,281504.02
a0FE000000ISSQkMAP,4828 PLAINVILLE RD,01/02/2015 12:00:00 AM,REHAB,127000,10,35841.850338,NOT CERTIFIED,,RENTAL,QUALIFIED,-84.38086212,39.1574437900299,,MADISONVILLE,MADISONVILLE,45000
a0FE000000ISSR4MAP,2866 MINTO AV,09/29/2014 12:00:00 AM,REHAB,275000,10,77610.30585,NOT CERTIFIED,,OWNER-OCCUPIED,PREVIOUSLY CERTIFIED,-84.43680108,39.1432581100299,,HYDE PARK,HYDE PARK,201200
a0FE000000ISSRiMAP,3630 MICHIGAN AV,11/03/2014 12:00:00 AM,REHAB,167270,10,47206.82130738,NOT CERTIFIED,,OWNER-OCCUPIED,QUALIFIED,-84.44108619,39.1434831200299,,HYDE PARK,HYDE PARK,130700
a0FE000000ISST6MAP,2917 UTOPIA PL,04/02/2014 12:00:00 AM,REHAB,166640,10,47029.02315216,NOT CERTIFIED,,OWNER-OCCUPIED,QUALIFIED,-84.4332832,39.1335634700299,,MOUNT LOOKOUT,MOUNT LOOKOUT,123800
a0FE000000ISSTVMA5,2994 ALPINE TER,08/07/2014 12:00:00 AM,REHAB,275000,10,77610.30585,NOT CERTIFIED,,OWNER-OCCUPIED,QUALIFIED,-84.43516992,39.1296846000299,,MOUNT LOOKOUT,MOUNT LOOKOUT,390000
a0FE000000IST5aMAH,2469 GRANDIN RD,09/02/2015 12:00:00 AM,REHAB,269250,10,75987.5449095,NOT CERTIFIED,,OWNER-OCCUPIED,QUALIFIED,-84.4465623,39.1271601700299,,HYDE PARK,HYDE PARK,
a0FE000000IST7FMAX,2232 STRAFORD AV SUITE 210,07/18/2014 12:00:00 AM,REHAB,,10,,NOT CERTIFIED,,RENTAL,QUALIFIED,-84.5124602,39.1014537,,CUF,N/A,101267.46
a0FE000000IST7yMAH,2232 STRAFORD AV SUITE 210,07/18/2014 12:00:00 AM,REHAB,,10,,NOT CERTIFIED,,RENTAL,QUALIFIED,-84.5124602,39.1014537,,CUF,N/A,95085.96
a0FE000000IST9VMAX,2232 STRAFORD AV SUITE 210,07/18/2014 12:00:00 AM,REHAB,,10,,NOT CERTIFIED,,RENTAL,QUALIFIED,-84.5124602,39.1014537,,CUF,N/A,90722.55
a0FE000000IST9uMAH,2232 STRAFORD AV SUITE 210,07/18/2014 12:00:00 AM,REHAB,,10,,NOT CERTIFIED,,RENTAL,QUALIFIED,-84.5124602,39.1014537,,CUF,N/A,101267.46
a0FE000000ISTAJMA5,2232 STRAFORD AV SUITE 210,07/18/2014 12:00:00 AM,REHAB,,10,,NOT CERTIFIED,,RENTAL,QUALIFIED,-84.5124602,39.1014537,,CUF,N/A,101267.46
a0FE000000ISTAnMAP,2232 STRAFORD AV SUITE 210,07/18/2014 12:00:00 AM,REHAB,,10,,NOT CERTIFIED,,RENTAL,QUALIFIED,-84.5124602,39.1014537,,CUF,N/A,101267.46
a0FE000000ISTAxMAP,,07/18/2014 12:00:00 AM,REHAB,,10,,NOT CERTIFIED,,RENTAL,QUALIFIED,-84.5124602,39.1014537,,CUF,N/A,118448.38
a0FE000000ISTC0MAP,2232 STRAFORD AV SUITE 210,07/18/2014 12:00:00 AM,REHAB,,10,,NOT CERTIFIED,,RENTAL,QUALIFIED,-84.5124602,39.1014537,,CUF,N/A,118448.38
a0FE000000ISTCFMA5,2232 STRAFORD AV SUITE 210,07/18/2014 12:00:00 AM,REHAB,,10,,NOT CERTIFIED,,RENTAL,QUALIFIED,-84.5124602,39.1014537,,CUF,N/A,86359.14
a0FE000000ISTCZMA5,2232 STRAFORD AV SUITE 210,07/18/2014 12:00:00 AM,REHAB,,10,,NOT CERTIFIED,,RENTAL,QUALIFIED,-84.5124602,39.1014537,,CUF,N/A,101267.46
a0FE000000ISTD8MAP,2232 STRAFORD AV SUITE 210,07/18/2014 12:00:00 AM,REHAB,,10,,NOT CERTIFIED,,RENTAL,QUALIFIED,-84.5124602,39.1014537,,CUF,N/A,101267.46
a0FE000000ISTDmMAP,2232 STRAFORD AV SUITE 210,07/18/2014 12:00:00 AM,REHAB,,10,,NOT CERTIFIED,,RENTAL,QUALIFIED,-84.5124602,39.1014537,,CUF,N/A,101267.46
a0FE000000ISTE1MAP,,07/18/2014 12:00:00 AM,REHAB,,10,,NOT CERTIFIED,,RENTAL,QUALIFIED,-84.5124602,39.1014537,,CUF,N/A,127266.1
a0FE000000ISTEfMAP,2232 STRAFORD AV SUITE 210,07/18/2014 12:00:00 AM,REHAB,,10,,NOT CERTIFIED,,RENTAL,QUALIFIED,-84.5124602,39.1014537,,CUF,N/A,102358.31
a0FE000000ISTrIMAX,223 MAGNOLIA ST,01/21/2016 12:00:00 AM,REHAB,114310,10,32260.48749714,NOT CERTIFIED,,RENTAL,QUALIFIED,-84.51960103,39.1104822500299,,OVER-THE-RHINE,OTR,106037
a0FE000000ISTrhMAH,1217 ROOKWOOD DR,01/20/2016 12:00:00 AM,NEW,1357580,15,574702.90372278,PLATINUM,01/01/2015 12:00:00 AM,OWNER-OCCUPIED,QUALIFIED,-84.44797547,39.1330533200299,,HYDE PARK,HYDE PARK,980950.69
a0FE000000ISTvAMAX,3553 EDWARDS RD,03/27/2015 12:00:00 AM,NEW,275000,10,77610.30585,NOT CERTIFIED,,RENTAL,QUALIFIED,-84.44347789,39.1414503400299,,HYDE PARK,HYDE PARK,369000
a0FE000000ISTvZMAX,2 FIELD LANE,03/27/2015 12:00:00 AM,NEW,,15,,NOT CERTIFIED,,OWNER-OCCUPIED,QUALIFIED,-84.5124602,39.1014537,,HYDE PARK,N/A,1500000
a0FE000000ISTyxMAH,2232 STRAFORD AV SUITE 210,07/18/2014 12:00:00 AM,REHAB,,10,,NOT CERTIFIED,,RENTAL,QUALIFIED,-84.5124602,39.1014537,,CUF,N/A,97813.09
a0FE000000ISTzSMAX,2232 STRAFORD AV SUITE 210,07/18/2014 12:00:00 AM,REHAB,,10,,NOT CERTIFIED,,RENTAL,QUALIFIED,-84.5124602,39.1014537,,CUF,N/A,77723.33
a0FE000000ISTzcMAH,2232 STRAFORD AV SUITE 210,07/18/2014 12:00:00 AM,REHAB,,10,,NOT CERTIFIED,,RENTAL,QUALIFIED,-84.5124602,39.1014537,,CUF,N/A,101267.46
a0FE000000ISTzwMAH,2232 STRAFORD AV SUITE 210,07/18/2014 12:00:00 AM,REHAB,,10,,NOT CERTIFIED,,RENTAL,QUALIFIED,-84.5124602,39.1014537,,CUF,N/A,47724.79
a0FE000000ISU0LMAX,2232 STRAFORD AV SUITE 210,07/18/2014 12:00:00 AM,REHAB,,10,,NOT CERTIFIED,,RENTAL,QUALIFIED,-84.5124602,39.1014537,,CUF,N/A,101267.46
a0FE000000ISU2HMAX,2232 STRAFORD AV SUITE 210,07/18/2014 12:00:00 AM,REHAB,,10,,NOT CERTIFIED,,RENTAL,QUALIFIED,-84.5124602,39.1014537,,CUF,N/A,127266.1
a0FE000000ISU2nMAH,2232 STRAFORD AV SUITE 210,07/18/2014 12:00:00 AM,REHAB,,10,,NOT CERTIFIED,,RENTAL,QUALIFIED,-84.5124602,39.1014537,,CUF,N/A,102358.31
a0FE000000ISU3CMAX,2232 STRAFORD AV SUITE 210,07/18/2014 12:00:00 AM,REHAB,,10,,NOT CERTIFIED,,RENTAL,QUALIFIED,-84.5124602,39.1014537,,CUF,N/A,97813.09
a0FE000000ISU3RMAX,2232 STRAFORD AV SUITE 210,07/18/2014 12:00:00 AM,REHAB,,10,,NOT CERTIFIED,,RENTAL,QUALIFIED,-84.5124602,39.1014537,,CUF,N/A,82177.54
a0FE000000ISU40MAH,2232 STRAFORD AV SUITE 210,07/18/2014 12:00:00 AM,REHAB,,10,,NOT CERTIFIED,,RENTAL,QUALIFIED,-84.5124602,39.1014537,,CUF,N/A,101267.46
a0FE000000ISU4oMAH,2232 STRAFORD AV SUITE 210,07/18/2014 12:00:00 AM,REHAB,,10,,NOT CERTIFIED,,RENTAL,QUALIFIED,-84.5124602,39.1014537,,CUF,N/A,55542.56
a0FE000000ISU5wMAH,2232 STRAFORD AV SUITE 210,07/18/2014 12:00:00 AM,REHAB,,10,,NOT CERTIFIED,,RENTAL,QUALIFIED,-84.5124602,39.1014537,,CUF,N/A,475157.08
a0FE000000ISU6BMAX,2232 STRAFORD AV SUITE 210,07/18/2014 12:00:00 AM,REHAB,,10,,NOT CERTIFIED,,RENTAL,QUALIFIED,-84.5124602,39.1014537,,CUF,N/A,152992.04
a0FE000000ISU6fMAH,2232 STRAFORD AV SUITE 210,07/18/2014 12:00:00 AM,REHAB,,10,,NOT CERTIFIED,,OWNER-OCCUPIED,QUALIFIED,-84.5124602,39.1014537,,CUF,N/A,136174.73
a0FE000000ISU79MAH,2232 STRAFORD AV SUITE 210,07/18/2016 12:00:00 AM,REHAB,,10,,NOT CERTIFIED,,RENTAL,QUALIFIED,-84.5124602,39.1014537,,CUF,N/A,145466.97
a0FE000000ISU7OMAX,2232 STRAFORD AV SUITE 210,07/18/2014 12:00:00 AM,REHAB,,10,,NOT CERTIFIED,,RENTAL,QUALIFIED,-84.5124602,39.1014537,,CUF,N/A,222806.58
a0FE000000ISU8nMAH,3901 LEDGEWOOD DR,12/05/2014 12:00:00 AM,REHAB,188350,10,53156.0040249,NOT CERTIFIED,,OWNER-OCCUPIED,PREVIOUSLY CERTIFIED,-84.47414175,39.1531654100299,,NORTH AVONDALE,NORTH AVONDALE,288586
a0FE000000ISU9gMAH,3561 BOGART AV,11/03/2014 12:00:00 AM,REHAB,70640,10,19935.97092816,NOT CERTIFIED,,OWNER-OCCUPIED,QUALIFIED,-84.49225303,39.1468563200299,,AVONDALE,AVONDALE,79750
a0FE000000ISUA0MAP,3428 LARONA AV,12/02/2014 12:00:00 AM,REHAB,87600,10,24722.4101544,,,OWNER-OCCUPIED,PREVIOUSLY CERTIFIED,-84.50392671,39.1448988500299,,AVONDALE,AVONDALE,100000
a0FE000000ISUAAMA5,3436 LARONA AV,12/02/2014 12:00:00 AM,NEW,114740,15,48572.76269034,SILVER,,OWNER-OCCUPIED,PREVIOUSLY CERTIFIED,-84.50381422,39.1451589500299,,AVONDALE,AVONDALE,95000
a0FE000000ISUBIMA5,3434 LARONA AV,12/02/2014 12:00:00 AM,NEW,111730,10,31532.36171862,,,OWNER-OCCUPIED,PREVIOUSLY CERTIFIED,-84.50384681,39.1450650100299,,AVONDALE,AVONDALE,94950.4
a0FE000000ISUBXMA5,3432 LARONA AV,12/02/2014 12:00:00 AM,NEW,111730,10,31532.36171862,,,OWNER-OCCUPIED,PREVIOUSLY CERTIFIED,-84.50387392,39.1449886400299,,AVONDALE,AVONDALE,94950.4
a0FE000000ISUCqMAP,5925 RHODE ISLAND AV,11/06/2014 12:00:00 AM,NEW,218930,10,61786.27003542,NOT CERTIFIED,,OWNER-OCCUPIED,PREVIOUSLY CERTIFIED,-84.45931676,39.1827609700298,,BOND HILL,BOND HILL,195100
a0FE000000ISUESMA5,2029 FAITH ST,09/12/2014 12:00:00 AM,NEW,256830,10,72482.38127802,NOT CERTIFIED,,OWNER-OCCUPIED,PREVIOUSLY CERTIFIED,-84.4570314519069,39.1790601795355,,BOND HILL,N/A,267839
a0FE000000ISUHCMA5,6927 MERWIN AV,01/29/2016 12:00:00 AM,NEW,247960,10,69979.09614024,NOT CERTIFIED,,OWNER-OCCUPIED,PREVIOUSLY CERTIFIED,-84.3758481,39.1525512500299,,MADISONVILLE,MADISONVILLE,195000
a0FE000000ISUHRMA5,213 E ROCHELLE ST,01/29/2016 12:00:00 AM,NEW,192670,15,81562.78706247,CERTIFIED,09/01/2015 12:00:00 AM,OWNER-OCCUPIED,PREVIOUSLY CERTIFIED,-84.50513256,39.1337581100299,,CORRYVILLE,CORRYVILLE,213100
a0FE000000ISVDMMA5,2245 PARK AVE,01/25/2016 12:00:00 AM,REHAB,597030,10,168493.38509682,CERTIFIED,01/14/2016 12:00:00 AM,OWNER-OCCUPIED,QUALIFIED,-84.4868245102041,39.120995877551,,WALNUT HILLS,N/A,219000
a0FE000000ISVHoMAP,4211 ROSE HILL AV,02/06/2013 12:00:00 AM,REHAB,149440,10,42174.85129536,NOT CERTIFIED,,OWNER-OCCUPIED,QUALIFIED,-84.48940488,39.1610336500299,,NORTH AVONDALE,NORTH AVONDALE,66000
a0FE000000ISVJtMAP,3819 AIKENSIDE AV,10/16/2014 12:00:00 AM,REHAB,140720,10,39713.89905168,NOT CERTIFIED,,OWNER-OCCUPIED,QUALIFIED,-84.40928135,39.1763232000298,,KENNEDY HEIGHTS,KENNEDY HEIGHTS,51800
a0FE000000ISVKmMAP,1323 REGENT AVE,02/13/2015 12:00:00 AM,REHAB,133270,10,37611.36531138,NOT CERTIFIED,,OWNER-OCCUPIED,PREVIOUSLY CERTIFIED,-84.4745718723693,39.17674235,,BOND HILL,N/A,222781
a0FE000000ISVLaMAP,825 DAYTON ST,03/06/2014 12:00:00 AM,REHAB,257290,10,72612.20215326,NOT CERTIFIED,,RENTAL,PREVIOUSLY CERTIFIED,-84.52811334,39.1180109200299,,WEST END,WEST END,375164.9
a0FE000000ISVMiMAP,820 SUIRE AV,04/21/2014 12:00:00 AM,REHAB,153870,10,43425.08276778,NOT CERTIFIED,,OWNER-OCCUPIED,QUALIFIED,-84.5818928,39.1075780500299,,WEST PRICE HILL,WEST PRICE HILL,118112
a0FE000000ISVNMMA5,3816 BORDEN ST,08/13/2014 12:00:00 AM,NEW,106530,10,30064.82138982,NOT CERTIFIED,,OWNER-OCCUPIED,PREVIOUSLY CERTIFIED,-84.5480558,39.1562726600299,,SOUTH CUMMINSVILLE,SOUTH CUMMINSVILLE,64235.65
a0FE000000ISVPIMA5,4136 KIRBY AV,11/19/2014 12:00:00 AM,REHAB,194890,10,55001.71820766,NOT CERTIFIED,,OWNER-OCCUPIED,QUALIFIED,-84.54746112,39.1637304700299,,NORTHSIDE,NORTHSIDE,122000
a0FE000000ISVQQMA5,4210 BADGELEY CIR,12/15/2014 12:00:00 AM,NEW,269770,10,76134.29894238,NOT CERTIFIED,,OWNER-OCCUPIED,PREVIOUSLY CERTIFIED,-84.55082914,39.1662582800299,,NORTHSIDE,NORTHSIDE,261000
a0FE000000ISVROMA5,4256 LANGLAND ST,05/28/2014 12:00:00 AM,REHAB,232370,10,65579.29734678,NOT CERTIFIED,,OWNER-OCCUPIED,PREVIOUSLY CERTIFIED,-84.53773453,39.1652126100299,,NORTHSIDE,NORTHSIDE,139000
a0FE000000ISVRxMAP,1526 CHASE AV,02/06/2015 12:00:00 AM,REHAB,253350,10,71500.2581349,NOT CERTIFIED,,RENTAL,PREVIOUSLY CERTIFIED,-84.53766946,39.1633698600299,,NORTHSIDE,NORTHSIDE,132018
a0FE000000ISVZjMAP,4231 FERGUS ST,04/10/2014 12:00:00 AM,REHAB,230930,10,65172.90156342,NOT CERTIFIED,,OWNER-OCCUPIED,PREVIOUSLY CERTIFIED,-84.53641605,39.1641861200299,,NORTHSIDE,NORTHSIDE,110200
a0FE000000ISVa3MAH,4267 FERGUS ST,03/18/2015 12:00:00 AM,REHAB,120860,10,34109.02387284,,,OWNER-OCCUPIED,PREVIOUSLY CERTIFIED,-84.53627109,39.1655266800299,,NORTHSIDE,NORTHSIDE,82210
a0FE000000ISVehMAH,1629 PULLAN AV,07/29/2014 12:00:00 AM,REHAB,145520,10,41068.55166288,NOT CERTIFIED,,OWNER-OCCUPIED,QUALIFIED,-84.54234696,39.1651303800299,,NORTHSIDE,NORTHSIDE,161396.84
a0FE000000ISVfzMAH,4238 KIRBY AVE,10/30/2014 12:00:00 AM,REHAB,275000,10,77610.30585,NOT CERTIFIED,,OWNER-OCCUPIED,QUALIFIED,-84.5466372091082,39.1657618,,NORTHSIDE,N/A,113984
a0FE000000ISVgOMAX,1615 OTTE AV,03/27/2015 12:00:00 AM,NEW,167430,10,47251.97639442,,,OWNER-OCCUPIED,PREVIOUSLY CERTIFIED,-84.5440637830789,39.1728724861372,,NORTHSIDE,N/A,120000
a0FE000000ISVhqMAH,3436 CORNELL PL,11/25/2014 12:00:00 AM,REHAB,140460,10,39640.52203524,NOT CERTIFIED,,OWNER-OCCUPIED,QUALIFIED,-84.52433441,39.1456082800299,,CLIFTON,CLIFTON,397378
a0FE000000ISViKMAX,3717 RAWSON FARM LN,03/05/2015 12:00:00 AM,NEW,400000,15,169331.5764,SILVER,01/01/2015 12:00:00 AM,OWNER-OCCUPIED,PREVIOUSLY CERTIFIED,-84.52085804,39.1508748800299,,CLIFTON,CLIFTON,296500
a0FE000000ISVj8MAH,843 CLIFTON HILLS TER,12/09/2014 12:00:00 AM,REHAB,264790,10,74728.84685826,NOT CERTIFIED,,OWNER-OCCUPIED,QUALIFIED,-84.53364175,39.1469351800299,,CLIFTON,CLIFTON,88377
a0FE000000ISVjhMAH,3803 SPRING HOUSE LN,09/01/2015 12:00:00 AM,REHAB,84990,10,23985.81779706,NOT CERTIFIED,,OWNER-OCCUPIED,QUALIFIED,-84.50150334,39.1559454300299,,,AVONDALE - NORTH AVONDALE,
a0FE000000ISVkQMAX,3847 MIDDLETON AV,01/12/2015 12:00:00 AM,REHAB,155340,10,43839.94512996,NOT CERTIFIED,,OWNER-OCCUPIED,QUALIFIED,-84.52189554,39.1545473300299,,CLIFTON,CLIFTON,235400
a0FE000000ISVkkMAH,4160 MAD ANTHONY ST,06/30/2014 12:00:00 AM,REHAB,110640,10,31224.74268816,NOT CERTIFIED,,OWNER-OCCUPIED,QUALIFIED,-84.5352782142857,39.1620422857143,,NORTHSIDE,N/A,65500
a0FE000000ISVliMAH,4219 MAD ANTHONY ST,09/02/2015 12:00:00 AM,REHAB,161610,10,45609.46010334,,,OWNER-OCCUPIED,QUALIFIED,-84.53571496,39.1638532100299,,NORTH AVONDALE - PADDOCK HILLS,NORTHSIDE,
a0FE000000ISVr4MAH,1421 RACE ST,01/16/2015 12:00:00 AM,REHAB,216630,10,61137.16565922,NOT CERTIFIED,,OWNER-OCCUPIED,PREVIOUSLY CERTIFIED,-84.5171454945401,39.110636111677,,OVER-THE-RHINE,N/A,184000
a0FE000000ISVt0MAH,3501 AULT WOODS LN,09/08/2015 12:00:00 AM,REHAB,275000,10,77610.30585,NOT CERTIFIED,,OWNER-OCCUPIED,QUALIFIED,-84.41842323,39.1332707000299,,MOUNT LOOKOUT,MOUNT LOOKOUT,240195
a0FE000000ISYBPMA5,1518 CHASE AV,01/26/2016 12:00:00 AM,REHAB,0,10,0,NOT CERTIFIED,,OWNER-OCCUPIED,QUALIFIED,-84.53735652,39.1633750500299,,NORTHSIDE,NORTHSIDE,58242.54
a0FE000000ISZCeMAP,608 TORRENCE LN,01/21/2016 12:00:00 AM,NEW,359990,15,152394.18547059,GOLD,12/01/2015 12:00:00 AM,OWNER-OCCUPIED,PREVIOUSLY CERTIFIED,-84.46186357,39.1312649800299,,HYDE PARK,HYDE PARK,365785
a0FE000000ISZDDMA5,3060 OBSERVATORY AV,01/29/2016 12:00:00 AM,REHAB,275000,10,77610.30585,NOT CERTIFIED,,OWNER-OCCUPIED,QUALIFIED,-84.42834169,39.1369748200299,,HYDE PARK,HYDE PARK,571837.19
a0FE000000ISZELMA5,2351 BEDFORD AV,01/26/2016 12:00:00 AM,REHAB,67050,10,18922.8036627,NOT CERTIFIED,,OWNER-OCCUPIED,QUALIFIED,-84.45665447,39.1327739600299,,HYDE PARK,HYDE PARK,175622
a0FE000000ISZEVMA5,2201 READING RD,01/28/2016 12:00:00 AM,REHAB,92330,10,26057.30741502,NOT CERTIFIED,,OWNER-OCCUPIED,QUALIFIED,-84.50101,39.121555,,MOUNT AUBURN,N/A,99860.83
a0FE000000ISZEuMAP,2201 READING RD,01/28/2016 12:00:00 AM,REHAB,83070,10,23443.95675258,NOT CERTIFIED,,OWNER-OCCUPIED,QUALIFIED,-84.50101,39.121555,,MOUNT AUBURN,N/A,99860.83
a0FE000000ISZF4MAP,2201 READING RD,01/28/2016 12:00:00 AM,REHAB,87150,10,24595.4114721,NOT CERTIFIED,,OWNER-OCCUPIED,QUALIFIED,-84.50101,39.121555,,MOUNT AUBURN,N/A,99860.83
a0FE000000ISZFJMA5,2201 READING RD,01/28/2016 12:00:00 AM,REHAB,87150,10,24595.4114721,NOT CERTIFIED,,OWNER-OCCUPIED,QUALIFIED,-84.50101,39.121555,,MOUNT AUBURN,N/A,99860.83
a0FE000000ISZFOMA5,2201 READING RD,01/28/2016 12:00:00 AM,REHAB,92330,10,26057.30741502,NOT CERTIFIED,,OWNER-OCCUPIED,QUALIFIED,-84.50101,39.121555,,MOUNT AUBURN,N/A,99860.83
a0FE000000ISZFsMAP,2201 READING RD,01/28/2016 12:00:00 AM,REHAB,83070,10,23443.95675258,NOT CERTIFIED,,OWNER-OCCUPIED,QUALIFIED,-84.50101,39.121555,,MOUNT AUBURN,N/A,99860.83
a0FE000000ISZhnMAH,649 RUSHTON RD,01/29/2016 12:00:00 AM,REHAB,36600,10,10329.2261604,NOT CERTIFIED,,OWNER-OCCUPIED,QUALIFIED,-84.43352237,39.1208942000299,,COLUMBIA-TUSCULUM,COLUMBIA TUSCULUM,62418
a0FE000000ISa8YMAT,2922 EDEN AV,02/05/2016 12:00:00 AM,NEW,185240,15,78417.45303084,CERTIFIED,09/01/2015 12:00:00 AM,OWNER-OCCUPIED,PREVIOUSLY CERTIFIED,-84.50560179,39.1335193000299,,CORRYVILLE,CORRYVILLE,209500
a0FE000000IScXrMAL,4566 KIRBY AV,01/22/2016 12:00:00 AM,NEW,275000,10,77610.30585,NOT CERTIFIED,,OWNER-OCCUPIED,QUALIFIED,-84.54714401,39.1731521100299,,NORTHSIDE,NORTHSIDE,261220
a0FE000000IScZnMAL,3542 HERSCHEL VIEW WY,02/01/2016 12:00:00 AM,REHAB,18050,10,5094.0582567,NOT CERTIFIED,,OWNER-OCCUPIED,QUALIFIED,,,,HYDE PARK,N/A,84264
a0FE000000IScZyMAL,1431 ELM ST,02/01/2016 12:00:00 AM,REHAB,309950,10,87473.8701753,SILVER,,OWNER-OCCUPIED,QUALIFIED,-84.51896704,39.1110693600299,,OVER-THE-RHINE,OTR,380000
a0FE000000IScbAMAT,963 RICHWOOD CIRCLE,02/01/2016 12:00:00 AM,REHAB,,10,,CERTIFIED,10/29/2013 12:00:00 AM,OWNER-OCCUPIED,QUALIFIED,-84.5124602,39.1014537,,MOUNT LOOKOUT,N/A,570000
a0FE000000ISdTKMA1,2915 OBSERVATORY AV,01/28/2016 12:00:00 AM,REHAB,226860,10,64024.26903684,NOT CERTIFIED,,OWNER-OCCUPIED,QUALIFIED,-84.43397299,39.1367711600299,,HYDE PARK,HYDE PARK,372000
a0FE000000ISdVuMAL,2321 UPLAND PL,01/29/2016 12:00:00 AM,REHAB,36860,10,10402.60317684,NOT CERTIFIED,,OWNER-OCCUPIED,QUALIFIED,-84.482658755102,39.1228200612245,,EAST WALNUT HILLS,N/A,27235
a0FE000000ISfLFMA1,207 E ROCHELLE ST,02/12/2016 12:00:00 AM,NEW,175930,15,74476.26059013,CERTIFIED,09/01/2015 12:00:00 AM,OWNER-OCCUPIED,PREVIOUSLY CERTIFIED,-84.5052809,39.1337665300299,,CORRYVILLE,CORRYVILLE,224900
a0FE000000ISfLZMA1,2907 CORBIN PARK CT,02/12/2016 12:00:00 AM,NEW,562000,15,237910.864842,GOLD,11/01/2015 12:00:00 AM,OWNER-OCCUPIED,PREVIOUSLY CERTIFIED,,,,EAST END,N/A,604800
a0FE000000ISgtHMAT,3456 CORNELL PL,01/28/2016 12:00:00 AM,REHAB,168490,10,47551.12884606,NOT CERTIFIED,,OWNER-OCCUPIED,QUALIFIED,-84.52427198,39.1462818200299,,CLIFTON,CLIFTON,145521
a0FE000000IShcOMAT,5910 HAVENWOOD CT,02/17/2016 12:00:00 AM,NEW,194510,10,54894.47487594,NOT CERTIFIED,,OWNER-OCCUPIED,PREVIOUSLY CERTIFIED,-84.4609332,39.1837827600299,,BOND HILL,BOND HILL,183000
a0FE000000ISieMMAT,2927 GERARD ST,02/18/2016 12:00:00 AM,NEW,275000,15,116415.458775,CERTIFIED,09/01/2015 12:00:00 AM,OWNER-OCCUPIED,PREVIOUSLY CERTIFIED,-84.5051597,39.1335675000299,,CORRYVILLE,CORRYVILLE,303355
a0FE000000ISk2OMAT,442 NORTHERN AV,02/22/2016 12:00:00 AM,NEW,266700,10,75267.8857098,NOT CERTIFIED,,OWNER-OCCUPIED,PREVIOUSLY CERTIFIED,-84.4981626,39.1438205300299,,AVONDALE,AVONDALE,185900
a0FE000000ISkSTMA1,5583 FOX RD,02/17/2016 12:00:00 AM,REHAB,98370,10,27761.91195078,NOT CERTIFIED,,OWNER-OCCUPIED,QUALIFIED,-84.57710166,39.1949731000298,,MOUNT AIRY,MOUNT AIRY,190728.11
a0FE000000ISkdtMAD,1536 BEECH AV,02/22/2016 12:00:00 AM,NEW,156780,10,44246.34091332,NOT CERTIFIED,,OWNER-OCCUPIED,PREVIOUSLY CERTIFIED,-84.57620761,39.1220157200299,,WEST PRICE HILL,WEST PRICE HILL,95000
a0FE000000ISke8MAD,1532 BEECH AV,02/22/2016 12:00:00 AM,NEW,156780,10,44246.34091332,NOT CERTIFIED,,OWNER-OCCUPIED,PREVIOUSLY CERTIFIED,-84.57623359,39.1218413800299,,WEST PRICE HILL,WEST PRICE HILL,95000
a0FE000000ISl5qMAD,199 E ROCHELLE ST,02/08/2016 12:00:00 AM,NEW,209300,15,88602.7473513,CERTIFIED,04/01/2014 12:00:00 AM,OWNER-OCCUPIED,QUALIFIED,-84.50555299,39.1337865400299,,CORRYVILLE,CORRYVILLE,210880
a0FE000000ISloUMAT,1406 PARVIS AL,02/24/2016 12:00:00 AM,REHAB,96220,10,27155.14046868,NOT CERTIFIED,,OWNER-OCCUPIED,QUALIFIED,-84.51603992,39.1107797800299,,OVER-THE-RHINE,OTR,104900
a0FE000000ISmR8MAL,3163 NILES ST,02/18/2016 12:00:00 AM,REHAB,242540,10,68449.46756676,NOT CERTIFIED,,OWNER-OCCUPIED,QUALIFIED,-84.4279694,39.1324897400299,,MOUNT LOOKOUT,MOUNT LOOKOUT,204056.6
a0FE000000ISmRcMAL,3135 GRIEST AV,02/18/2016 12:00:00 AM,REHAB,48840,10,13783.59031896,NOT CERTIFIED,,OWNER-OCCUPIED,QUALIFIED,-84.42760469,39.1341773400299,,MOUNT LOOKOUT,MOUNT LOOKOUT,130643.64
a0FE000000ISmS6MAL,1280 MORTEN ST,02/16/2016 12:00:00 AM,REHAB,164060,10,46300.89737364,NOT CERTIFIED,,OWNER-OCCUPIED,QUALIFIED,-84.44057689,39.1351767100299,,HYDE PARK,HYDE PARK,35231
a0FE000000ISoT3MAL,4112 AZALEA AV,06/22/2015 12:00:00 AM,REHAB,54790,10,15462.79511826,NOT CERTIFIED,,OWNER-OCCUPIED,QUALIFIED,-84.39584812,39.1504206300299,,MADISONVILLE,MADISONVILLE,55518.17
a0FE000000ISoVOMA1,4312 HAIGHT AV,02/25/2016 12:00:00 AM,REHAB,255010,10,71968.74216294,NOT CERTIFIED,,OWNER-OCCUPIED,QUALIFIED,-84.53944388,39.1660668900299,,NORTHSIDE,NORTHSIDE,92740
a0FE000000ISoY3MAL,3855 HYDE PARK AV,01/25/2016 12:00:00 AM,REHAB,171030,10,48267.96585282,NOT CERTIFIED,,OWNER-OCCUPIED,QUALIFIED,-84.43828969,39.1496552200299,,OAKLEY,OAKLEY,141344.67
a0FE000000ISp60MAD,4313 VERNE AV,02/25/2016 12:00:00 AM,REHAB,94910,10,26785.43319354,NOT CERTIFIED,,OWNER-OCCUPIED,QUALIFIED,-84.43213123,39.1549572600299,,OAKLEY,OAKLEY,152000
a0FE000000ISqQaMAL,824 DAYTON ST,02/29/2016 12:00:00 AM,REHAB,232310,10,65562.36418914,NOT CERTIFIED,,OWNER-OCCUPIED,QUALIFIED,-84.52786611,39.1183764000299,,,WEST END,110000
a0FE000000ISqRyMAL,400 PIKE ST 811,02/29/2016 12:00:00 AM,REHAB,,10,,NOT CERTIFIED,,OWNER-OCCUPIED,QUALIFIED,-84.5124602,39.1014537,,DOWNTOWN CINCINNATI,N/A,605678
a0FE000000ISqitMAD,18 FOREST HILL LN,02/24/2016 12:00:00 AM,REHAB,227080,10,64086.35728152,NOT CERTIFIED,,OWNER-OCCUPIED,QUALIFIED,-84.40925686,39.1452021400299,,HYDE PARK,HYDE PARK,275578
a0FE000000ISsJRMA1,510 HOWELL AV,03/07/2016 12:00:00 AM,REHAB,42290,10,11935.05394326,NOT CERTIFIED,,OWNER-OCCUPIED,QUALIFIED,-84.52447595,39.1432239000299,,CLIFTON,CLIFTON,53156.75
a0FE000000ISsJwMAL,3549 GRANDIN RD,03/07/2016 12:00:00 AM,NEW,562000,15,237910.864842,GOLD,12/22/2015 12:00:00 AM,OWNER-OCCUPIED,PREVIOUSLY CERTIFIED,-84.43370911,39.1212521800299,,COLUMBIA-TUSCULUM,COLUMBIA TUSCULUM,759380
a0FE000000IStBxMAL,3366 EVERSON AV,02/22/2016 12:00:00 AM,NEW,275000,10,77610.30585,NOT CERTIFIED,,OWNER-OCCUPIED,PREVIOUSLY CERTIFIED,-84.42261666,39.1503236800299,,OAKLEY,OAKLEY,501678
a0FE000000IStTZMA1,432 NORTHERN AV,03/08/2016 12:00:00 AM,NEW,266700,15,112901.8285647,SILVER,,OWNER-OCCUPIED,QUALIFIED,-84.49847769,39.1438394300299,,AVONDALE,AVONDALE,209000
a0FE000000IStWYMA1,3538 MICHIGAN AV,02/22/2016 12:00:00 AM,REHAB,172680,10,48733.62768792,NOT CERTIFIED,,OWNER-OCCUPIED,QUALIFIED,-84.44131725,39.1408798900299,,HYDE PARK,HYDE PARK,237534.59
a0FE000000ISuORMA1,1991 JESSE LN,03/10/2016 12:00:00 AM,NEW,265020,10,74793.75729588,NOT CERTIFIED,,OWNER-OCCUPIED,PREVIOUSLY CERTIFIED,-84.55856852,39.2017578600298,,COLLEGE HILL,COLLEGE HILL,262548
a0FE000000ISuyTMAT,2923 GERARD ST,03/09/2016 12:00:00 AM,NEW,248300,15,105112.5760503,CERTIFIED,09/01/2015 12:00:00 AM,OWNER-OCCUPIED,PREVIOUSLY CERTIFIED,-84.50516393,39.1334685600299,,CORRYVILLE,CORRYVILLE,302224
a0FE000000ISuysMAD,1667 HAMER ST,02/18/2016 12:00:00 AM,REHAB,275000,10,77610.30585,NOT CERTIFIED,,RENTAL,QUALIFIED,-84.51607877,39.1153231200299,,OVER-THE-RHINE,OTR,234302.36
a0FE000000ISv86MAD,4210 MILLSBRAE AV,03/03/2016 12:00:00 AM,REHAB,231030,10,65201.12349282,NOT CERTIFIED,,OWNER-OCCUPIED,QUALIFIED,-84.43866816,39.1541451000299,,OAKLEY,OAKLEY,260018.23
a0FE000000ISwJKMA1,3043 LAVINIA AV,03/07/2016 12:00:00 AM,NEW,259590,15,109891.95979419,GOLD,05/11/2016 12:00:00 AM,OWNER-OCCUPIED,QUALIFIED,-84.46044593,39.1341596900299,,EVANSTON,HYDE PARK,260265
a0FE000000ISwKIMA1,1138 CRYER AV,03/02/2016 12:00:00 AM,REHAB,148630,10,41946.25366722,NOT CERTIFIED,,OWNER-OCCUPIED,QUALIFIED,-84.43812374,39.1319559800299,,MOUNT LOOKOUT,HYDE PARK,201995
a0FE000000ISyzHMAT,2270 KIPLING AV,03/15/2016 12:00:00 AM,REHAB,51300,10,14477.8497822,NOT CERTIFIED,,OWNER-OCCUPIED,QUALIFIED,-84.56679326,39.2023007300298,,MOUNT AIRY,MOUNT AIRY,90002.2
a0FE000000ISyzlMAD,2536 MILLENNIUM PL,03/14/2016 12:00:00 AM,REHAB,127520,10,35988.60437088,NOT CERTIFIED,,OWNER-OCCUPIED,QUALIFIED,-84.58214808,39.1492714100299,,WESTWOOD,WESTWOOD,50031
a0FE000000IT07gMAD,3443 ARNOLD ST,04/27/2015 12:00:00 AM,REHAB,412660,10,116460.61386204,NOT CERTIFIED,,OWNER-OCCUPIED,QUALIFIED,-84.41977462,39.1279040700299,,MOUNT LOOKOUT,MOUNT LOOKOUT,79710.8
a0FE000000IT08KMAT,1355 HERSCHEL AV,03/10/2016 12:00:00 AM,REHAB,154000,10,43461.771276,NOT CERTIFIED,,OWNER-OCCUPIED,QUALIFIED,-84.42143162,39.1352012100299,,MOUNT LOOKOUT,MOUNT LOOKOUT,305341.27
a0FE000000IT0aHMAT,3141 FAIRFIELD AV,03/21/2016 12:00:00 AM,REHAB,275000,10,77610.30585,NOT CERTIFIED,,OWNER-OCCUPIED,QUALIFIED,-84.47265481,39.1349950600299,,EVANSTON,EVANSTON,120000
a0FE000000IT0avMAD,1228 LOUDEN ST,03/21/2016 12:00:00 AM,REHAB,1287750,10,363427.8958485,PLATINUM,12/15/2015 12:00:00 AM,OWNER-OCCUPIED,QUALIFIED,-84.49707514,39.1103022400299,,,MOUNT ADAMS,1190000
a0FE000000IT0cyMAD,3651 MARBURG AV,03/21/2016 12:00:00 AM,REHAB,275000,10,77610.30585,NOT CERTIFIED,,OWNER-OCCUPIED,QUALIFIED,-84.42232693,39.1433010600299,,HYDE PARK,HYDE PARK,447000
a0FE000000IT0dIMAT,4845 LE BLOND AV,03/21/2016 12:00:00 AM,REHAB,242950,10,68565.1774773,NOT CERTIFIED,,OWNER-OCCUPIED,QUALIFIED,-84.419357,39.1263609900299,,MOUNT LOOKOUT,LINWOOD,346304.9
a0FE000000IT18gMAD,775 SUMMIT AV,01/19/2016 12:00:00 AM,REHAB,197620,10,55772.17688028,NOT CERTIFIED,,OWNER-OCCUPIED,QUALIFIED,-84.55938203,39.1051836000299,,EAST PRICE HILL,EAST PRICE HILL,144500
a0FE000000IT190MAD,4321 VERNE AV,03/02/2016 12:00:00 AM,REHAB,127680,10,36033.75945792,NOT CERTIFIED,,OWNER-OCCUPIED,QUALIFIED,-84.43210278,39.1552309800299,,OAKLEY,OAKLEY,184900
a0FE000000IT2hXMAT,314 KLOTTER AV,05/22/2016 12:00:00 AM,REHAB,275000,10,77610.30585,NOT CERTIFIED,,OWNER-OCCUPIED,QUALIFIED,-84.52445544,39.1224868800299,,CLIFTON,CUF,148399.11
a0FE000000IT2uMMAT,3440 ARNOLD ST,03/25/2016 12:00:00 AM,REHAB,275000,10,77610.30585,NOT CERTIFIED,,OWNER-OCCUPIED,QUALIFIED,-84.4192632857143,39.1281718095238,,MOUNT LOOKOUT,N/A,170878
a0FE000000IT3adMAD,1329 PENDLETON ST,03/30/2016 12:00:00 AM,NEW,560530,15,237288.57129873,GOLD,,OWNER-OCCUPIED,PREVIOUSLY CERTIFIED,-84.50744345,39.1113506800299,,PENDLETON,PENDLETON,505728.57
a0FE000000IT4N0MAL,311 BOAL ST,03/16/2016 12:00:00 AM,REHAB,152190,10,42950.95435386,NOT CERTIFIED,,OWNER-OCCUPIED,QUALIFIED,-84.51013549,39.1138395100299,,MOUNT AUBURN,MOUNT AUBURN,153554.57
a0FE000000IT4eTMAT,873 ACADEMY AV,03/21/2016 12:00:00 AM,REHAB,162450,10,45846.5243103,NOT CERTIFIED,,OWNER-OCCUPIED,QUALIFIED,-84.57935805,39.1092863300299,,WEST PRICE HILL,WEST PRICE HILL,118524
a0FE000000IT4wtMAD,3553 GRANDIN RD,04/01/2016 12:00:00 AM,NEW,562000,15,237910.864842,GOLD,12/22/2015 12:00:00 AM,OWNER-OCCUPIED,PREVIOUSLY CERTIFIED,-84.4334868367347,39.1213037142857,,COLUMBIA-TUSCULUM,N/A,752621
a0FE000000IT4x8MAD,2028 FAITH ST,04/01/2016 12:00:00 AM,NEW,275000,10,77610.30585,NOT CERTIFIED,,OWNER-OCCUPIED,PREVIOUSLY CERTIFIED,-84.45603231,39.1788590000299,,BOND HILL,BOND HILL,281295
a0FE000000IT5gSMAT,434 LIBERTY HILL,04/01/2016 12:00:00 AM,NEW,562000,15,237910.864842,GOLD,03/01/2016 12:00:00 AM,RENTAL,PREVIOUSLY CERTIFIED,-84.50744959,39.1126172500299,,MOUNT AUBURN,MOUNT AUBURN,511671.34
a0FE000000IT5hLMAT,432 LIBERTY HILL,04/01/2016 12:00:00 AM,NEW,519970,15,220118.34945177,GOLD,03/01/2016 12:00:00 AM,RENTAL,PREVIOUSLY CERTIFIED,-84.5075517,39.1126127400299,,MOUNT AUBURN,MOUNT AUBURN,426392.79
a0FE000000IT6RvMAL,3113 AUTEN AV,01/26/2016 12:00:00 AM,REHAB,85220,10,24050.72823468,NOT CERTIFIED,,OWNER-OCCUPIED,QUALIFIED,-84.42973676,39.1752009100299,,PLEASANT RIDGE,PLEASANT RIDGE,48959
a0FE000000IT6SPMA1,3298 MONTEITH AV,03/30/2016 12:00:00 AM,REHAB,156890,10,44277.38503566,NOT CERTIFIED,,OWNER-OCCUPIED,QUALIFIED,-84.43732061,39.1352495700299,,HYDE PARK,HYDE PARK,210042.69
a0FE000000IT6SyMAL,3152 PARKVIEW AV,03/09/2016 12:00:00 AM,REHAB,152510,10,43041.26452794,NOT CERTIFIED,,OWNER-OCCUPIED,QUALIFIED,-84.42851999,39.1806958400299,,PLEASANT RIDGE,PLEASANT RIDGE,262500
a0FE000000IT8rsMAD,2924 VAUGHN ST,03/30/2016 12:00:00 AM,REHAB,107280,10,30276.48586032,NOT CERTIFIED,,RENTAL,QUALIFIED,-84.50638195,39.1336598900299,,CORRYVILLE,CORRYVILLE,70081.69
a0FE000000IT8sMMAT,722 HAND AV,03/24/2016 12:00:00 AM,NEW,258590,10,72979.08723546,NOT CERTIFIED,,OWNER-OCCUPIED,QUALIFIED,-84.51687464,39.1775449400299,,SPRING GROVE VILLAGE,SPRING GROVE VILLAGE,182024.72
a0FE000000IT9v9MAD,2905 CORBIN PARK CT,04/11/2016 12:00:00 AM,NEW,400000,15,169331.5764,SILVER,11/25/2015 12:00:00 AM,OWNER-OCCUPIED,PREVIOUSLY CERTIFIED,-84.45049596,39.1205858000299,,EAST END,EAST END,125000
a0FE000000ITAIDMA5,5052 COLLINWOOD PL,03/23/2016 12:00:00 AM,REHAB,245320,10,69234.03720408,NOT CERTIFIED,,OWNER-OCCUPIED,QUALIFIED,-84.41165373,39.1635194900299,,MADISONVILLE,MADISONVILLE,244980
a0FE000000ITAIrMAP,429 E 13TH ST,04/06/2016 12:00:00 AM,REHAB,53700,10,15155.1760878,NOT CERTIFIED,,RENTAL,QUALIFIED,-84.50720835,39.1103539300299,,PENDLETON,PENDLETON,182570
a0FE000000ITAJBMA5,520 E 13TH ST,04/06/2016 12:00:00 AM,REHAB,45880,10,12948.22120872,NOT CERTIFIED,,RENTAL,QUALIFIED,-84.50599081,39.1108646500299,,PENDLETON,PENDLETON,286935
a0FE000000ITAJfMAP,16 GARDEN PL,04/07/2016 12:00:00 AM,REHAB,550000,10,155220.6117,NOT CERTIFIED,,OWNER-OCCUPIED,QUALIFIED,-84.4569572420906,39.1388916059971,,HYDE PARK,N/A,261700.3
a0FE000000Isbm7MAB,3248 WALWORTH AV,04/14/2016 12:00:00 AM,NEW,275000,10,77610.30585,NOT CERTIFIED,,OWNER-OCCUPIED,PREVIOUSLY CERTIFIED,-84.44291461,39.1188966400299,,EAST END,COLUMBIA TUSCULUM - EAST END,250398.85
a0FE000000NSiImMAL,3563 OUTLOOK AV,04/29/2016 12:00:00 AM,REHAB,275000,10,77610.30585,NOT CERTIFIED,,OWNER-OCCUPIED,QUALIFIED,-84.43518871,39.1411084000299,,,HYDE PARK,340662
a0FE000000NSiJLMA1,411 MCDOWELL ST,04/28/2016 12:00:00 AM,REHAB,206200,10,58193.6184228,NOT CERTIFIED,,OWNER-OCCUPIED,QUALIFIED,-84.43707607,39.1167090700299,,COLUMBIA-TUSCULUM,COLUMBIA TUSCULUM,285000
a0FE000000NSiJaMAL,2872 ERIE AV,04/28/2016 12:00:00 AM,NEW,1132910,15,479593.59054831,PLATINUM,04/28/2016 12:00:00 AM,OWNER-OCCUPIED,QUALIFIED,-84.43654957,39.1392626900299,,HYDE PARK,HYDE PARK,1120100
a0FE000000NSiiOMAT,5805 DESTINY CT,02/16/2016 12:00:00 AM,NEW,304680,15,128979.86174388,SILVER,,OWNER-OCCUPIED,QUALIFIED,-84.4577111,39.1797177300299,,BOND HILL,BOND HILL,258702
a0FE000000NSijRMAT,2816 EUCLID AV,04/25/2016 12:00:00 AM,REHAB,258990,10,73091.97495306,NOT CERTIFIED,,,QUALIFIED,-84.50733405,39.1322521100299,,CORRYVILLE,CORRYVILLE,139248
a0FE000000NSilxMAD,7005 LOCKER CT,04/15/2016 12:00:00 AM,NEW,207720,10,58622.59174968,NOT CERTIFIED,,,QUALIFIED,-84.5598389,39.2018671400298,,COLLEGE HILL,COLLEGE HILL,217000
a0FE000000NSivAMAT,1704 MARTHA AV,05/24/2016 12:00:00 AM,NEW,191700,15,81152.1579897,SILVER,,,QUALIFIED,-84.54744626,39.1715236300299,,NORTHSIDE,NORTHSIDE,165520
a0FE000000NSjg7MAD,4665 HOWARD AV,05/09/2016 12:00:00 AM,REHAB,247470,10,69840.80868618,NOT CERTIFIED,,,QUALIFIED,-84.54291,39.1757499300299,,NORTHSIDE,NORTHSIDE,238750
a0FE000000NSll3MAD,4213 MAD ANTHONY ST,05/13/2016 12:00:00 AM,REHAB,120840,10,34103.37948696,NOT CERTIFIED,,,QUALIFIED,-84.53575582,39.1636319600299,,NORTHSIDE,NORTHSIDE,98000
a0FE000000NSlm1MAD,4306 MILLSBRAE AV,04/29/2016 12:00:00 AM,NEW,275000,10,77610.30585,NOT CERTIFIED,,,QUALIFIED,-84.43856877,39.1550049800299,,OAKLEY,OAKLEY,219595.85
a0FE000000NSlmfMAD,4301 VERNE AV,05/05/2016 12:00:00 AM,REHAB,95070,10,26830.58828058,NOT CERTIFIED,,,QUALIFIED,-84.43214572,39.1545091000299,,OAKLEY,OAKLEY,75813
a0FE000000NSm6UMAT,3116 TROY AV,05/17/2016 12:00:00 AM,REHAB,275000,10,77610.30585,NOT CERTIFIED,,,QUALIFIED,-84.42985392,39.1851072300299,,PLEASANT RIDGE,PLEASANT RIDGE,155100
a0FE000000NSm6eMAD,3792 HYDE PARK AV,04/28/2016 12:00:00 AM,REHAB,124000,10,34995.192456,NOT CERTIFIED,,,QUALIFIED,-84.43661694,39.1476366400299,,OAKLEY,OAKLEY,123562
a0FE000000NSm7DMAT,1620 HOPPLE CT,05/31/2016 12:00:00 AM,REHAB,108060,10,30496.61690964,NOT CERTIFIED,,OWNER-OCCUPIED,QUALIFIED,-84.54928193,39.1378492000299,,MILLVALE,ENGLISH WOODS,65000
a0FE000000NSm7cMAD,1993 JESSE LN,05/27/2016 12:00:00 AM,NEW,221380,15,93716.56095858,CERTIFIED,04/01/2016 12:00:00 AM,,QUALIFIED,-84.55903363,39.2016095400298,,COLLEGE HILL,COLLEGE HILL,219811
a0FE000000NSm81MAD,1014 CREST CIR,05/05/2016 12:00:00 AM,REHAB,139070,10,39248.23721658,NOT CERTIFIED,,,QUALIFIED,-84.42651474,39.1301559700299,,MOUNT LOOKOUT,MOUNT LOOKOUT,182181.76
a0FE000000NSm8VMAT,1316 RACE ST,04/25/2016 12:00:00 AM,REHAB,275000,10,77610.30585,NOT CERTIFIED,,,QUALIFIED,-84.5166388979592,39.1094867755102,,OVER-THE-RHINE,N/A,322695.98
a0FE000000NSpe7MAD,3370 EVERSON AV,05/31/2016 12:00:00 AM,NEW,299960,15,126981.74914236,GOLD,,,QUALIFIED,-84.42244661,39.1502962900299,,OAKLEY,OAKLEY,363000
a0FE000000NSpsKMAT,1509 PLEASANT ST,04/25/2016 12:00:00 AM,REHAB,193830,10,54702.56575602,NOT CERTIFIED,,,QUALIFIED,-84.5182263061224,39.1116037346939,,OVER-THE-RHINE,N/A,233794.19
a0FE000000NSrXsMAL,118 W FIFTEENTH ST,04/25/2016 12:00:00 AM,REHAB,246950,10,69694.0546533,NOT CERTIFIED,,,QUALIFIED,-84.5181967,39.1115367,,OVER-THE-RHINE,N/A,299860.6
a0FE000000NSrZWMA1,122 W FIFTEENTH ST,04/25/2016 12:00:00 AM,REHAB,167430,10,47251.97639442,NOT CERTIFIED,,,QUALIFIED,-84.5185659,39.1113846,,OVER-THE-RHINE,N/A,189570.15
a0FE000000NSraAMAT,1408 OSBORN AL,02/04/2016 12:00:00 AM,REHAB,214840,10,60631.99312296,NOT CERTIFIED,,,QUALIFIED,-84.51830255,39.1104870800299,,OVER-THE-RHINE,OTR,321000
a0FE000000NSrcSMAT,14 MERCER ST,04/25/2016 12:00:00 AM,REHAB,245720,10,69346.92492168,NOT CERTIFIED,,OWNER-OCCUPIED,QUALIFIED,-84.5144499,39.1104389,,OVER-THE-RHINE,N/A,244363
a0FE000000NSrdBMAT,1650 PHILOMENA AVE,05/31/2016 12:00:00 AM,REHAB,167180,10,47181.42157092,NOT CERTIFIED,,,QUALIFIED,-84.5461389051373,39.172647,,NORTHSIDE,N/A,1058665.8
a0FE000000NSrdkMAD,3018 GOLDEN AV,04/04/2016 12:00:00 AM,REHAB,275000,10,77610.30585,NOT CERTIFIED,,,QUALIFIED,-84.44586655,39.1230414200299,,COLUMBIA-TUSCULUM,COLUMBIA TUSCULUM,567544
a0FE000000NSrmyMAD,3505 BAYARD DR,04/04/2016 12:00:00 AM,REHAB,275000,10,77610.30585,NOT CERTIFIED,,,QUALIFIED,-84.42713922,39.1390600100299,,HYDE PARK,HYDE PARK,315168.51
a0FE000000NSru1MAD,620 DELTA AV,05/16/2016 12:00:00 AM,REHAB,98860,10,27900.19940484,NOT CERTIFIED,,,QUALIFIED,-84.43497831,39.1229814800299,,MOUNT LOOKOUT,COLUMBIA TUSCULUM - MT LOOKOUT,160000
a0FE000000NSruBMAT,3309 WOODBURN AV,05/18/2016 12:00:00 AM,REHAB,209830,10,59218.07446002,NOT CERTIFIED,,,QUALIFIED,-84.47597001,39.1383497900299,,EVANSTON,EVANSTON,174049
a0FE000000NSruGMAT,3484 ARNOLD ST,05/27/2016 12:00:00 AM,REHAB,63180,10,17830.61499492,NOT CERTIFIED,,,QUALIFIED,-84.41811613,39.1282564100299,,MOUNT LOOKOUT,MOUNT LOOKOUT,105000
a0FE000000NSvASMA1,1727 HANFIELD ST,05/25/2016 12:00:00 AM,REHAB,259030,10,73103.26372482,NOT CERTIFIED,,,QUALIFIED,-84.5455615625,39.1626483125,,NORTHSIDE,N/A,139700
a0FE000000NSvCJMA1,1542 BLAIR AV,06/03/2016 12:00:00 AM,REHAB,185010,10,52213.39158294,NOT CERTIFIED,,,QUALIFIED,-84.4765744,39.1403571100299,,EVANSTON,EVANSTON,189887.9
a0FE000000NSvCsMAL,2512 SALEM ST,06/02/2016 12:00:00 AM,REHAB,184220,10,51990.43834068,NOT CERTIFIED,,,QUALIFIED,-84.44992637,39.1371935200299,,,HYDE PARK,176092.83
a0FE000000NSvE5MAL,1545 BLAIR AV,06/03/2016 12:00:00 AM,REHAB,275000,10,77610.30585,NOT CERTIFIED,,,QUALIFIED,-84.47677012,39.1398529400299,,EVANSTON,EVANSTON,214148.65
a0FE000000NSvFSMA1,4321 BEECH HILL AV,06/03/2016 12:00:00 AM,REHAB,218220,10,61585.89433668,NOT CERTIFIED,,,QUALIFIED,-84.53669679,39.1666467300299,,NORTHSIDE,NORTHSIDE,102000
a0FE000000NSvHdMAL,2200 VICTORY PW,06/14/2016 12:00:00 AM,REHAB,102980,10,29062.94289612,NOT CERTIFIED,,OWNER-OCCUPIED,QUALIFIED,,,,EAST WALNUT HILLS,N/A,122264.18
a0FE000000NSvpHMAT,3229 OBSERVATORY AV,05/24/2016 12:00:00 AM,REHAB,182800,10,51589.6869432,NOT CERTIFIED,,,QUALIFIED,-84.4252335,39.1365351700299,,HYDE PARK,HYDE PARK,54949.5
a0FE000000NSvpzMAD,2145 LURAY AVE,06/08/2016 12:00:00 AM,REHAB,275000,10,77610.30585,NOT CERTIFIED,,,QUALIFIED,-84.4881499242358,39.1191545570845,,WALNUT HILLS,N/A,1625445
a0FE000000NSvrMMAT,430 NORTHERN AV,05/20/2016 12:00:00 AM,NEW,266700,15,112901.8285647,SILVER,,,QUALIFIED,-84.49854348,39.1438436600299,,AVONDALE,AVONDALE,226000
a0FE000000NSvrqMAD,3040 MINOT AV,05/27/2016 12:00:00 AM,REHAB,189960,10,53610.37708824,NOT CERTIFIED,,,QUALIFIED,-84.43151405,39.1538693000298,,OAKLEY,OAKLEY,84279
a0FE000000NSvsAMAT,3738 WOODLAND AV,05/26/2016 12:00:00 AM,REHAB,204510,10,57716.66781594,NOT CERTIFIED,,,QUALIFIED,-84.43931606,39.1461013900299,,OAKLEY,HYDE PARK - OAKLEY,420000
a0FE000000NSvslMAD,3804 DRAKE AV,05/06/2016 12:00:00 AM,REHAB,134580,10,37981.07258652,NOT CERTIFIED,,,QUALIFIED,-84.43505888,39.1476923100299,,OAKLEY,OAKLEY,140837
a0FE000000NT9eYMAT,1317 KNOWLTON ST,06/03/2016 12:00:00 AM,REHAB,76170,10,21496.64362398,NOT CERTIFIED,,,QUALIFIED,-84.53332065,39.1611291700299,,NORTHSIDE,NORTHSIDE,167248
a0FE000000NT9fMMAT,494 MISSOURI AV,06/14/2016 12:00:00 AM,NEW,465060,15,196873.35730146,GOLD,,OWNER-OCCUPIED,QUALIFIED,-84.43402074,39.1187000500299,,COLUMBIA-TUSCULUM,COLUMBIA TUSCULUM,92500
a0FE000000NT9hhMAD,1501 VINE ST,06/14/2016 12:00:00 AM,REHAB,176970,10,49944.34845918,NOT CERTIFIED,,,QUALIFIED,-84.5158706,39.1118531500299,,OVER-THE-RHINE,OTR,211570
a0FE000000NT9i1MAD,1432 RACE ST,06/07/2016 12:00:00 AM,REHAB,65560,10,18502.29691464,NOT CERTIFIED,,,QUALIFIED,-84.5169667690284,39.1107798508607,,OVER-THE-RHINE,N/A,117900
a0FE000000NT9iGMAT,1520 CHASE AV,07/07/2016 12:00:00 AM,REHAB,112930,10,31871.02487142,NOT CERTIFIED,,,QUALIFIED,-84.53745137,39.1633797900299,,NORTHSIDE,NORTHSIDE,34248.93
a0FE000000NT9izMAD,2951 MAPLELEAF AV,06/20/2016 12:00:00 AM,REHAB,186710,10,52693.16438274,NOT CERTIFIED,,,QUALIFIED,-84.4336887,39.1745306400299,,PLEASANT RIDGE,PLEASANT RIDGE,88600
a0FE000000NTDIgMAP,1337 PENDLETON ST,07/01/2016 12:00:00 AM,NEW,562000,15,237910.864842,GOLD,,OWNER-OCCUPIED,QUALIFIED,-84.50736229,39.1116198700299,,PENDLETON,PENDLETON,578538.71
a0FE000000NTDN2MAP,423 STRAFER ST,06/22/2016 12:00:00 AM,NEW,562000,15,237910.864842,GOLD,,,QUALIFIED,-84.43603512,39.1163155900299,,COLUMBIA-TUSCULUM,COLUMBIA TUSCULUM,711200
a0FE000000NTDNlMAP,4202 BADGELEY CIR,03/21/2016 12:00:00 AM,NEW,273550,10,77201.0878737,NOT CERTIFIED,,,QUALIFIED,-84.55141408,39.1657508400299,,NORTHSIDE,NORTHSIDE,252472
a0FE000000NTDOUMA5,527 HOGE ST,04/14/2016 12:00:00 AM,REHAB,137450,10,38791.0419603,NOT CERTIFIED,,,QUALIFIED,-84.43739566,39.1183547800299,,COLUMBIA-TUSCULUM,COLUMBIA TUSCULUM,75000
a0FE000000NTDQQMA5,1339 PENDLETON ST,05/04/2016 12:00:00 AM,NEW,562000,15,237910.864842,GOLD,,OWNER-OCCUPIED,QUALIFIED,-84.5073772,39.1116863700299,,PENDLETON,PENDLETON,540786
a0FE000000NTFklMAH,4102 FERGUS ST,07/14/2016 12:00:00 AM,REHAB,271480,10,76616.89393512,NOT CERTIFIED,,,QUALIFIED,-84.53619735,39.1614601000299,,NORTHSIDE,NORTHSIDE,172866.45
a0FE000000NTFl0MAH,1320 MEIER AV,06/24/2016 12:00:00 AM,REHAB,146090,10,41229.41666046,NOT CERTIFIED,,,QUALIFIED,-84.43317377,39.1353292300299,,HYDE PARK,HYDE PARK,367000
a0FE000000NTFo9MAH,1501 VINE ST,06/13/2016 12:00:00 AM,REHAB,171120,10,48293.36558928,NOT CERTIFIED,,,QUALIFIED,-84.5157697,39.1122448,,OVER-THE-RHINE,N/A,222075
a0FE000000NTFosMAH,425 STRAFER ST,07/07/2016 12:00:00 AM,NEW,562000,15,237910.864842,GOLD,07/07/2016 12:00:00 AM,,QUALIFIED,-84.43589583,39.1163783400299,,COLUMBIA-TUSCULUM,COLUMBIA TUSCULUM,707990.27
a0FE000000NTFpCMAX,3624 EDWARDS RD,07/11/2016 12:00:00 AM,REHAB,167960,10,47401.55262024,NOT CERTIFIED,,,QUALIFIED,-84.44265371,39.1433519600299,,HYDE PARK,HYDE PARK,225416
a0FE000000NTP12MAH,3498 TARPIS AV,07/19/2016 12:00:00 AM,NEW,275000,10,77610.30585,NOT CERTIFIED,,,QUALIFIED,-84.42379313,39.1398271300299,,HYDE PARK,HYDE PARK,267682.37
a0FE000000NTP1RMAX,1622 HOPPLE CT,07/23/2016 12:00:00 AM,REHAB,105820,10,29864.44569108,NOT CERTIFIED,,,QUALIFIED,-84.5494023,39.1378944000299,,MILLVALE,ENGLISH WOODS,65000
a0FE000000NoxVNMAZ,1044 REDWAY AV,04/14/2016 12:00:00 AM,REHAB,146100,10,41232.2388534,NOT CERTIFIED,,OWNER-OCCUPIED,QUALIFIED,-84.47688575,39.1533032300299,,NORTH AVONDALE,NORTH AVONDALE,22877.84
a0FE000000NoxW6MAJ,4329 BEECH HILL AV,04/11/2016 12:00:00 AM,REHAB,237960,10,67156.90320024,NOT CERTIFIED,,OWNER-OCCUPIED,QUALIFIED,-84.53662402,39.1669315600299,,NORTHSIDE,NORTHSIDE,130300
a0FE000000Np1WYMAZ,10 MERCER ST,04/25/2016 12:00:00 AM,NEW,475720,15,201386.04381252,GOLD,,OWNER-OCCUPIED,PREVIOUSLY CERTIFIED,-84.51475486,39.1104670700299,,OVER-THE-RHINE,OTR,351172.19
a0FE000000Np2lRMAR,12 MERCER ST,04/25/2016 12:00:00 AM,NEW,512550,15,216977.24870955,GOLD,,OWNER-OCCUPIED,PREVIOUSLY CERTIFIED,-84.51468119,39.1104793400299,,OVER-THE-RHINE,OTR,353616.95
a0FE000000Np2lWMAR,26 MERCER ST,04/25/2016 12:00:00 AM,NEW,551380,15,233415.11148858,GOLD,,OWNER-OCCUPIED,PREVIOUSLY CERTIFIED,-84.51424305,39.1105666000299,,OVER-THE-RHINE,OTR,334582.76
a0FE000000Np2lqMAB,24 MERCER ST,04/25/2016 12:00:00 AM,NEW,536440,15,227090.57711004,GOLD,,OWNER-OCCUPIED,PREVIOUSLY CERTIFIED,-84.51430608,39.1105517700299,,OVER-THE-RHINE,OTR,332836.5
a0FE000000Np2m0MAB,22 MERCER ST,04/25/2016 12:00:00 AM,NEW,551380,15,233415.11148858,GOLD,,OWNER-OCCUPIED,PREVIOUSLY CERTIFIED,-84.51436221,39.1105425500299,,OVER-THE-RHINE,OTR,334233.51
a0FE000000Np2mPMAR,20 MERCER ST,04/25/2016 12:00:00 AM,NEW,551380,15,233415.11148858,GOLD,,OWNER-OCCUPIED,PREVIOUSLY CERTIFIED,-84.51441483,39.1105334000299,,OVER-THE-RHINE,OTR,335979.76
a0FE000000Np2moMAB,18 MERCER ST,04/25/2016 12:00:00 AM,NEW,551380,15,233415.11148858,GOLD,,OWNER-OCCUPIED,PREVIOUSLY CERTIFIED,-84.51447778,39.1105158300299,,OVER-THE-RHINE,OTR,334233.51
a0FE000000Np2nDMAR,16 MERCER ST,04/25/2016 12:00:00 AM,NEW,551380,15,233415.11148858,GOLD,,OWNER-OCCUPIED,PREVIOUSLY CERTIFIED,-84.51453736,39.1105038100299,,OVER-THE-RHINE,OTR,341742.41
a0FE000000Np2w0MAB,1542 1/2 BLAIR AV,04/22/2016 12:00:00 AM,REHAB,190750,10,53833.3303305,NOT CERTIFIED,,OWNER-OCCUPIED,QUALIFIED,-84.4757522,39.1400207,,EVANSTON,N/A,189887.91
a0FE000000Np2wRMAR,2354 RIVERSIDE DR,04/18/2016 12:00:00 AM,REHAB,275000,10,77610.30585,NOT CERTIFIED,,RENTAL,QUALIFIED,-84.46661997,39.1240920400299,,EAST END,EAST END,169155.72
a0FE000000Np2x0MAB,PO BOX 1524 ZEPHYR COVE NEVADA,04/25/2016 12:00:00 AM,REHAB,,10,,NOT CERTIFIED,,RENTAL,QUALIFIED,-84.5124602,39.1014537,,MOUNT ADAMS,N/A,392000
a0FE000000Np2y8MAB,216 W 14TH ST,04/18/2016 12:00:00 AM,REHAB,162280,10,45798.54703032,NOT CERTIFIED,,OWNER-OCCUPIED,QUALIFIED,-84.51944289,39.1101586400299,,OVER-THE-RHINE,OTR,180828
a0FE000000Np2zGMAR,400 PIKE ST 912,04/18/2016 12:00:00 AM,REHAB,,10,,NOT CERTIFIED,,OWNER-OCCUPIED,QUALIFIED,-84.5124602,39.1014537,,DOWNTOWN CINCINNATI,N/A,433300
a0FE000000Np30QMAR,1435 ELM ST,04/15/2016 12:00:00 AM,REHAB,374360,10,105651.61490184,SILVER,,OWNER-OCCUPIED,QUALIFIED,-84.51899775,39.1111567100299,,OVER-THE-RHINE,OTR,425000
a0FE000000Np4PJMAZ,4332 BEECH HILL AV,04/22/2016 12:00:00 AM,REHAB,214450,10,60521.9275983,NOT CERTIFIED,,OWNER-OCCUPIED,QUALIFIED,-84.53618916,39.1670336700299,,NORTHSIDE,NORTHSIDE,157922.07
a0FE000000QA2VHMA1,3310 HARDISTY AV,06/20/2016 12:00:00 AM,REHAB,254210,10,71742.96672774,NOT CERTIFIED,,,QUALIFIED,-84.42267193,39.1317112500299,,MOUNT LOOKOUT,MOUNT LOOKOUT,273644.43
a0FE000000QA4qQMAT,3030 SPRINGER AV,06/03/2016 12:00:00 AM,REHAB,117650,10,33203.0999391,NOT CERTIFIED,,OWNER-OCCUPIED,QUALIFIED,-84.4289269,39.1356062200299,,HYDE PARK,HYDE PARK,42328
a0FE000000QA4quMAD,1321 CHASE AV,07/19/2016 12:00:00 AM,REHAB,134910,10,38074.20495354,,,OWNER-OCCUPIED,QUALIFIED,-84.53356278,39.1629800100299,,NORTHSIDE,NORTHSIDE,51000
a0FE000000QA4sbMAD,4217 WILLIAMSON PL,07/23/2016 12:00:00 AM,REHAB,201800,10,56951.8535292,NOT CERTIFIED,,,QUALIFIED,-84.53739329,39.1637734800299,,NORTHSIDE,NORTHSIDE,157922.07
a0FE000000QA55sMAD,1340 FLEMING ST,07/19/2016 12:00:00 AM,REHAB,275000,10,77610.30585,NOT CERTIFIED,,OWNER-OCCUPIED,QUALIFIED,-84.4807337,39.1241461200299,,EAST WALNUT HILLS,EAST WALNUT HILLS,285000
a0FE000000QA6pPMAT,5827 SALVIA AV,07/20/2016 12:00:00 AM,REHAB,118830,10,33536.11870602,NOT CERTIFIED,,OWNER-OCCUPIED,QUALIFIED,-84.54490956,39.1979026800298,,COLLEGE HILL,COLLEGE HILL,85626
a0FE000000QA6qeMAD,1501 VINE ST,07/21/2016 12:00:00 AM,REHAB,180080,10,50822.05046352,NOT CERTIFIED,,OWNER-OCCUPIED,QUALIFIED,-84.5157697,39.1122448,,OVER-THE-RHINE,N/A,230895
a0FE000000QA6riMAD,1523 CHASE AV,07/25/2016 12:00:00 AM,REHAB,211510,10,59692.20287394,NOT CERTIFIED,,,QUALIFIED,-84.53734245,39.1629688700299,,NORTHSIDE,NORTHSIDE,142407.47
a0FE000000QA6rxMAD,4267 CHAMBERS ST,07/29/2016 12:00:00 AM,REHAB,244810,10,69090.10536414,NOT CERTIFIED,,,QUALIFIED,-84.53446856,39.1657901100299,,NORTHSIDE,NORTHSIDE,110000
a0FE000000QA6sMMAT,3410 SHADY LN,07/29/2016 12:00:00 AM,REHAB,115060,10,32472.15196764,NOT CERTIFIED,,OWNER-OCCUPIED,QUALIFIED,-84.43777476,39.1377177600299,,HYDE PARK,HYDE PARK,198959.76
a0FE000000QA6tAMAT,4217 BROOKSIDE AV,07/28/2016 12:00:00 AM,REHAB,209710,10,59184.20814474,NOT CERTIFIED,,,QUALIFIED,-84.53927843,39.1641825100299,,NORTHSIDE,NORTHSIDE,72700
a0FE000000QA6vTMAT,1946 CHASE AV,08/01/2016 12:00:00 AM,NEW,228700,10,64543.5525378,NOT CERTIFIED,,,QUALIFIED,-84.55258188,39.1670813900299,,NORTHSIDE,NORTHSIDE,204279.74
a0FE000000QA6wCMAT,3004 SPRINGER AV,08/03/2016 12:00:00 AM,REHAB,275000,10,77610.30585,NOT CERTIFIED,,OWNER-OCCUPIED,QUALIFIED,-84.43019436,39.1356614700299,,HYDE PARK,HYDE PARK,399804
a0FE000000QA6x5MAD,,08/03/2016 12:00:00 AM,REHAB,,10,,NOT CERTIFIED,,,QUALIFIED,-84.5124602,39.1014537,,EAST PRICE HILL,N/A,13500
a0FE000000QA6xKMAT,556 EMPRESS AV,08/04/2016 12:00:00 AM,NEW,544970,15,230701.57297677,GOLD,,OWNER-OCCUPIED,QUALIFIED,-84.4358215,39.1205312800299,,COLUMBIA-TUSCULUM,COLUMBIA TUSCULUM,456807
a0FE000000QA6xyMAD,3253 LAMBERT PL,07/15/2016 12:00:00 AM,REHAB,151350,10,42713.8901469,NOT CERTIFIED,,OWNER-OCCUPIED,QUALIFIED,-84.42587676,39.1293144000299,,MOUNT LOOKOUT,MOUNT LOOKOUT,420500
a0FE000000QENusMAH,7003 LOCKER CT,07/15/2016 12:00:00 AM,NEW,275000,10,77610.30585,NOT CERTIFIED,,,QUALIFIED,-84.55981018,39.2017303300298,,COLLEGE HILL,COLLEGE HILL,277555
a0FE000000QENvHMAX,3206 GOLDEN AV,07/26/2016 12:00:00 AM,NEW,562000,15,237910.864842,GOLD,,,QUALIFIED,-84.44339231,39.1219344300299,,COLUMBIA-TUSCULUM,COLUMBIA TUSCULUM,565785
a0FE000000QENvvMAH,1699 ASHBROOK DR,08/08/2016 12:00:00 AM,NEW,113890,10,32141.95539366,NOT CERTIFIED,,,QUALIFIED,-84.59785137,39.1225301200299,,WEST PRICE HILL,WEST PRICE HILL,95000
a0FE000000QENw5MAH,1517 RUTH AV,08/08/2016 12:00:00 AM,REHAB,242710,10,68497.44484674,NOT CERTIFIED,,OWNER-OCCUPIED,QUALIFIED,-84.47832888,39.1390016300299,,EVANSTON,EVANSTON,211833.65
a0FE000000QENwFMAX,7 FAR HILLS DR,08/09/2016 12:00:00 AM,REHAB,275000,10,77610.30585,NOT CERTIFIED,,OWNER-OCCUPIED,QUALIFIED,-84.44210719,39.1326829900299,,HYDE PARK,HYDE PARK,578482
a0FE000000QENwxMAH,1046 HATCH ST,08/05/2016 12:00:00 AM,REHAB,82440,10,23266.15859736,NOT CERTIFIED,,OWNER-OCCUPIED,QUALIFIED,-84.49336786,39.1093402000299,,MOUNT ADAMS,MOUNT ADAMS,228599
a0FE000000QENxxMAH,14 MERCER ST,08/10/2016 12:00:00 AM,REHAB,265360,10,74889.71185584,NOT CERTIFIED,,OWNER-OCCUPIED,QUALIFIED,-84.5144499,39.1104389,,OVER-THE-RHINE,N/A,272981.86
a0FE000000QEQc2MAH,843 CLIFTON HILLS TER,08/08/2016 12:00:00 AM,REHAB,264790,10,74728.84685826,NOT CERTIFIED,,OWNER-OCCUPIED,QUALIFIED,-84.53364175,39.1469351800299,,CLIFTON,CLIFTON,122843
a0FE000000QEQcRMAX,3334 ARROW AV,07/22/2016 12:00:00 AM,REHAB,68320,10,19281.22216608,NOT CERTIFIED,,OWNER-OCCUPIED,QUALIFIED,-84.42267296,39.1828547900299,,PLEASANT RIDGE,PLEASANT RIDGE,40000
a0FE000000QEQmZMAX,1501 VINE ST,08/10/2016 12:00:00 AM,REHAB,116540,10,32889.83652276,NOT CERTIFIED,,,QUALIFIED,-84.5157697,39.1122448,,OVER-THE-RHINE,N/A,200500
a0FE000000QEQp4MAH,4323 HAYS AV,07/23/2016 12:00:00 AM,REHAB,116870,10,32982.96888978,,,OWNER-OCCUPIED,QUALIFIED,-84.55489045,39.1651938800299,,NORTHSIDE,NORTHSIDE,100610.8
a0FE000000QEU1rMAH,619 ATHENS AV,08/15/2016 12:00:00 AM,NEW,562000,15,237910.864842,GOLD,,OWNER-OCCUPIED,QUALIFIED,-84.43517816,39.1206608000299,,COLUMBIA-TUSCULUM,COLUMBIA TUSCULUM,738223
a0FE000000QEX9RMAX,128 PEETE ST,08/16/2016 12:00:00 AM,REHAB,506510,10,142946.89460394,GOLD,,OWNER-OCCUPIED,QUALIFIED,-84.51390377,39.1161997500299,,OVER-THE-RHINE,MOUNT AUBURN,718468.3
a0FE000000QEXQuMAP,20 W ELDER ST,03/29/2016 12:00:00 AM,REHAB,275000,10,77610.30585,NOT CERTIFIED,,OWNER-OCCUPIED,QUALIFIED,-84.5174304375,39.1156439375,,OVER-THE-RHINE,N/A,371184
a0FE000000QEXRTMA5,411 STRAFER ST,08/22/2016 12:00:00 AM,NEW,409800,15,173480.2000218,GOLD,,OWNER-OCCUPIED,QUALIFIED,-84.43639051,39.1161332500299,,COLUMBIA-TUSCULUM,COLUMBIA TUSCULUM,532090
a0FE000000QEXSlMAP,3315 WOODBURN AV,05/24/2016 12:00:00 AM,REHAB,236190,10,66657.37504986,NOT CERTIFIED,,OWNER-OCCUPIED,QUALIFIED,-84.47595577,39.1384576900299,,EVANSTON,EVANSTON,179341.77
a0FE000000QEXdHMAX,2030 FAITH ST,08/18/2016 12:00:00 AM,NEW,275000,10,77610.30585,NOT CERTIFIED,,OWNER-OCCUPIED,QUALIFIED,-84.45592345,39.1787509800299,,BOND HILL,BOND HILL,271548
a0FE000000QEXdlMAH,911 NANCY LN,08/24/2016 12:00:00 AM,REHAB,69820,10,19704.55110708,NOT CERTIFIED,,OWNER-OCCUPIED,QUALIFIED,-84.43224797,39.1259949400299,,MOUNT LOOKOUT,MOUNT LOOKOUT,77475
a0FE000000QEXe0MAH,3556 MCGUFFEY AV,08/24/2016 12:00:00 AM,REHAB,68510,10,19334.84383194,NOT CERTIFIED,,OWNER-OCCUPIED,QUALIFIED,-84.43276099,39.1218347100299,,MOUNT LOOKOUT,COLUMBIA TUSCULUM - MT LOOKOUT,221303.34
a0FE000000QEXePMAX,2014 FAITH ST,08/29/2016 12:00:00 AM,NEW,275000,10,77610.30585,NOT CERTIFIED,,OWNER-OCCUPIED,QUALIFIED,-84.45713909,39.1793236800298,,BOND HILL,BOND HILL,277000
a0FE000000QEXeeMAH,4258 WILLIAMSON PL,08/12/2016 12:00:00 AM,REHAB,143330,10,40450.49140902,NOT CERTIFIED,,OWNER-OCCUPIED,QUALIFIED,-84.5367801,39.1651835100299,,NORTHSIDE,NORTHSIDE,95015.89
a0FE000000QEXfcMAH,5513 TOMPKINS AV,08/26/2016 12:00:00 AM,REHAB,251600,10,71006.3743704,NOT CERTIFIED,,OWNER-OCCUPIED,QUALIFIED,-84.39889312,39.1567058700299,,MADISONVILLE,MADISONVILLE,118450
a0FE000000QEXgQMAX,4551 ANTHONY AV,08/12/2016 12:00:00 AM,REHAB,88430,10,24956.65216842,NOT CERTIFIED,,OWNER-OCCUPIED,QUALIFIED,-84.54648724,39.1718529600299,,NORTHSIDE,NORTHSIDE,41347.34
a0FE000000QEXgaMAH,419 HORACE ST,08/31/2016 12:00:00 AM,REHAB,43640,10,12316.04999016,NOT CERTIFIED,,RENTAL,QUALIFIED,-84.52517787,39.1186281900299,,WEST END,WEST END,74200.2
a0FE000000QEXhJMAX,3431 RUTHER AV,08/31/2016 12:00:00 AM,REHAB,,10,,NOT CERTIFIED,,OWNER-OCCUPIED,QUALIFIED,-84.5124602,39.1014537,,CLIFTON,N/A,59521.67
a0FE000000QEXhdMAH,1603 RUTH AV,09/06/2016 12:00:00 AM,REHAB,275000,10,77610.30585,NOT CERTIFIED,,OWNER-OCCUPIED,QUALIFIED,-84.47546317,39.1387860300299,,EVANSTON,EVANSTON,241635.85
a0FE000000QEXiHMAX,1615 WESTMORELAND AV,09/06/2016 12:00:00 AM,REHAB,181940,10,51346.97835036,NOT CERTIFIED,,OWNER-OCCUPIED,QUALIFIED,-84.54248134,39.1661125800299,,NORTHSIDE,NORTHSIDE,280820.96
a0FE000000QEXivMAH,1720 HANFIELD ST,09/07/2016 12:00:00 AM,NEW,275000,10,77610.30585,NOT CERTIFIED,,OWNER-OCCUPIED,QUALIFIED,-84.54520435,39.1628203300299,,NORTHSIDE,NORTHSIDE,263200
a0FE000000QEXjFMAX,4135 WITLER ST,09/07/2016 12:00:00 AM,NEW,275000,10,77610.30585,NOT CERTIFIED,,OWNER-OCCUPIED,QUALIFIED,-84.54530416,39.1622500500299,,NORTHSIDE,NORTHSIDE,272844.26
a0FE000000QEYb4MAH,2037 FAITH ST,09/07/2016 12:00:00 AM,NEW,275000,10,77610.30585,NOT CERTIFIED,,OWNER-OCCUPIED,QUALIFIED,-84.45555457,39.1781749900299,,BOND HILL,BOND HILL,265136
a0FE000000QEYf8MAH,1501 VINE ST,09/12/2016 12:00:00 AM,REHAB,180310,10,50886.96090114,NOT CERTIFIED,,OWNER-OCCUPIED,QUALIFIED,-84.5157697,39.1122448,,OVER-THE-RHINE,N/A,232470
a0FE000000QEYfSMAX,1501 VINE ST,09/12/2016 12:00:00 AM,REHAB,167250,10,47201.1769215,NOT CERTIFIED,,OWNER-OCCUPIED,QUALIFIED,-84.5157697,39.1122448,,OVER-THE-RHINE,N/A,224910
a0FE000000QEYhiMAH,1316 CRYER AV,09/09/2016 12:00:00 AM,REHAB,275000,10,77610.30585,NOT CERTIFIED,,OWNER-OCCUPIED,QUALIFIED,-84.43620029,39.1354407600299,,HYDE PARK,HYDE PARK,317268.48
a0FE000000QEYiRMAX,35 WEEBETOOK LN,09/09/2016 12:00:00 AM,REHAB,460010,10,129823.69743294,NOT CERTIFIED,,OWNER-OCCUPIED,QUALIFIED,-84.45148945,39.1245452300299,,HYDE PARK,HYDE PARK,276147
a0FE000000QEYw1MAH,3820 ASHWORTH DR,08/23/2016 12:00:00 AM,REHAB,144580,10,40803.26552652,NOT CERTIFIED,,OWNER-OCCUPIED,QUALIFIED,-84.40661054,39.1432102900299,,HYDE PARK,HYDE PARK,47272.36
