FISCAL_YEAR,RECORD_DATE,AMOUNT_EXPENDED
2020,02/01/2020 12:00:00 AM,213173.58
2015,04/02/2015 12:00:00 AM,1882470.35
2021,05/20/2021 12:00:00 AM,2633684.26
2017,06/15/2017 12:00:00 AM,2154971.31
2024,06/11/2024 12:00:00 AM,2893058.45
2020,10/23/2019 12:00:00 AM,4006616.5
2022,06/13/2022 12:00:00 AM,2232276.43
2018,01/27/2018 12:00:00 AM,659841.15
2024,07/11/2023 12:00:00 AM,12628000.67
2016,12/08/2015 12:00:00 AM,5850014.19
2015,11/09/2014 12:00:00 AM,4946845.13
2023,06/29/2023 12:00:00 AM,351642.22
2016,10/22/2015 12:00:00 AM,3688765.15
2016,06/03/2016 12:00:00 AM,1759637.65
2023,10/24/2022 12:00:00 AM,2336387.2
2024,10/28/2023 12:00:00 AM,13569.78
2018,11/04/2017 12:00:00 AM,186986.89
2021,02/19/2021 12:00:00 AM,941583.26
2015,08/14/2014 12:00:00 AM,652772.01
2016,06/29/2016 12:00:00 AM,-619269.4
2021,08/11/2020 12:00:00 AM,2933268.23
2021,10/07/2020 12:00:00 AM,1328886.05
2022,02/17/2022 12:00:00 AM,1471181.41
2020,12/04/2019 12:00:00 AM,1734756.35
2024,04/24/2024 12:00:00 AM,9397235.36
2015,12/21/2014 12:00:00 AM,1630011.76
2017,03/02/2017 12:00:00 AM,1225374.12
2022,12/24/2021 12:00:00 AM,516.55
2018,03/09/2018 12:00:00 AM,718679.93
2021,05/24/2021 12:00:00 AM,1213521.81
2017,08/08/2016 12:00:00 AM,1509555.74
2022,05/31/2022 12:00:00 AM,4206944.13
2021,04/23/2021 12:00:00 AM,2535133.17
2017,02/17/2017 12:00:00 AM,2270695.27
2019,09/15/2018 12:00:00 AM,585665.49
2023,12/31/2022 12:00:00 AM,172457.63
2022,10/21/2021 12:00:00 AM,4600518.09
2021,12/22/2020 12:00:00 AM,31201328.78
2019,02/23/2019 12:00:00 AM,836622.9
2022,06/10/2022 12:00:00 AM,1473194.14
2018,03/26/2018 12:00:00 AM,1718576.07
2023,04/10/2023 12:00:00 AM,7780085.57
2018,05/01/2018 12:00:00 AM,16512272.15
2017,03/19/2017 12:00:00 AM,77345.92
2021,06/27/2021 12:00:00 AM,-290.91
2020,04/03/2020 12:00:00 AM,2380759.18
2018,01/31/2018 12:00:00 AM,807005.78
2021,01/05/2021 12:00:00 AM,17416249.38
2020,06/07/2020 12:00:00 AM,130927.34
2020,11/22/2019 12:00:00 AM,4128266.8
2018,01/19/2018 12:00:00 AM,4150539.14
2020,03/03/2020 12:00:00 AM,18059070.34
2020,01/18/2020 12:00:00 AM,370003.3
2022,07/20/2021 12:00:00 AM,56744779.81
2024,10/17/2023 12:00:00 AM,3301202.56
2016,04/13/2016 12:00:00 AM,862690
2021,06/09/2021 12:00:00 AM,900490.82
2023,05/16/2023 12:00:00 AM,4103868.19
2019,09/30/2018 12:00:00 AM,0
2016,05/27/2016 12:00:00 AM,2407415.42
2021,03/04/2021 12:00:00 AM,4445504.41
2020,11/10/2019 12:00:00 AM,3656616.95
2019,07/29/2018 12:00:00 AM,5917.82
2024,04/15/2024 12:00:00 AM,6526475.88
2021,06/28/2021 12:00:00 AM,2207483.09
2017,04/20/2017 12:00:00 AM,6028142.17
2017,01/27/2017 12:00:00 AM,862512.08
2021,11/05/2020 12:00:00 AM,1936004.1
2024,03/01/2024 12:00:00 AM,4216739.41
2018,12/18/2017 12:00:00 AM,4145727.72
2015,10/09/2014 12:00:00 AM,838186.98
2019,10/17/2018 12:00:00 AM,2579847.85
2018,09/26/2017 12:00:00 AM,-343306.8
2023,10/10/2022 12:00:00 AM,1264774.93
2020,07/08/2019 12:00:00 AM,2707972.66
2017,12/06/2016 12:00:00 AM,14762495.12
2016,09/17/2015 12:00:00 AM,2027838.81
2021,01/11/2021 12:00:00 AM,3247644.5
2015,01/14/2015 12:00:00 AM,-276267.94
2022,05/17/2022 12:00:00 AM,1970144.41
2021,07/16/2020 12:00:00 AM,3099033.51
2016,07/09/2015 12:00:00 AM,323385.99
2024,10/12/2023 12:00:00 AM,3806613.68
2016,05/08/2016 12:00:00 AM,2744871.39
2019,09/11/2018 12:00:00 AM,2691260.59
2018,08/09/2017 12:00:00 AM,1429455.38
2022,03/16/2022 12:00:00 AM,922523.72
2023,05/20/2023 12:00:00 AM,189941.31
2015,01/04/2015 12:00:00 AM,154756.95
2021,05/01/2021 12:00:00 AM,1383.6
2023,10/16/2022 12:00:00 AM,41.36
2015,06/22/2015 12:00:00 AM,1254384.01
2024,12/09/2023 12:00:00 AM,109430.24
2023,05/14/2023 12:00:00 AM,3450443.75
2022,10/06/2021 12:00:00 AM,1819476.29
2021,06/21/2021 12:00:00 AM,200138.07
2020,06/23/2020 12:00:00 AM,33128371.43
2022,09/13/2021 12:00:00 AM,4743736.95
2022,06/17/2022 12:00:00 AM,3513421.57
2016,01/20/2016 12:00:00 AM,3307282.84
2020,11/07/2019 12:00:00 AM,4492297.88
2020,01/02/2020 12:00:00 AM,5342312.58
2020,04/06/2020 12:00:00 AM,2831347.27
2018,11/27/2017 12:00:00 AM,6382564.29
2022,02/18/2022 12:00:00 AM,2140023.24
2022,09/03/2021 12:00:00 AM,7100174.46
2021,09/30/2020 12:00:00 AM,4405474.3
2015,11/24/2014 12:00:00 AM,6084067.08
2020,06/26/2020 12:00:00 AM,583174.52
2020,03/18/2020 12:00:00 AM,3376668.28
2024,04/03/2024 12:00:00 AM,3544689.88
2017,11/02/2016 12:00:00 AM,1633688.07
2020,10/30/2019 12:00:00 AM,13853722.19
2023,05/29/2023 12:00:00 AM,968.98
2022,05/04/2022 12:00:00 AM,4196740.98
2016,12/14/2015 12:00:00 AM,4423214.48
2015,10/07/2014 12:00:00 AM,15384168.5
2020,12/19/2019 12:00:00 AM,2297974.17
2023,05/03/2023 12:00:00 AM,5961607.9
2015,06/08/2015 12:00:00 AM,1254335.83
2019,08/28/2018 12:00:00 AM,3536891.33
2022,11/14/2021 12:00:00 AM,2521191.87
2017,04/25/2017 12:00:00 AM,728599.74
2018,04/30/2018 12:00:00 AM,2004110.68
2015,08/31/2014 12:00:00 AM,912305.22
2023,09/24/2022 12:00:00 AM,1376163.42
2018,03/30/2018 12:00:00 AM,486649.72
2022,07/27/2021 12:00:00 AM,1476964.53
2017,12/14/2016 12:00:00 AM,1722462.24
2022,02/01/2022 12:00:00 AM,20744895.73
2018,11/21/2017 12:00:00 AM,4000111.5
2017,05/25/2017 12:00:00 AM,4504023.7
2022,06/27/2022 12:00:00 AM,204658.55
2022,10/22/2021 12:00:00 AM,1554772.66
2020,03/17/2020 12:00:00 AM,17112700.3
2020,02/29/2020 12:00:00 AM,364
2018,05/16/2018 12:00:00 AM,6262353.11
2016,02/02/2016 12:00:00 AM,1231982.04
2022,10/02/2021 12:00:00 AM,0
2021,08/17/2020 12:00:00 AM,1433785.67
2015,09/03/2014 12:00:00 AM,2907040.01
2023,02/17/2023 12:00:00 AM,858291.25
2015,10/27/2014 12:00:00 AM,1249433.35
2016,03/26/2016 12:00:00 AM,25664
2016,01/26/2016 12:00:00 AM,28196220.83
2015,09/02/2014 12:00:00 AM,687264.11
2023,10/09/2022 12:00:00 AM,4773671.64
2024,08/20/2023 12:00:00 AM,29.46
2023,11/23/2022 12:00:00 AM,1045188.9
2021,08/27/2020 12:00:00 AM,1929748.2
2017,08/02/2016 12:00:00 AM,2363955.98
2024,10/09/2023 12:00:00 AM,5448699.75
2021,12/28/2020 12:00:00 AM,4807286.04
2018,08/02/2017 12:00:00 AM,404069.8
2024,07/13/2023 12:00:00 AM,4554418.95
2022,06/16/2022 12:00:00 AM,17511122.69
2017,01/20/2017 12:00:00 AM,682515.34
2017,04/16/2017 12:00:00 AM,72642.75
2015,01/18/2015 12:00:00 AM,684990.59
2018,06/04/2018 12:00:00 AM,1225531.83
2017,03/26/2017 12:00:00 AM,116590.16
2015,03/11/2015 12:00:00 AM,1192655.05
2018,06/16/2018 12:00:00 AM,202949.05
2020,09/27/2019 12:00:00 AM,1725915.01
2015,11/10/2014 12:00:00 AM,675745.41
2018,03/27/2018 12:00:00 AM,2235406.65
2018,12/05/2017 12:00:00 AM,4951583.85
2015,04/20/2015 12:00:00 AM,1141079.66
2022,04/11/2022 12:00:00 AM,1835668.31
2020,10/07/2019 12:00:00 AM,6206985.24
2023,09/15/2022 12:00:00 AM,6883590.88
2024,10/08/2023 12:00:00 AM,3291630.89
2019,11/10/2018 12:00:00 AM,258225.7
2023,06/12/2023 12:00:00 AM,6538965.16
2015,03/18/2015 12:00:00 AM,7587618.37
2024,03/27/2024 12:00:00 AM,8899670.56
2015,10/15/2014 12:00:00 AM,8739661.43
2024,09/02/2023 12:00:00 AM,1727.72
2023,12/29/2022 12:00:00 AM,1758811.65
2015,07/16/2014 12:00:00 AM,6996315.77
2019,04/25/2019 12:00:00 AM,465159.23
2024,06/19/2024 12:00:00 AM,25032236.36
2016,01/05/2016 12:00:00 AM,1315746.19
2024,11/20/2023 12:00:00 AM,3122201.33
2017,08/17/2016 12:00:00 AM,1265547.37
2024,11/04/2023 12:00:00 AM,26540.26
2021,10/01/2020 12:00:00 AM,1959349.69
2018,07/11/2017 12:00:00 AM,20421437.84
2023,02/28/2023 12:00:00 AM,32618488.24
2021,08/09/2020 12:00:00 AM,3977958.75
2023,03/08/2023 12:00:00 AM,6594268.15
2018,08/04/2017 12:00:00 AM,1621697.73
2020,06/14/2020 12:00:00 AM,2375817.71
2018,07/13/2017 12:00:00 AM,5009793.66
2020,10/21/2019 12:00:00 AM,1768550.8
2015,03/10/2015 12:00:00 AM,17584264.33
2015,12/01/2014 12:00:00 AM,2946714.5
2021,10/09/2020 12:00:00 AM,3989160.24
2017,11/15/2016 12:00:00 AM,20093113.32
2017,10/31/2016 12:00:00 AM,43449725.62
2020,01/29/2020 12:00:00 AM,5155373.24
2019,09/05/2018 12:00:00 AM,1584308.62
2015,03/23/2015 12:00:00 AM,899024.2
2021,01/16/2021 12:00:00 AM,150237.01
2018,11/06/2017 12:00:00 AM,2121203.43
2015,04/07/2015 12:00:00 AM,16148521.6
2019,08/24/2018 12:00:00 AM,8201972.37
2020,11/14/2019 12:00:00 AM,2985019.37
2022,04/08/2022 12:00:00 AM,6884461.38
2019,12/06/2018 12:00:00 AM,4295332.02
2023,10/02/2022 12:00:00 AM,2048.15
2019,03/26/2019 12:00:00 AM,3977563.31
2019,04/03/2019 12:00:00 AM,1537735.07
2015,11/04/2014 12:00:00 AM,13663985.3
2018,06/20/2018 12:00:00 AM,3387976.87
2024,01/12/2024 12:00:00 AM,829475.42
2019,09/22/2018 12:00:00 AM,13
2016,09/04/2015 12:00:00 AM,285144.09
2016,01/13/2016 12:00:00 AM,1971821.51
2023,04/22/2023 12:00:00 AM,62853.44
2024,03/22/2024 12:00:00 AM,2535933.12
2016,08/30/2015 12:00:00 AM,919470.73
2018,09/15/2017 12:00:00 AM,1962096.02
2019,06/18/2019 12:00:00 AM,4804643.69
2024,02/23/2024 12:00:00 AM,5665673.85
2020,04/28/2020 12:00:00 AM,28089610.54
2018,11/01/2017 12:00:00 AM,2208449.74
2019,12/26/2018 12:00:00 AM,1162979.85
2015,06/05/2015 12:00:00 AM,7863957.71
2023,04/07/2023 12:00:00 AM,3510718.05
2022,11/22/2021 12:00:00 AM,6335644.49
2015,04/29/2015 12:00:00 AM,332723.83
2017,09/19/2016 12:00:00 AM,10499741.35
2019,05/02/2019 12:00:00 AM,4348085.4
2021,09/11/2020 12:00:00 AM,1889407.11
2019,10/19/2018 12:00:00 AM,1632191.22
2023,07/30/2022 12:00:00 AM,79236.56
2019,08/31/2018 12:00:00 AM,1336293.13
2022,08/12/2021 12:00:00 AM,878904.52
2018,09/07/2017 12:00:00 AM,9662617.14
2017,03/14/2017 12:00:00 AM,1880882.38
2018,05/25/2018 12:00:00 AM,7111224.49
2015,05/12/2015 12:00:00 AM,5808786.35
2018,10/02/2017 12:00:00 AM,1399331.85
2019,06/28/2019 12:00:00 AM,-12023924.25
2018,10/04/2017 12:00:00 AM,5412342.12
2021,01/25/2021 12:00:00 AM,3387161.13
2015,07/21/2014 12:00:00 AM,1862501.71
2016,10/05/2015 12:00:00 AM,937150.39
2024,05/31/2024 12:00:00 AM,3107482.4
2018,12/02/2017 12:00:00 AM,505909.82
2024,01/19/2024 12:00:00 AM,1349049.05
2021,02/01/2021 12:00:00 AM,157868.99
2019,03/18/2019 12:00:00 AM,1042850.78
2023,01/23/2023 12:00:00 AM,943678.85
2015,11/16/2014 12:00:00 AM,706061.04
2024,01/22/2024 12:00:00 AM,2682343.41
2021,01/12/2021 12:00:00 AM,9433440.34
2018,09/28/2017 12:00:00 AM,1172756.59
2019,04/12/2019 12:00:00 AM,1714392.42
2020,09/18/2019 12:00:00 AM,4790588.24
2016,01/18/2016 12:00:00 AM,5197.74
2023,09/30/2022 12:00:00 AM,2642629.69
2019,09/07/2018 12:00:00 AM,3670175.46
2021,07/02/2020 12:00:00 AM,-9245.02
2017,08/09/2016 12:00:00 AM,24753335.36
2015,10/21/2014 12:00:00 AM,27679698.34
2022,02/06/2022 12:00:00 AM,52773.58
2016,03/19/2016 12:00:00 AM,18792.67
2020,01/09/2020 12:00:00 AM,2671320.95
2019,03/05/2019 12:00:00 AM,16581193.87
2020,09/05/2019 12:00:00 AM,8171036.32
2019,08/15/2018 12:00:00 AM,1354167.44
2017,08/05/2016 12:00:00 AM,1903515.68
2022,11/05/2021 12:00:00 AM,4122796.41
2021,01/13/2021 12:00:00 AM,1003149.61
2023,08/02/2022 12:00:00 AM,19626461.88
2017,11/14/2016 12:00:00 AM,2113885.44
2020,11/03/2019 12:00:00 AM,0
2019,01/18/2019 12:00:00 AM,1440422.22
2017,11/29/2016 12:00:00 AM,74851550.99
2016,12/09/2015 12:00:00 AM,2519102.83
2015,01/12/2015 12:00:00 AM,1904582.21
2018,12/21/2017 12:00:00 AM,5509804.6
2024,04/01/2024 12:00:00 AM,1849069.69
2020,03/29/2020 12:00:00 AM,34064.59
2023,02/11/2023 12:00:00 AM,205.2
2024,12/15/2023 12:00:00 AM,3941953.59
2018,09/27/2017 12:00:00 AM,5960004.88
2015,02/10/2015 12:00:00 AM,17279721.74
2017,11/12/2016 12:00:00 AM,545118.92
2018,08/08/2017 12:00:00 AM,16582611.16
2019,09/21/2018 12:00:00 AM,3920598.42
2020,10/26/2019 12:00:00 AM,450532.49
2024,01/03/2024 12:00:00 AM,3667932.05
2018,10/12/2017 12:00:00 AM,2232313.99
2015,04/21/2015 12:00:00 AM,26603852.37
2021,05/31/2021 12:00:00 AM,2076751.67
2017,10/17/2016 12:00:00 AM,-120711.34
2017,11/08/2016 12:00:00 AM,5506711.25
2021,03/25/2021 12:00:00 AM,984084.44
2021,09/19/2020 12:00:00 AM,-7860
2021,01/20/2021 12:00:00 AM,4132686.5
2015,08/15/2014 12:00:00 AM,473437.7
2020,08/24/2019 12:00:00 AM,1624.62
2016,12/18/2015 12:00:00 AM,3949510.07
2024,10/19/2023 12:00:00 AM,2213545.72
2020,10/28/2019 12:00:00 AM,1780215.05
2015,06/14/2015 12:00:00 AM,3944753.76
2021,06/04/2021 12:00:00 AM,5824919.83
2017,02/21/2017 12:00:00 AM,27554139.54
2024,11/07/2023 12:00:00 AM,24159815.17
2019,11/15/2018 12:00:00 AM,2253445.19
2018,06/27/2018 12:00:00 AM,12299384.54
2020,03/16/2020 12:00:00 AM,1603960.64
2019,02/03/2019 12:00:00 AM,-10679.98
2020,09/30/2019 12:00:00 AM,2392141.88
2020,07/16/2019 12:00:00 AM,1040086.74
2015,09/22/2014 12:00:00 AM,2455533.78
2017,05/04/2017 12:00:00 AM,11258749.61
2022,11/10/2021 12:00:00 AM,8087930.55
2015,06/10/2015 12:00:00 AM,964240.14
2024,10/04/2023 12:00:00 AM,4236094.05
2020,09/25/2019 12:00:00 AM,10506698.9
2021,04/20/2021 12:00:00 AM,1741642.58
2019,07/19/2018 12:00:00 AM,5739299.03
2021,01/29/2021 12:00:00 AM,1942029.88
2020,03/08/2020 12:00:00 AM,2477959.91
2023,09/19/2022 12:00:00 AM,5744284.45
2019,02/25/2019 12:00:00 AM,906761.9
2017,09/28/2016 12:00:00 AM,1662618.17
2018,06/14/2018 12:00:00 AM,2529213.53
2019,06/19/2019 12:00:00 AM,7259623.4
2022,12/21/2021 12:00:00 AM,33343667.78
2018,02/12/2018 12:00:00 AM,915062.35
2023,07/26/2022 12:00:00 AM,2282316.54
2018,08/10/2017 12:00:00 AM,8052222.44
2020,11/05/2019 12:00:00 AM,7481774.15
2020,09/19/2019 12:00:00 AM,1172320.46
2020,10/02/2019 12:00:00 AM,1823428.62
2023,08/11/2022 12:00:00 AM,1754556.6
2019,01/23/2019 12:00:00 AM,2867780.02
2017,12/03/2016 12:00:00 AM,858492.01
2022,01/06/2022 12:00:00 AM,2881265.62
2023,04/03/2023 12:00:00 AM,1557407.65
2021,10/26/2020 12:00:00 AM,2599135.06
2019,07/31/2018 12:00:00 AM,5574424.21
2015,11/02/2014 12:00:00 AM,1605757.95
2020,09/28/2019 12:00:00 AM,240953.62
2017,04/05/2017 12:00:00 AM,7080405.78
2021,11/01/2020 12:00:00 AM,307.3
2024,05/21/2024 12:00:00 AM,37351737.27
2022,02/16/2022 12:00:00 AM,3370788.6
2021,05/09/2021 12:00:00 AM,3078926.56
2019,12/28/2018 12:00:00 AM,696462.2
2017,08/10/2016 12:00:00 AM,945410.43
2023,09/27/2022 12:00:00 AM,33494387.87
2016,06/08/2016 12:00:00 AM,4807590.1
2023,08/29/2022 12:00:00 AM,4075996.39
2021,02/17/2021 12:00:00 AM,4731917.81
2021,02/03/2021 12:00:00 AM,3425802.26
2024,02/02/2024 12:00:00 AM,1297360.51
2015,11/26/2014 12:00:00 AM,45765236.59
2016,10/11/2015 12:00:00 AM,2759583.25
2024,11/03/2023 12:00:00 AM,2592819.8
2018,04/26/2018 12:00:00 AM,2431688.79
2017,04/28/2017 12:00:00 AM,1506088.04
2018,06/08/2018 12:00:00 AM,2293518.03
2015,11/13/2014 12:00:00 AM,9455105.59
2021,08/04/2020 12:00:00 AM,21362174.39
2017,10/04/2016 12:00:00 AM,16202002.66
2018,12/31/2017 12:00:00 AM,320823.84
2016,01/31/2016 12:00:00 AM,0
2018,04/09/2018 12:00:00 AM,2892973.23
2015,10/26/2014 12:00:00 AM,2697841.89
2020,04/20/2020 12:00:00 AM,4678356.71
2016,01/08/2016 12:00:00 AM,434299.41
2020,11/26/2019 12:00:00 AM,35546131.25
2017,10/22/2016 12:00:00 AM,75
2019,06/15/2019 12:00:00 AM,1008110.36
2024,08/12/2023 12:00:00 AM,8843.39
2016,03/28/2016 12:00:00 AM,615108.29
2020,03/13/2020 12:00:00 AM,2992978.52
2015,01/27/2015 12:00:00 AM,25376411.84
2021,07/23/2020 12:00:00 AM,11146944.86
2017,12/20/2016 12:00:00 AM,3428886.34
2024,07/14/2023 12:00:00 AM,6179146
2015,11/06/2014 12:00:00 AM,6782313.5
2023,11/26/2022 12:00:00 AM,93262.01
2015,04/09/2015 12:00:00 AM,2198123.81
2021,03/06/2021 12:00:00 AM,12263.48
2023,09/05/2022 12:00:00 AM,280.48
2017,03/28/2017 12:00:00 AM,3858073.88
2023,01/06/2023 12:00:00 AM,2538216.59
2022,04/13/2022 12:00:00 AM,2659171.2
2023,08/27/2022 12:00:00 AM,19984.38
2015,06/03/2015 12:00:00 AM,4233418.39
2021,12/30/2020 12:00:00 AM,1030694.4
2024,05/16/2024 12:00:00 AM,3731028.36
2021,04/27/2021 12:00:00 AM,28235663.9
2021,09/15/2020 12:00:00 AM,17658555.98
2015,09/14/2014 12:00:00 AM,3658169.98
2023,05/31/2023 12:00:00 AM,2542596.77
2016,12/22/2015 12:00:00 AM,2315308.84
2023,12/16/2022 12:00:00 AM,3637589.07
2019,01/20/2019 12:00:00 AM,-105993.28
2017,07/12/2016 12:00:00 AM,20493368.8
2020,01/17/2020 12:00:00 AM,1007894.52
2022,01/07/2022 12:00:00 AM,1021917.18
2018,10/31/2017 12:00:00 AM,32196301.17
2023,06/01/2023 12:00:00 AM,1448845.61
2024,10/05/2023 12:00:00 AM,4028035.77
2023,07/13/2022 12:00:00 AM,2995235.3
2019,04/16/2019 12:00:00 AM,20839274.99
2017,07/18/2016 12:00:00 AM,-7077127.63
2015,11/20/2014 12:00:00 AM,237892.47
2022,12/01/2021 12:00:00 AM,5988343.65
2015,09/24/2014 12:00:00 AM,7706849.83
2024,08/22/2023 12:00:00 AM,3913168.13
2016,03/17/2016 12:00:00 AM,-1111690.68
2017,05/27/2017 12:00:00 AM,523613.96
2018,11/13/2017 12:00:00 AM,13165770.33
2017,02/25/2017 12:00:00 AM,5288097.76
2021,09/21/2020 12:00:00 AM,1802713.42
2019,12/09/2018 12:00:00 AM,2620586.21
2024,09/22/2023 12:00:00 AM,2248111.13
2023,06/05/2023 12:00:00 AM,2849931.19
2024,03/29/2024 12:00:00 AM,2968014.35
2023,01/30/2023 12:00:00 AM,826239.68
2016,12/13/2015 12:00:00 AM,2444303.89
2023,02/14/2023 12:00:00 AM,20081164.27
2019,06/11/2019 12:00:00 AM,23056810.65
2020,04/05/2020 12:00:00 AM,7649.46
2023,11/02/2022 12:00:00 AM,1701931.53
2018,12/17/2017 12:00:00 AM,2111077.09
2022,03/14/2022 12:00:00 AM,1618871.43
2017,08/26/2016 12:00:00 AM,1468479.42
2021,02/05/2021 12:00:00 AM,6390546.12
2020,02/03/2020 12:00:00 AM,920046.06
2017,11/26/2016 12:00:00 AM,55224.26
2015,12/31/2014 12:00:00 AM,6321412.23
2015,05/19/2015 12:00:00 AM,26359190.51
2016,10/02/2015 12:00:00 AM,7470666.06
2018,07/07/2017 12:00:00 AM,-512
2020,07/11/2019 12:00:00 AM,7862692.58
2017,05/19/2017 12:00:00 AM,2992844.05
2018,04/05/2018 12:00:00 AM,8183309.42
2020,10/24/2019 12:00:00 AM,1224670.82
2017,04/21/2017 12:00:00 AM,819055.76
2019,08/21/2018 12:00:00 AM,31294986.1
2021,01/04/2021 12:00:00 AM,674027.32
2024,05/22/2024 12:00:00 AM,3180405.06
2024,08/09/2023 12:00:00 AM,5412879.91
2021,05/05/2021 12:00:00 AM,8736964.35
2018,02/02/2018 12:00:00 AM,1754940.38
2015,04/16/2015 12:00:00 AM,4952356.91
2016,08/08/2015 12:00:00 AM,33971.13
2016,12/24/2015 12:00:00 AM,6140822.74
2015,08/03/2014 12:00:00 AM,716240.64
2017,05/01/2017 12:00:00 AM,8138927.66
2016,06/18/2016 12:00:00 AM,5672.19
2020,06/12/2020 12:00:00 AM,2428341.38
2024,06/30/2024 12:00:00 AM,0
2022,07/08/2021 12:00:00 AM,2334.7
2024,04/11/2024 12:00:00 AM,3556381.66
2021,10/08/2020 12:00:00 AM,9620943.85
2017,04/17/2017 12:00:00 AM,2179811.15
2024,04/25/2024 12:00:00 AM,4498853.31
2015,05/17/2015 12:00:00 AM,796301.12
2022,06/07/2022 12:00:00 AM,20046562.46
2023,03/21/2023 12:00:00 AM,2015705.75
2020,02/24/2020 12:00:00 AM,1187056.8
2017,03/24/2017 12:00:00 AM,3136584.24
2017,08/22/2016 12:00:00 AM,2128164.47
2024,03/04/2024 12:00:00 AM,2778819.79
2015,05/29/2015 12:00:00 AM,781870.32
2024,05/24/2024 12:00:00 AM,506841.56
2017,08/18/2016 12:00:00 AM,3581740.3
2024,04/12/2024 12:00:00 AM,6128036.39
2017,05/23/2017 12:00:00 AM,1144175.11
2020,07/20/2019 12:00:00 AM,408549.74
2018,02/03/2018 12:00:00 AM,148693.13
2018,04/02/2018 12:00:00 AM,1079785.36
2017,05/30/2017 12:00:00 AM,26401217.04
2018,09/21/2017 12:00:00 AM,7193199.22
2017,10/27/2016 12:00:00 AM,2451502.65
2017,10/13/2016 12:00:00 AM,2120387.65
2017,01/07/2017 12:00:00 AM,328138.73
2023,06/14/2023 12:00:00 AM,2597530.64
2024,09/21/2023 12:00:00 AM,6045332.08
2024,08/14/2023 12:00:00 AM,2857054.45
2024,01/24/2024 12:00:00 AM,5065679.34
2015,04/03/2015 12:00:00 AM,2122799.35
2024,02/12/2024 12:00:00 AM,4859187.19
2022,11/01/2021 12:00:00 AM,2381998.52
2023,01/24/2023 12:00:00 AM,1447757.31
2023,07/27/2022 12:00:00 AM,3072897.03
2018,03/01/2018 12:00:00 AM,3116374.01
2017,03/15/2017 12:00:00 AM,898504.39
2017,11/23/2016 12:00:00 AM,4773002.72
2022,07/30/2021 12:00:00 AM,3247938.16
2017,12/28/2016 12:00:00 AM,3095709.11
2019,06/03/2019 12:00:00 AM,1122528.75
2021,02/25/2021 12:00:00 AM,678582
2018,02/01/2018 12:00:00 AM,3069259.87
2017,11/28/2016 12:00:00 AM,7210132.98
2019,08/20/2018 12:00:00 AM,1020265.22
2019,03/06/2019 12:00:00 AM,1366347.8
2021,01/26/2021 12:00:00 AM,2899598.84
2023,02/03/2023 12:00:00 AM,599960.65
2016,10/12/2015 12:00:00 AM,1459906.41
2022,10/13/2021 12:00:00 AM,1782431.07
2021,10/23/2020 12:00:00 AM,3849002.95
2016,07/29/2015 12:00:00 AM,9321192.74
2022,10/31/2021 12:00:00 AM,137.5
2019,06/26/2019 12:00:00 AM,12574711.13
2023,04/06/2023 12:00:00 AM,2094066.85
2019,04/05/2019 12:00:00 AM,3583866.43
2022,12/10/2021 12:00:00 AM,2979970.81
2024,09/23/2023 12:00:00 AM,143948.22
2021,06/02/2021 12:00:00 AM,2997595.4
2022,01/24/2022 12:00:00 AM,2183512.79
2017,03/09/2017 12:00:00 AM,1035468.2
2017,04/23/2017 12:00:00 AM,-1782.85
2023,04/24/2023 12:00:00 AM,1039001.29
2019,07/16/2018 12:00:00 AM,5569945.46
2016,08/31/2015 12:00:00 AM,1522670.25
2024,11/15/2023 12:00:00 AM,3426663.41
2018,10/03/2017 12:00:00 AM,17545873.24
2020,05/14/2020 12:00:00 AM,1889969.83
2019,11/09/2018 12:00:00 AM,2281852.69
2024,10/10/2023 12:00:00 AM,37646693.65
2020,05/07/2020 12:00:00 AM,11452506.99
2024,03/06/2024 12:00:00 AM,6180179.51
2019,10/26/2018 12:00:00 AM,2454814.26
2023,02/16/2023 12:00:00 AM,6340349.12
2021,07/30/2020 12:00:00 AM,7162583.88
2021,09/13/2020 12:00:00 AM,2976244.16
2023,12/15/2022 12:00:00 AM,19285382.82
2015,03/02/2015 12:00:00 AM,2818353.55
2024,12/11/2023 12:00:00 AM,10292634.26
2023,09/22/2022 12:00:00 AM,6661364.22
2019,08/03/2018 12:00:00 AM,1725708.9
2023,06/26/2023 12:00:00 AM,-282397.44
2017,02/09/2017 12:00:00 AM,475354.16
2024,09/01/2023 12:00:00 AM,2140309.38
2018,04/01/2018 12:00:00 AM,1854.12
2016,04/06/2016 12:00:00 AM,5123693.13
2024,06/06/2024 12:00:00 AM,1920796.3
2023,09/11/2022 12:00:00 AM,3590072.7
2015,08/11/2014 12:00:00 AM,1373532.36
2016,04/26/2016 12:00:00 AM,1991028.59
2017,06/25/2017 12:00:00 AM,0
2015,05/03/2015 12:00:00 AM,1223137.06
2016,12/30/2015 12:00:00 AM,3163009.83
2018,08/01/2017 12:00:00 AM,3905113.71
2024,05/28/2024 12:00:00 AM,5001634.87
2024,12/01/2023 12:00:00 AM,3892959.89
2022,02/28/2022 12:00:00 AM,4274942.22
2015,10/02/2014 12:00:00 AM,4510375.55
2019,12/05/2018 12:00:00 AM,-558640.95
2023,03/20/2023 12:00:00 AM,5036996.48
2021,12/29/2020 12:00:00 AM,4102233.5
2022,05/23/2022 12:00:00 AM,2163415.65
2020,03/12/2020 12:00:00 AM,2676694.14
2018,12/14/2017 12:00:00 AM,13346169.98
2016,03/24/2016 12:00:00 AM,3564937.39
2021,08/13/2020 12:00:00 AM,1267919.73
2015,06/12/2015 12:00:00 AM,92662.87
2023,03/11/2023 12:00:00 AM,10244.14
2023,12/07/2022 12:00:00 AM,11350964.73
2019,11/01/2018 12:00:00 AM,2858227.08
2020,02/08/2020 12:00:00 AM,285038.83
2019,01/02/2019 12:00:00 AM,4921683.69
2017,03/08/2017 12:00:00 AM,7284672.6
2018,01/12/2018 12:00:00 AM,3834017.94
2015,03/24/2015 12:00:00 AM,23989840.59
2019,12/27/2018 12:00:00 AM,15067396.04
2021,02/02/2021 12:00:00 AM,23174078.26
2020,09/24/2019 12:00:00 AM,1229544.74
2021,06/17/2021 12:00:00 AM,136548.78
2017,01/04/2017 12:00:00 AM,339774.14
2018,02/15/2018 12:00:00 AM,469659.84
2020,04/15/2020 12:00:00 AM,9402157.99
2024,10/26/2023 12:00:00 AM,16109505.3
2024,01/08/2024 12:00:00 AM,7000421.28
2018,08/21/2017 12:00:00 AM,7060437.6
2015,06/02/2015 12:00:00 AM,15801170.39
2023,07/23/2022 12:00:00 AM,2313.5
2022,08/25/2021 12:00:00 AM,4819785.19
2017,02/02/2017 12:00:00 AM,2029337.85
2023,07/07/2022 12:00:00 AM,15220.05
2016,10/20/2015 12:00:00 AM,19671213.45
2019,04/21/2019 12:00:00 AM,10
2020,03/10/2020 12:00:00 AM,4436470.82
2024,07/25/2023 12:00:00 AM,-1916281.99
2016,04/22/2016 12:00:00 AM,3433180.94
2017,04/14/2017 12:00:00 AM,2172437.96
2022,04/18/2022 12:00:00 AM,13387245.26
2018,02/22/2018 12:00:00 AM,6909743.14
2024,05/17/2024 12:00:00 AM,3013505.18
2020,08/20/2019 12:00:00 AM,31595264.68
2024,10/18/2023 12:00:00 AM,3365485.73
2024,06/03/2024 12:00:00 AM,1608799.76
2015,06/25/2015 12:00:00 AM,2486397.75
2023,09/17/2022 12:00:00 AM,853580.38
2018,06/12/2018 12:00:00 AM,26143574.04
2024,03/20/2024 12:00:00 AM,4605341.49
2019,10/18/2018 12:00:00 AM,6222039.34
2024,03/05/2024 12:00:00 AM,4609886.48
2019,11/08/2018 12:00:00 AM,2732174.35
2019,05/20/2019 12:00:00 AM,2323490.12
2020,12/10/2019 12:00:00 AM,20115021.98
2021,06/18/2021 12:00:00 AM,8322308.72
2022,04/21/2022 12:00:00 AM,1211780.24
2024,11/16/2023 12:00:00 AM,4126111.49
2019,02/01/2019 12:00:00 AM,4639664.42
2018,05/22/2018 12:00:00 AM,975369.04
2016,07/07/2015 12:00:00 AM,587361.18
2020,09/13/2019 12:00:00 AM,1781917.73
2023,03/01/2023 12:00:00 AM,4755270.33
2019,07/01/2018 12:00:00 AM,29325
2017,08/19/2016 12:00:00 AM,10551457.45
2020,08/21/2019 12:00:00 AM,1551288.26
2024,03/14/2024 12:00:00 AM,4244496.12
2021,10/14/2020 12:00:00 AM,2684700.95
2016,03/02/2016 12:00:00 AM,6584098.52
2024,12/28/2023 12:00:00 AM,3637447.41
2016,04/10/2016 12:00:00 AM,2663130.92
2025,07/08/2024 12:00:00 AM,127272.69
2018,12/28/2017 12:00:00 AM,507564.7
2020,09/23/2019 12:00:00 AM,7861421.43
2022,12/06/2021 12:00:00 AM,4755485.76
2015,05/11/2015 12:00:00 AM,572044.25
2023,11/07/2022 12:00:00 AM,1984134.85
2023,09/03/2022 12:00:00 AM,1483847.36
2019,05/31/2019 12:00:00 AM,5253122.91
2018,04/15/2018 12:00:00 AM,2935.64
2022,01/25/2022 12:00:00 AM,4313212.14
2020,10/03/2019 12:00:00 AM,6738538.63
2017,06/16/2017 12:00:00 AM,678803.09
2021,05/25/2021 12:00:00 AM,35571991.65
2018,03/21/2018 12:00:00 AM,6396170.41
2017,06/27/2017 12:00:00 AM,26046326.25
2024,01/26/2024 12:00:00 AM,2464064.71
2024,05/29/2024 12:00:00 AM,6191373.06
2020,04/12/2020 12:00:00 AM,2373383.7
2019,12/29/2018 12:00:00 AM,1155.28
2016,10/14/2015 12:00:00 AM,1015021.01
2019,01/04/2019 12:00:00 AM,2390633.95
2023,02/15/2023 12:00:00 AM,6876444.65
2018,12/26/2017 12:00:00 AM,28101548.54
2020,08/06/2019 12:00:00 AM,18637629.09
2024,04/22/2024 12:00:00 AM,9416166.24
2015,02/04/2015 12:00:00 AM,2087122.85
2022,08/20/2021 12:00:00 AM,1156243.16
2022,03/30/2022 12:00:00 AM,2872450.14
2016,04/14/2016 12:00:00 AM,1248355.83
2022,08/27/2021 12:00:00 AM,1179254.92
2024,08/17/2023 12:00:00 AM,3874120.61
2024,12/21/2023 12:00:00 AM,4479385.05
2023,10/04/2022 12:00:00 AM,6891104.9
2020,02/16/2020 12:00:00 AM,0
2019,07/06/2018 12:00:00 AM,681896.91
2023,11/13/2022 12:00:00 AM,4138524.02
2018,09/23/2017 12:00:00 AM,225014.19
2021,08/02/2020 12:00:00 AM,5192.74
2023,01/07/2023 12:00:00 AM,194499.54
2024,08/10/2023 12:00:00 AM,1051399.06
2020,01/23/2020 12:00:00 AM,1635197.07
2018,02/17/2018 12:00:00 AM,468475.98
2019,08/22/2018 12:00:00 AM,1465856.3
2018,10/28/2017 12:00:00 AM,449485.79
2024,11/12/2023 12:00:00 AM,4929361.82
2024,05/03/2024 12:00:00 AM,3292000.84
2020,10/17/2019 12:00:00 AM,5264831.81
2024,01/23/2024 12:00:00 AM,1062360.61
2018,01/26/2018 12:00:00 AM,618691
2017,04/07/2017 12:00:00 AM,656265.19
2015,12/08/2014 12:00:00 AM,2862802.9
2024,07/07/2023 12:00:00 AM,177141.67
2019,10/15/2018 12:00:00 AM,889882.33
2021,11/13/2020 12:00:00 AM,1272689.61
2018,04/18/2018 12:00:00 AM,998679.1
2019,06/09/2019 12:00:00 AM,3425332.94
2024,02/28/2024 12:00:00 AM,3939639.44
2016,05/20/2016 12:00:00 AM,3424849.03
2023,08/25/2022 12:00:00 AM,3389503.14
2020,04/10/2020 12:00:00 AM,3414527.37
2022,04/01/2022 12:00:00 AM,1896997.98
2015,10/06/2014 12:00:00 AM,1769349.75
2021,10/11/2020 12:00:00 AM,2807097.92
2024,08/24/2023 12:00:00 AM,1943695.59
2017,12/02/2016 12:00:00 AM,819328.96
2022,04/29/2022 12:00:00 AM,2230666.02
2020,12/02/2019 12:00:00 AM,2547472.98
2021,07/06/2020 12:00:00 AM,-389.8
2018,07/18/2017 12:00:00 AM,3679973.43
2018,12/11/2017 12:00:00 AM,4884457.97
2017,03/03/2017 12:00:00 AM,5294478.33
2020,05/31/2020 12:00:00 AM,0
2017,12/15/2016 12:00:00 AM,4617400.36
2017,06/13/2017 12:00:00 AM,31041846.65
2019,08/01/2018 12:00:00 AM,6519762.6
2019,06/21/2019 12:00:00 AM,6143645.16
2023,08/19/2022 12:00:00 AM,6085208.1
2022,03/10/2022 12:00:00 AM,3386360.3
2023,03/31/2023 12:00:00 AM,2459012.39
2018,09/02/2017 12:00:00 AM,90454.35
2021,04/13/2021 12:00:00 AM,19230404.63
2022,06/22/2022 12:00:00 AM,20061834.61
2016,10/04/2015 12:00:00 AM,8055.23
2021,12/09/2020 12:00:00 AM,11053828.52
2016,03/15/2016 12:00:00 AM,2385443.92
2017,09/26/2016 12:00:00 AM,3082656.18
2015,03/06/2015 12:00:00 AM,2249483.16
2018,04/16/2018 12:00:00 AM,2776418.51
2022,03/22/2022 12:00:00 AM,2432291.88
2017,05/06/2017 12:00:00 AM,357106.9
2019,09/14/2018 12:00:00 AM,772096.78
2025,07/12/2024 12:00:00 AM,3146156.13
2015,06/17/2015 12:00:00 AM,4096481.66
2015,01/06/2015 12:00:00 AM,2142215.7
2020,06/11/2020 12:00:00 AM,13066738.35
2020,06/22/2020 12:00:00 AM,104708.83
2016,09/01/2015 12:00:00 AM,5787280.6
2023,09/06/2022 12:00:00 AM,2133169.87
2018,10/10/2017 12:00:00 AM,2249925.72
2018,08/23/2017 12:00:00 AM,2229564.85
2017,12/30/2016 12:00:00 AM,78594.37
2024,05/27/2024 12:00:00 AM,20.31
2015,01/30/2015 12:00:00 AM,3046211.87
2017,09/03/2016 12:00:00 AM,350508.61
2015,04/27/2015 12:00:00 AM,1061658.04
2017,10/16/2016 12:00:00 AM,2455.24
2023,08/31/2022 12:00:00 AM,9844417.81
2021,12/18/2020 12:00:00 AM,16638015.83
2023,02/01/2023 12:00:00 AM,1255489.64
2021,06/12/2021 12:00:00 AM,384383.03
2020,09/07/2019 12:00:00 AM,147207.29
2021,04/29/2021 12:00:00 AM,641239.11
2022,08/05/2021 12:00:00 AM,8142966.86
2019,02/22/2019 12:00:00 AM,2242946.56
2020,05/04/2020 12:00:00 AM,2573358.49
2023,10/28/2022 12:00:00 AM,5076510.51
2015,10/08/2014 12:00:00 AM,1720631.82
2018,07/14/2017 12:00:00 AM,2202838.8
2024,06/14/2024 12:00:00 AM,6844866.53
2023,01/11/2023 12:00:00 AM,5699332.45
2018,12/16/2017 12:00:00 AM,364675.59
2015,10/01/2014 12:00:00 AM,5471477.36
2023,03/23/2023 12:00:00 AM,3354050.29
2024,06/18/2024 12:00:00 AM,34375483.09
2024,12/05/2023 12:00:00 AM,21952872.54
2020,08/12/2019 12:00:00 AM,1679481.73
2018,03/12/2018 12:00:00 AM,2746526.45
2024,01/13/2024 12:00:00 AM,110423.9
2019,01/30/2019 12:00:00 AM,2277262.44
2016,04/12/2016 12:00:00 AM,1235870.45
2016,04/29/2016 12:00:00 AM,1657025.85
2024,01/02/2024 12:00:00 AM,20296318.13
2016,12/23/2015 12:00:00 AM,39772929.59
2018,08/29/2017 12:00:00 AM,2379509.8
2021,05/19/2021 12:00:00 AM,12699059.83
2023,07/05/2022 12:00:00 AM,17438258.75
2018,04/07/2018 12:00:00 AM,955.27
2024,02/21/2024 12:00:00 AM,3193874.79
2023,07/06/2022 12:00:00 AM,3614.95
2023,02/06/2023 12:00:00 AM,2280326.56
2018,04/10/2018 12:00:00 AM,976572.57
2020,04/23/2020 12:00:00 AM,8138454.11
2023,05/23/2023 12:00:00 AM,36194324.8
2022,12/22/2021 12:00:00 AM,6578053.21
2020,03/05/2020 12:00:00 AM,1006631.57
2023,12/13/2022 12:00:00 AM,2992484.62
2020,07/22/2019 12:00:00 AM,1926272.35
2017,12/11/2016 12:00:00 AM,2051879.77
2015,02/01/2015 12:00:00 AM,4682070.22
2022,04/07/2022 12:00:00 AM,7693084.32
2018,07/28/2017 12:00:00 AM,1095433.92
2020,11/25/2019 12:00:00 AM,8252960.11
2024,02/06/2024 12:00:00 AM,7263783.22
2023,05/06/2023 12:00:00 AM,302448.46
2023,06/16/2023 12:00:00 AM,6310655
2023,04/25/2023 12:00:00 AM,32497984.95
2017,05/16/2017 12:00:00 AM,15724396.15
2022,12/23/2021 12:00:00 AM,904127.16
2016,12/29/2015 12:00:00 AM,27810605.81
2016,01/16/2016 12:00:00 AM,1264.48
2016,05/24/2016 12:00:00 AM,2048181.54
2018,02/28/2018 12:00:00 AM,2008085.34
2020,01/19/2020 12:00:00 AM,0
2019,02/05/2019 12:00:00 AM,20174074.44
2017,11/19/2016 12:00:00 AM,447232.85
2018,08/05/2017 12:00:00 AM,102457.64
2017,09/29/2016 12:00:00 AM,741249.54
2022,07/25/2021 12:00:00 AM,75357.75
2024,11/13/2023 12:00:00 AM,8028276.35
2017,08/25/2016 12:00:00 AM,4701736.45
2018,06/13/2018 12:00:00 AM,1700973.32
2019,04/18/2019 12:00:00 AM,2930386.02
2015,08/12/2014 12:00:00 AM,18788954.16
2019,04/02/2019 12:00:00 AM,21184683.4
2018,10/27/2017 12:00:00 AM,393336.03
2020,12/26/2019 12:00:00 AM,859861.88
2024,10/27/2023 12:00:00 AM,660274.22
2021,03/22/2021 12:00:00 AM,5392049.62
2022,12/09/2021 12:00:00 AM,5728403.99
2023,03/15/2023 12:00:00 AM,6955178.49
2015,08/28/2014 12:00:00 AM,-170110.97
2022,03/03/2022 12:00:00 AM,1281074.16
2020,02/05/2020 12:00:00 AM,6015325.94
2020,07/12/2019 12:00:00 AM,6471345.27
2015,03/03/2015 12:00:00 AM,2658978.83
2016,06/22/2016 12:00:00 AM,774196.08
2018,01/30/2018 12:00:00 AM,1536767.23
2022,02/10/2022 12:00:00 AM,3321386.1
2019,06/02/2019 12:00:00 AM,-9206.37
2017,09/21/2016 12:00:00 AM,1462938.79
2017,04/26/2017 12:00:00 AM,4633962.28
2023,05/11/2023 12:00:00 AM,10923457.72
2024,11/27/2023 12:00:00 AM,3514954.66
2017,05/14/2017 12:00:00 AM,2307771.01
2017,09/01/2016 12:00:00 AM,6580396.9
2022,09/24/2021 12:00:00 AM,3709689.37
2018,01/18/2018 12:00:00 AM,1880318.24
2020,01/11/2020 12:00:00 AM,1564865.63
2018,01/14/2018 12:00:00 AM,2565705.18
2019,10/16/2018 12:00:00 AM,21896158.99
2018,09/16/2017 12:00:00 AM,602191.08
2019,03/25/2019 12:00:00 AM,3397636.83
2022,10/30/2021 12:00:00 AM,5
2018,12/29/2017 12:00:00 AM,4178522.58
2017,10/06/2016 12:00:00 AM,5248601.78
2016,11/30/2015 12:00:00 AM,25513084.69
2019,05/13/2019 12:00:00 AM,3583426.05
2015,08/19/2014 12:00:00 AM,979466.34
2017,09/23/2016 12:00:00 AM,1325577.53
2022,09/30/2021 12:00:00 AM,699089.91
2024,02/26/2024 12:00:00 AM,1377235.2
2017,12/22/2016 12:00:00 AM,1154895.82
2020,05/27/2020 12:00:00 AM,3885925.87
2020,04/07/2020 12:00:00 AM,6858800.33
2018,03/10/2018 12:00:00 AM,433588.81
2023,01/20/2023 12:00:00 AM,5200196
2018,07/06/2017 12:00:00 AM,-4292.45
2017,09/30/2016 12:00:00 AM,6441962.49
2023,04/23/2023 12:00:00 AM,1320
2020,07/30/2019 12:00:00 AM,1470985.86
2015,05/27/2015 12:00:00 AM,1798524.59
2024,05/01/2024 12:00:00 AM,6663635.31
2020,12/13/2019 12:00:00 AM,3557640.42
2016,03/21/2016 12:00:00 AM,1102008.22
2020,05/29/2020 12:00:00 AM,10638819.38
2019,05/14/2019 12:00:00 AM,22334653.56
2023,04/17/2023 12:00:00 AM,3848921.9
2024,11/17/2023 12:00:00 AM,2039586.75
2024,03/31/2024 12:00:00 AM,15278.76
2018,02/27/2018 12:00:00 AM,2094487.77
2024,11/28/2023 12:00:00 AM,8360999.18
2016,07/08/2015 12:00:00 AM,3663.67
2020,06/18/2020 12:00:00 AM,3666487.72
2017,05/31/2017 12:00:00 AM,9960267.2
2018,10/13/2017 12:00:00 AM,7617247.24
2015,05/07/2015 12:00:00 AM,6726657.93
2023,08/23/2022 12:00:00 AM,3396341.87
2016,04/20/2016 12:00:00 AM,2596089.13
2018,02/11/2018 12:00:00 AM,3351048.74
2021,12/24/2020 12:00:00 AM,5712248.1
2016,03/10/2016 12:00:00 AM,2234066.56
2018,08/16/2017 12:00:00 AM,1422697.4
2017,12/10/2016 12:00:00 AM,60752.27
2016,02/23/2016 12:00:00 AM,27437141.21
2021,09/20/2020 12:00:00 AM,16245.17
2017,12/09/2016 12:00:00 AM,1078301.5
2023,09/12/2022 12:00:00 AM,1276786.36
2022,07/16/2021 12:00:00 AM,1866754.51
2015,03/12/2015 12:00:00 AM,7807395.73
2020,06/28/2020 12:00:00 AM,31805.14
2020,03/25/2020 12:00:00 AM,1746829.04
2020,06/29/2020 12:00:00 AM,260706.25
2020,12/03/2019 12:00:00 AM,768485.45
2018,05/24/2018 12:00:00 AM,622934.91
2019,02/16/2019 12:00:00 AM,961111.71
2023,01/26/2023 12:00:00 AM,2359058.36
2015,01/16/2015 12:00:00 AM,326447.83
2018,10/26/2017 12:00:00 AM,5973980.06
2017,09/12/2016 12:00:00 AM,1261969.28
2021,08/25/2020 12:00:00 AM,1435859.62
2018,11/15/2017 12:00:00 AM,1077576.12
2018,03/18/2018 12:00:00 AM,80556.11
2024,03/10/2024 12:00:00 AM,3386140.33
2020,08/27/2019 12:00:00 AM,2585260.64
2021,09/08/2020 12:00:00 AM,2641136.73
2018,11/17/2017 12:00:00 AM,1409760.93
2022,06/06/2022 12:00:00 AM,5204952.63
2017,10/18/2016 12:00:00 AM,25430172.3
2018,02/21/2018 12:00:00 AM,951013.28
2015,03/08/2015 12:00:00 AM,4558464.95
2021,04/12/2021 12:00:00 AM,4986105.14
2023,04/30/2023 12:00:00 AM,0
2015,02/25/2015 12:00:00 AM,7992207.28
2019,07/14/2018 12:00:00 AM,27218.4
2023,10/12/2022 12:00:00 AM,3080506.07
2018,09/11/2017 12:00:00 AM,1218564.99
2017,03/22/2017 12:00:00 AM,4380644.55
2015,10/03/2014 12:00:00 AM,10710391.18
2023,01/28/2023 12:00:00 AM,44428.44
2017,08/12/2016 12:00:00 AM,2078610.37
2016,08/04/2015 12:00:00 AM,3901895.02
2021,06/13/2021 12:00:00 AM,2834289.9
2022,08/04/2021 12:00:00 AM,10472907.75
2018,01/24/2018 12:00:00 AM,2400202.09
2022,12/17/2021 12:00:00 AM,17503127.73
2016,01/04/2016 12:00:00 AM,851301.54
2020,10/01/2019 12:00:00 AM,22585648.61
2015,05/02/2015 12:00:00 AM,54561.44
2023,06/11/2023 12:00:00 AM,3088052.44
2018,01/10/2018 12:00:00 AM,1214296.43
2019,11/03/2018 12:00:00 AM,634153.09
2020,07/13/2019 12:00:00 AM,529954.72
2017,03/11/2017 12:00:00 AM,509810.7
2022,12/13/2021 12:00:00 AM,1043763.96
2023,04/02/2023 12:00:00 AM,5620.91
2019,05/03/2019 12:00:00 AM,2831741.72
2020,08/17/2019 12:00:00 AM,1278115.99
2023,04/18/2023 12:00:00 AM,4496682.84
2015,12/29/2014 12:00:00 AM,1638090.69
2020,04/19/2020 12:00:00 AM,10827.95
2020,03/21/2020 12:00:00 AM,959.8
2019,05/05/2019 12:00:00 AM,3885.5
2021,07/29/2020 12:00:00 AM,1183839.87
2021,08/14/2020 12:00:00 AM,1893378.26
2017,12/05/2016 12:00:00 AM,19991421.29
2024,01/31/2024 12:00:00 AM,19477855.52
2020,01/13/2020 12:00:00 AM,1368714.7
2023,12/23/2022 12:00:00 AM,837930.24
2022,10/18/2021 12:00:00 AM,1361895.5
2018,06/19/2018 12:00:00 AM,4912724.01
2021,05/21/2021 12:00:00 AM,2438152.46
2016,09/02/2015 12:00:00 AM,5535856.51
2017,01/08/2017 12:00:00 AM,2944370.31
2021,02/12/2021 12:00:00 AM,1337314.84
2022,06/28/2022 12:00:00 AM,281054.75
2015,11/07/2014 12:00:00 AM,828864.46
2017,09/02/2016 12:00:00 AM,799063.04
2017,04/09/2017 12:00:00 AM,2947699.56
2023,02/21/2023 12:00:00 AM,1751631.03
2016,03/03/2016 12:00:00 AM,826627.66
2017,06/21/2017 12:00:00 AM,5684098.14
2015,12/16/2014 12:00:00 AM,16097905.44
2024,04/28/2024 12:00:00 AM,4657.42
2020,07/09/2019 12:00:00 AM,20010991.84
2015,04/05/2015 12:00:00 AM,3353235.65
2023,04/13/2023 12:00:00 AM,5168508.77
2017,09/09/2016 12:00:00 AM,1259465.24
2020,11/27/2019 12:00:00 AM,52792476.63
2021,09/14/2020 12:00:00 AM,8692531.13
2017,02/27/2017 12:00:00 AM,3269150.65
2019,06/06/2019 12:00:00 AM,6858810.38
2015,06/30/2015 12:00:00 AM,14189709.92
2024,08/07/2023 12:00:00 AM,7160611.07
2017,04/01/2017 12:00:00 AM,124876.89
2016,02/15/2016 12:00:00 AM,10440.7
2019,09/08/2018 12:00:00 AM,656337.04
2017,02/05/2017 12:00:00 AM,5179.54
2021,07/17/2020 12:00:00 AM,1694394.72
2017,08/11/2016 12:00:00 AM,1111067.48
2019,01/26/2019 12:00:00 AM,627243.78
2020,08/29/2019 12:00:00 AM,2427302.69
2018,10/14/2017 12:00:00 AM,512117.5
2019,02/04/2019 12:00:00 AM,1548401.86
2019,09/29/2018 12:00:00 AM,110898
2019,04/22/2019 12:00:00 AM,1151364.66
2020,06/30/2020 12:00:00 AM,-17549524.48
2019,01/15/2019 12:00:00 AM,5501896.61
2016,04/27/2016 12:00:00 AM,1209156.65
2017,01/19/2017 12:00:00 AM,4357338.6
2017,05/22/2017 12:00:00 AM,2306905.79
2015,05/08/2015 12:00:00 AM,224105.65
2015,05/13/2015 12:00:00 AM,13100989.01
2018,07/10/2017 12:00:00 AM,-9444.45
2021,03/09/2021 12:00:00 AM,5496052.39
2015,08/27/2014 12:00:00 AM,9887677.79
2023,12/06/2022 12:00:00 AM,21866209.7
2019,08/13/2018 12:00:00 AM,2340106.92
2017,01/10/2017 12:00:00 AM,17512840
2015,02/26/2015 12:00:00 AM,5612600.04
2024,04/16/2024 12:00:00 AM,897754.25
2015,01/09/2015 12:00:00 AM,4070612.92
2019,11/27/2018 12:00:00 AM,33085641.16
2015,03/16/2015 12:00:00 AM,2616518.02
2023,05/22/2023 12:00:00 AM,4794087.27
2017,05/03/2017 12:00:00 AM,1136289.18
2019,10/02/2018 12:00:00 AM,18481178.11
2020,09/21/2019 12:00:00 AM,15731.74
2018,05/07/2018 12:00:00 AM,686633.94
2024,09/26/2023 12:00:00 AM,35207254.69
2022,07/02/2021 12:00:00 AM,-173.65
2024,12/29/2023 12:00:00 AM,1188651.36
2016,10/28/2015 12:00:00 AM,2348898.05
2018,04/20/2018 12:00:00 AM,2322201.21
2022,04/14/2022 12:00:00 AM,3160601.63
2024,08/18/2023 12:00:00 AM,6615745.24
2015,03/15/2015 12:00:00 AM,641261.19
2021,07/06/2021 12:00:00 AM,0
2021,02/10/2021 12:00:00 AM,1646413.91
2016,03/04/2016 12:00:00 AM,8530790.73
2019,08/06/2018 12:00:00 AM,2009006.32
2023,03/12/2023 12:00:00 AM,2791676.69
2016,03/31/2016 12:00:00 AM,793113.69
2020,01/03/2020 12:00:00 AM,1195919.48
2022,03/09/2022 12:00:00 AM,1801839.87
2024,11/02/2023 12:00:00 AM,4815778.5
2022,08/24/2021 12:00:00 AM,5512649.52
2024,03/13/2024 12:00:00 AM,5296196.43
2021,06/05/2021 12:00:00 AM,349914.42
2019,11/29/2018 12:00:00 AM,5422712.73
2020,05/12/2020 12:00:00 AM,16135926.38
2020,06/25/2020 12:00:00 AM,241034.29
2017,01/12/2017 12:00:00 AM,800782.84
2023,09/29/2022 12:00:00 AM,2936722.15
2018,03/07/2018 12:00:00 AM,4419221.49
2022,02/09/2022 12:00:00 AM,12772977.57
2019,12/14/2018 12:00:00 AM,3522918.9
2022,09/09/2021 12:00:00 AM,3745936.75
2017,04/24/2017 12:00:00 AM,1485535.11
2017,08/04/2016 12:00:00 AM,4666530.37
2018,02/20/2018 12:00:00 AM,28707239.18
2015,12/23/2014 12:00:00 AM,1048043.04
2019,11/17/2018 12:00:00 AM,1211552.31
2020,12/20/2019 12:00:00 AM,6310057.64
2022,10/19/2021 12:00:00 AM,4280357.1
2023,06/15/2023 12:00:00 AM,7621064.96
2017,02/11/2017 12:00:00 AM,301654.67
2015,01/23/2015 12:00:00 AM,665303.08
2019,04/30/2019 12:00:00 AM,32909680.47
2020,01/22/2020 12:00:00 AM,2566949.8
2015,05/01/2015 12:00:00 AM,596010.15
2017,06/12/2017 12:00:00 AM,6976350.97
2024,02/07/2024 12:00:00 AM,1931206.06
2015,09/21/2014 12:00:00 AM,489793.5
2020,01/14/2020 12:00:00 AM,6809852.95
2023,02/02/2023 12:00:00 AM,4318168.75
2019,10/14/2018 12:00:00 AM,2661996.2
2016,09/29/2015 12:00:00 AM,585293.2
2020,01/10/2020 12:00:00 AM,7014627.04
2019,01/21/2019 12:00:00 AM,1300
2018,09/29/2017 12:00:00 AM,3442518.52
2015,09/19/2014 12:00:00 AM,208810.72
2021,10/27/2020 12:00:00 AM,30450698.07
2019,07/30/2018 12:00:00 AM,2336984.74
2018,01/01/2018 12:00:00 AM,2853.18
2018,06/15/2018 12:00:00 AM,5078213.28
2020,01/07/2020 12:00:00 AM,23036176.12
2015,10/16/2014 12:00:00 AM,6291391.74
2019,07/09/2018 12:00:00 AM,2807232.51
2023,06/06/2023 12:00:00 AM,22266199.76
2016,11/13/2015 12:00:00 AM,1618069.5
2017,07/06/2016 12:00:00 AM,3022.66
2015,05/18/2015 12:00:00 AM,5316886.18
2015,01/20/2015 12:00:00 AM,4552480.03
2021,12/13/2020 12:00:00 AM,3527980.66
2018,06/22/2018 12:00:00 AM,-160855.73
2021,09/25/2020 12:00:00 AM,1843354.4
2018,01/09/2018 12:00:00 AM,24125125.58
2019,05/10/2019 12:00:00 AM,5592730.16
2020,08/02/2019 12:00:00 AM,2744390.92
2015,04/22/2015 12:00:00 AM,2302040.69
2020,12/18/2019 12:00:00 AM,14259046.27
2023,06/10/2023 12:00:00 AM,105021.73
2015,08/07/2014 12:00:00 AM,4295213.69
2020,10/08/2019 12:00:00 AM,1296473.35
2021,06/03/2021 12:00:00 AM,6408562.6
2018,11/30/2017 12:00:00 AM,43983679.43
2020,06/05/2020 12:00:00 AM,373586.66
2019,03/29/2019 12:00:00 AM,908829.34
2015,07/22/2014 12:00:00 AM,1218057.34
2016,04/15/2016 12:00:00 AM,2394700.43
2018,03/05/2018 12:00:00 AM,793584.26
2021,12/03/2020 12:00:00 AM,14575003.98
2017,12/18/2016 12:00:00 AM,44337.2
2020,08/22/2019 12:00:00 AM,610227.23
2019,06/17/2019 12:00:00 AM,2377795.32
2020,02/28/2020 12:00:00 AM,2062367.03
2016,07/23/2015 12:00:00 AM,2581701.54
2021,12/11/2020 12:00:00 AM,2332363.24
2019,03/28/2019 12:00:00 AM,1423552.15
2023,11/18/2022 12:00:00 AM,1236914.93
2019,12/19/2018 12:00:00 AM,3080850.11
2017,01/13/2017 12:00:00 AM,16354914.09
2023,06/27/2023 12:00:00 AM,755537.89
2020,07/23/2019 12:00:00 AM,31438722.62
2017,07/31/2016 12:00:00 AM,125996.04
2022,03/23/2022 12:00:00 AM,2860358.55
2019,08/18/2018 12:00:00 AM,20322.39
2018,12/09/2017 12:00:00 AM,142273.49
2018,05/10/2018 12:00:00 AM,1654015.67
2022,05/02/2022 12:00:00 AM,4670270.98
2023,04/01/2023 12:00:00 AM,-549346.62
2021,07/26/2020 12:00:00 AM,90985.08
2024,09/27/2023 12:00:00 AM,4715944.97
2018,08/14/2017 12:00:00 AM,3341153.69
2023,05/05/2023 12:00:00 AM,2139627.85
2024,12/31/2023 12:00:00 AM,113548.83
2019,03/12/2019 12:00:00 AM,5253976.69
2021,09/16/2020 12:00:00 AM,2832126.22
2020,09/17/2019 12:00:00 AM,32169628.86
2022,12/16/2021 12:00:00 AM,4055265.63
2016,06/06/2016 12:00:00 AM,9571761.37
2024,09/08/2023 12:00:00 AM,3111200.42
2023,08/05/2022 12:00:00 AM,2564885.69
2021,07/21/2020 12:00:00 AM,34391624.44
2018,08/15/2017 12:00:00 AM,3750932.96
2016,05/23/2016 12:00:00 AM,6539796.92
2020,10/31/2019 12:00:00 AM,1746784.39
2018,02/26/2018 12:00:00 AM,864457.27
2023,01/25/2023 12:00:00 AM,4463350.17
2021,01/21/2021 12:00:00 AM,1585136.4
2018,09/20/2017 12:00:00 AM,4202928.58
2023,07/18/2022 12:00:00 AM,11634314.6
2019,10/09/2018 12:00:00 AM,1567887.7
2019,05/28/2019 12:00:00 AM,30047893.27
2016,01/28/2016 12:00:00 AM,7892525.83
2016,04/04/2016 12:00:00 AM,1835600.7
2023,11/01/2022 12:00:00 AM,5280693.17
2021,04/26/2021 12:00:00 AM,3216917.28
2015,09/16/2014 12:00:00 AM,2140852.13
2024,03/15/2024 12:00:00 AM,677895.8
2022,01/11/2022 12:00:00 AM,7006372.89
2017,05/15/2017 12:00:00 AM,2937782.95
2019,12/08/2018 12:00:00 AM,490590.6
2019,04/26/2019 12:00:00 AM,431155.06
2015,05/26/2015 12:00:00 AM,1616871.34
2023,05/25/2023 12:00:00 AM,6227726.01
2021,12/07/2020 12:00:00 AM,2016041.67
2020,12/27/2019 12:00:00 AM,3022553.58
2024,02/08/2024 12:00:00 AM,2089830.23
2016,09/13/2015 12:00:00 AM,2369361.95
2024,02/01/2024 12:00:00 AM,1094062.59
2023,08/24/2022 12:00:00 AM,1177814.57
2019,08/10/2018 12:00:00 AM,6280904.33
2017,05/28/2017 12:00:00 AM,7500
2016,02/06/2016 12:00:00 AM,106647.73
2021,05/17/2021 12:00:00 AM,5173729.2
2021,09/26/2020 12:00:00 AM,77125.06
2016,11/05/2015 12:00:00 AM,3589840.28
2017,07/14/2016 12:00:00 AM,7731132.01
2016,12/03/2015 12:00:00 AM,6435881.89
2016,01/11/2016 12:00:00 AM,1858823.89
2024,01/09/2024 12:00:00 AM,5339985.82
2023,04/14/2023 12:00:00 AM,5115876.69
2019,02/21/2019 12:00:00 AM,3262587.02
2015,02/11/2015 12:00:00 AM,1440255.74
2023,02/27/2023 12:00:00 AM,1419087.39
2018,03/11/2018 12:00:00 AM,3089676.09
2023,01/15/2023 12:00:00 AM,557228.6
2015,08/24/2014 12:00:00 AM,1586848.35
2018,06/21/2018 12:00:00 AM,5594601.12
2024,08/26/2023 12:00:00 AM,291158.75
2020,03/23/2020 12:00:00 AM,1184226.64
2019,05/11/2019 12:00:00 AM,125224.8
2021,07/27/2020 12:00:00 AM,3962303.95
2016,04/01/2016 12:00:00 AM,6786326
2023,05/04/2023 12:00:00 AM,956202.64
2023,10/17/2022 12:00:00 AM,4355409.11
2017,05/13/2017 12:00:00 AM,61429.99
2020,08/08/2019 12:00:00 AM,902389.13
2018,02/23/2018 12:00:00 AM,5821148.84
2018,01/08/2018 12:00:00 AM,1426180.08
2015,03/19/2015 12:00:00 AM,1915622.93
2020,12/07/2019 12:00:00 AM,1271135.44
2022,04/30/2022 12:00:00 AM,86024.94
2019,01/01/2019 12:00:00 AM,3578.47
2016,10/24/2015 12:00:00 AM,1937.5
2019,08/25/2018 12:00:00 AM,59568.15
2015,03/20/2015 12:00:00 AM,213774.74
2020,05/10/2020 12:00:00 AM,2495680.24
2021,05/11/2021 12:00:00 AM,20082092.64
2019,10/05/2018 12:00:00 AM,4387272.32
2019,03/19/2019 12:00:00 AM,29977840.22
2019,10/30/2018 12:00:00 AM,31765436.42
2021,04/02/2021 12:00:00 AM,2721788.2
2022,02/24/2022 12:00:00 AM,2609441.61
2016,01/07/2016 12:00:00 AM,1365935.32
2016,11/08/2015 12:00:00 AM,3293566.95
2018,08/26/2017 12:00:00 AM,156427.03
2018,03/28/2018 12:00:00 AM,8949186.04
2015,05/22/2015 12:00:00 AM,352899.02
2022,03/02/2022 12:00:00 AM,1467716.23
2022,03/21/2022 12:00:00 AM,5807509.49
2015,12/15/2014 12:00:00 AM,13211697.17
2023,02/10/2023 12:00:00 AM,1253309.47
2018,04/17/2018 12:00:00 AM,28465942.12
2017,08/03/2016 12:00:00 AM,3734961.18
2024,08/01/2023 12:00:00 AM,21360722.28
2021,09/10/2020 12:00:00 AM,3122237.38
2024,07/18/2023 12:00:00 AM,42302071.77
2021,03/05/2021 12:00:00 AM,1211213.38
2017,10/21/2016 12:00:00 AM,2223550.43
2020,05/16/2020 12:00:00 AM,73037.25
2019,06/23/2019 12:00:00 AM,11975
2017,12/19/2016 12:00:00 AM,4242855.01
2016,09/30/2015 12:00:00 AM,1165957.84
2020,10/15/2019 12:00:00 AM,15588391.31
2021,08/10/2020 12:00:00 AM,3991569.82
2015,08/08/2014 12:00:00 AM,412800.59
2018,05/14/2018 12:00:00 AM,1584543.45
2015,09/30/2014 12:00:00 AM,3094418.36
2021,08/23/2020 12:00:00 AM,770.8
2020,05/22/2020 12:00:00 AM,4788730.3
2019,08/04/2018 12:00:00 AM,87357.75
2023,03/24/2023 12:00:00 AM,1344167.26
2024,04/02/2024 12:00:00 AM,2106392.1
2021,04/21/2021 12:00:00 AM,2961726.62
2015,02/23/2015 12:00:00 AM,2506149.36
2019,06/14/2019 12:00:00 AM,3620217.75
2019,11/14/2018 12:00:00 AM,2278680.64
2024,12/20/2023 12:00:00 AM,19039244.63
2021,08/21/2020 12:00:00 AM,2818106.45
2024,06/16/2024 12:00:00 AM,535.69
2022,11/11/2021 12:00:00 AM,1178.59
2022,09/01/2021 12:00:00 AM,2213148.36
2018,02/07/2018 12:00:00 AM,1335460.82
2016,11/17/2015 12:00:00 AM,39253090.6
2017,07/21/2016 12:00:00 AM,4088522.24
2022,01/20/2022 12:00:00 AM,756909.62
2024,05/07/2024 12:00:00 AM,22875667.6
2018,10/08/2017 12:00:00 AM,2602713.35
2019,02/07/2019 12:00:00 AM,1182362.32
2021,02/28/2021 12:00:00 AM,59854.2
2015,12/24/2014 12:00:00 AM,5318324.16
2023,05/18/2023 12:00:00 AM,17480669.58
2015,10/10/2014 12:00:00 AM,-7509.66
2015,10/13/2014 12:00:00 AM,2594455.45
2021,02/09/2021 12:00:00 AM,9755651.83
2020,07/26/2019 12:00:00 AM,1390123.55
2024,07/24/2023 12:00:00 AM,-19360716.02
2021,06/25/2021 12:00:00 AM,751427.17
2024,09/11/2023 12:00:00 AM,2596924.61
2021,12/01/2020 12:00:00 AM,9359446.07
2024,06/07/2024 12:00:00 AM,4774321.76
2017,09/13/2016 12:00:00 AM,1246864.13
2016,02/17/2016 12:00:00 AM,1094580.52
2015,06/09/2015 12:00:00 AM,4391000.69
2017,11/27/2016 12:00:00 AM,242504.23
2020,02/02/2020 12:00:00 AM,-833.88
2015,06/07/2015 12:00:00 AM,908800.06
2020,05/18/2020 12:00:00 AM,2082195.52
2020,03/14/2020 12:00:00 AM,459142.03
2015,12/02/2014 12:00:00 AM,14321414.35
2019,05/12/2019 12:00:00 AM,2959949.77
2020,02/15/2020 12:00:00 AM,517527.78
2015,07/28/2014 12:00:00 AM,7160529.27
2022,09/25/2021 12:00:00 AM,783
2016,08/21/2015 12:00:00 AM,768507.9
2021,11/24/2020 12:00:00 AM,53555239.95
2019,04/23/2019 12:00:00 AM,6118587.33
2023,01/04/2023 12:00:00 AM,2372859.29
2022,02/22/2022 12:00:00 AM,3002024.17
2021,08/19/2020 12:00:00 AM,2664766.31
2019,04/15/2019 12:00:00 AM,1228194.78
2018,11/07/2017 12:00:00 AM,2718634.8
2022,07/23/2021 12:00:00 AM,-16029026.95
2020,05/09/2020 12:00:00 AM,59119.2
2018,11/20/2017 12:00:00 AM,2240273.51
2015,10/14/2014 12:00:00 AM,2772433.65
2023,11/17/2022 12:00:00 AM,5672190.82
2024,03/19/2024 12:00:00 AM,2390317.32
2019,04/19/2019 12:00:00 AM,1540414.14
2019,04/01/2019 12:00:00 AM,1311113.74
2024,07/03/2023 12:00:00 AM,1112017.22
2021,07/31/2020 12:00:00 AM,9662457.53
2018,10/16/2017 12:00:00 AM,7586046.7
2023,09/20/2022 12:00:00 AM,1900938.04
2018,02/25/2018 12:00:00 AM,7988.03
2023,10/07/2022 12:00:00 AM,1634176.43
2016,11/15/2015 12:00:00 AM,78383.63
2020,09/16/2019 12:00:00 AM,2813111.22
2024,02/19/2024 12:00:00 AM,1506.27
2022,12/02/2021 12:00:00 AM,1572439.35
2018,05/30/2018 12:00:00 AM,4021567.97
2016,08/12/2015 12:00:00 AM,8508507.92
2015,10/12/2014 12:00:00 AM,2975146.94
2022,11/24/2021 12:00:00 AM,3073046.2
2016,08/25/2015 12:00:00 AM,27058360.54
2015,08/18/2014 12:00:00 AM,4796325.05
2018,10/09/2017 12:00:00 AM,662589.15
2019,01/31/2019 12:00:00 AM,1922134.52
2023,11/10/2022 12:00:00 AM,3879849.34
2023,11/03/2022 12:00:00 AM,1427429.06
2018,12/01/2017 12:00:00 AM,1598443.39
2017,07/28/2016 12:00:00 AM,382890.67
2023,03/16/2023 12:00:00 AM,1584181.55
2021,11/20/2020 12:00:00 AM,1398706.13
2019,09/19/2018 12:00:00 AM,1087519.73
2018,10/05/2017 12:00:00 AM,4991406.61
2020,08/13/2019 12:00:00 AM,2400651.99
2021,09/02/2020 12:00:00 AM,1002081.65
2019,06/13/2019 12:00:00 AM,9078952.8
2019,11/13/2018 12:00:00 AM,19307396.98
2018,11/16/2017 12:00:00 AM,12212634.29
2021,10/13/2020 12:00:00 AM,17519040.45
2024,09/29/2023 12:00:00 AM,1591709.47
2016,10/31/2015 12:00:00 AM,0
2023,10/01/2022 12:00:00 AM,72323.87
2018,07/03/2017 12:00:00 AM,4964921.61
2017,02/07/2017 12:00:00 AM,16464956.09
2020,11/06/2019 12:00:00 AM,1913637.76
2015,07/27/2014 12:00:00 AM,1545895.86
2017,04/27/2017 12:00:00 AM,1173269.61
2023,03/29/2023 12:00:00 AM,4645839.45
2017,06/19/2017 12:00:00 AM,3042672.81
2017,03/13/2017 12:00:00 AM,1122517.65
2021,01/18/2021 12:00:00 AM,348483.67
2019,10/10/2018 12:00:00 AM,3325742.44
2018,07/25/2017 12:00:00 AM,27803128.1
2017,08/27/2016 12:00:00 AM,742.89
2024,01/04/2024 12:00:00 AM,2377908.17
2016,08/02/2015 12:00:00 AM,279036.26
2019,01/16/2019 12:00:00 AM,7535011.87
2022,07/06/2021 12:00:00 AM,16810669.77
2015,09/12/2014 12:00:00 AM,12445.45
2015,06/18/2015 12:00:00 AM,5137583.11
2019,02/09/2019 12:00:00 AM,124740.64
2022,02/04/2022 12:00:00 AM,687101.76
2022,07/21/2021 12:00:00 AM,4025050.01
2021,09/01/2020 12:00:00 AM,22258230.99
2017,09/17/2016 12:00:00 AM,4999.5
2022,09/17/2021 12:00:00 AM,2125408.94
2019,05/18/2019 12:00:00 AM,916555.08
2023,01/10/2023 12:00:00 AM,2030423.32
2015,08/06/2014 12:00:00 AM,3615306.11
2018,11/29/2017 12:00:00 AM,9255237.9
2022,10/25/2021 12:00:00 AM,1689409.09
2018,04/12/2018 12:00:00 AM,918540.89
2021,04/08/2021 12:00:00 AM,21288969.31
2017,03/23/2017 12:00:00 AM,4458517.65
2018,11/28/2017 12:00:00 AM,31064499.24
2023,09/23/2022 12:00:00 AM,1265053.1
2017,02/13/2017 12:00:00 AM,4661912.38
2023,01/09/2023 12:00:00 AM,2158154.92
2019,03/07/2019 12:00:00 AM,2892923.16
2017,10/03/2016 12:00:00 AM,1422519.99
2023,12/22/2022 12:00:00 AM,12974445.49
2017,04/03/2017 12:00:00 AM,6691589.93
2022,02/23/2022 12:00:00 AM,2529385.6
2020,03/24/2020 12:00:00 AM,1084634.74
2017,02/01/2017 12:00:00 AM,5934438.19
2017,01/06/2017 12:00:00 AM,4544759.62
2015,05/05/2015 12:00:00 AM,15754037.92
2023,01/27/2023 12:00:00 AM,4734848.45
2019,06/05/2019 12:00:00 AM,1166247.84
2019,12/01/2018 12:00:00 AM,303701.73
2023,05/17/2023 12:00:00 AM,3357063.07
2022,09/04/2021 12:00:00 AM,0
2018,11/08/2017 12:00:00 AM,6476386.33
2016,01/25/2016 12:00:00 AM,11718220.56
2018,06/25/2018 12:00:00 AM,1797.55
2018,12/22/2017 12:00:00 AM,1238323.14
2015,08/25/2014 12:00:00 AM,2340432.07
2022,12/30/2021 12:00:00 AM,2008724.59
2015,04/06/2015 12:00:00 AM,3799415.97
2019,12/24/2018 12:00:00 AM,28520232.22
2018,07/12/2017 12:00:00 AM,-969962.94
2019,08/30/2018 12:00:00 AM,4497702.32
2024,04/23/2024 12:00:00 AM,58421573.31
2022,09/12/2021 12:00:00 AM,3323976.7
2020,11/19/2019 12:00:00 AM,3237615.65
2017,02/23/2017 12:00:00 AM,1900161.83
2018,01/25/2018 12:00:00 AM,5790005.75
2024,12/10/2023 12:00:00 AM,3096455.03
2017,01/11/2017 12:00:00 AM,5589963.24
2022,08/10/2021 12:00:00 AM,1651611.77
2015,07/20/2014 12:00:00 AM,1226063.6
2015,05/25/2015 12:00:00 AM,370.72
2023,11/08/2022 12:00:00 AM,26301929.92
2020,07/15/2019 12:00:00 AM,-8672170.11
2017,10/07/2016 12:00:00 AM,4278717.72
2020,06/15/2020 12:00:00 AM,821590.46
2021,08/03/2020 12:00:00 AM,4462420.24
2021,10/12/2020 12:00:00 AM,1552276.33
2016,07/27/2015 12:00:00 AM,1093865.36
2020,10/09/2019 12:00:00 AM,3565642.13
2016,12/04/2015 12:00:00 AM,1643903.17
2021,11/04/2020 12:00:00 AM,997379.7
2024,07/05/2023 12:00:00 AM,9560.43
2020,02/25/2020 12:00:00 AM,985377.51
2020,02/12/2020 12:00:00 AM,3382740.62
2017,07/10/2016 12:00:00 AM,2104229.79
2020,06/09/2020 12:00:00 AM,16987716.6
2016,05/09/2016 12:00:00 AM,3376951.59
2021,10/30/2020 12:00:00 AM,14972758.14
2015,11/25/2014 12:00:00 AM,6923501.14
2020,10/25/2019 12:00:00 AM,3966605.1
2019,11/30/2018 12:00:00 AM,5680695.72
2018,05/11/2018 12:00:00 AM,1189577.54
2015,05/28/2015 12:00:00 AM,7094685.64
2024,12/22/2023 12:00:00 AM,2831867.93
2017,02/12/2017 12:00:00 AM,2523723.64
2020,05/20/2020 12:00:00 AM,3672409.47
2020,08/01/2019 12:00:00 AM,6040799.2
2024,09/19/2023 12:00:00 AM,14021418.74
2019,04/17/2019 12:00:00 AM,676019.4
2019,05/19/2019 12:00:00 AM,58495.23
2019,03/22/2019 12:00:00 AM,4271864.85
2021,05/27/2021 12:00:00 AM,1999730.65
2023,09/21/2022 12:00:00 AM,2804122.49
2019,03/02/2019 12:00:00 AM,1206613.24
2021,05/23/2021 12:00:00 AM,282687.98
2017,03/04/2017 12:00:00 AM,16258.4
2015,02/05/2015 12:00:00 AM,1500784.34
2015,12/14/2014 12:00:00 AM,5219010.02
2022,10/07/2021 12:00:00 AM,2512642.13
2021,02/14/2021 12:00:00 AM,2468525.37
2023,03/10/2023 12:00:00 AM,1088769.9
2024,11/05/2023 12:00:00 AM,-0.25
2015,04/01/2015 12:00:00 AM,1466728.26
2018,06/03/2018 12:00:00 AM,101582.33
2019,03/13/2019 12:00:00 AM,5405261.51
2021,02/23/2021 12:00:00 AM,2674560.54
2024,05/23/2024 12:00:00 AM,7370030.75
2022,01/23/2022 12:00:00 AM,186506.25
2015,08/04/2014 12:00:00 AM,1029240.48
2019,07/13/2018 12:00:00 AM,-10587738.33
2019,02/14/2019 12:00:00 AM,6003528.13
2020,10/16/2019 12:00:00 AM,3863544.09
2018,10/06/2017 12:00:00 AM,2802187.24
2022,05/16/2022 12:00:00 AM,2416174.02
2020,08/14/2019 12:00:00 AM,4594920.85
2019,10/06/2018 12:00:00 AM,393207.52
2019,09/09/2018 12:00:00 AM,3417437.25
2018,04/08/2018 12:00:00 AM,3752901
2017,05/18/2017 12:00:00 AM,3411491.8
2024,10/11/2023 12:00:00 AM,9846968.96
2023,08/15/2022 12:00:00 AM,2967488.67
2016,02/29/2016 12:00:00 AM,1782070.58
2022,11/19/2021 12:00:00 AM,1318048.08
2020,12/28/2019 12:00:00 AM,540
2023,02/22/2023 12:00:00 AM,2835702.55
2016,04/08/2016 12:00:00 AM,1419723.29
2019,12/31/2018 12:00:00 AM,1211391.89
2015,12/19/2014 12:00:00 AM,7194519.11
2019,05/29/2019 12:00:00 AM,11814336.55
2016,04/25/2016 12:00:00 AM,1905561.67
2015,05/20/2015 12:00:00 AM,1268736.06
2022,04/03/2022 12:00:00 AM,35453.32
2015,03/09/2015 12:00:00 AM,2286578.32
2015,10/22/2014 12:00:00 AM,3625351.73
2015,08/05/2014 12:00:00 AM,2092104.24
2018,06/02/2018 12:00:00 AM,48363.57
2024,08/29/2023 12:00:00 AM,37057191.29
2018,01/03/2018 12:00:00 AM,919030.87
2015,02/09/2015 12:00:00 AM,1382473.49
2024,11/22/2023 12:00:00 AM,632709.83
2017,04/15/2017 12:00:00 AM,30341.26
2016,07/24/2015 12:00:00 AM,1063755.01
2015,01/05/2015 12:00:00 AM,1024733.19
2017,01/05/2017 12:00:00 AM,1273086.68
2017,05/05/2017 12:00:00 AM,2550432.57
2016,02/24/2016 12:00:00 AM,14411538.32
2018,10/20/2017 12:00:00 AM,1647288.4
2018,06/10/2018 12:00:00 AM,2912913.24
2016,09/22/2015 12:00:00 AM,26724630.72
2023,11/16/2022 12:00:00 AM,3359284.15
2022,03/13/2022 12:00:00 AM,2732263.28
2024,03/18/2024 12:00:00 AM,2100319.9
2016,06/09/2016 12:00:00 AM,1243822.93
2023,08/22/2022 12:00:00 AM,2488286.14
2015,01/22/2015 12:00:00 AM,4643331.89
2017,03/27/2017 12:00:00 AM,4430813.74
2017,10/24/2016 12:00:00 AM,1433148.79
2022,08/16/2021 12:00:00 AM,2579157.01
2019,04/24/2019 12:00:00 AM,4075698.17
2021,12/02/2020 12:00:00 AM,1769160.66
2022,05/03/2022 12:00:00 AM,1135687.81
2019,10/23/2018 12:00:00 AM,1844656.71
2017,04/11/2017 12:00:00 AM,783754.29
2015,08/26/2014 12:00:00 AM,26864572.23
2020,08/30/2019 12:00:00 AM,791710.05
2022,07/22/2021 12:00:00 AM,2327931.85
2019,03/20/2019 12:00:00 AM,2027872.22
2022,09/14/2021 12:00:00 AM,20742853.94
2016,08/06/2015 12:00:00 AM,1624315.83
2023,08/12/2022 12:00:00 AM,5759115.85
2017,05/24/2017 12:00:00 AM,4587633.6
2019,06/16/2019 12:00:00 AM,0
2015,10/28/2014 12:00:00 AM,676119.86
2019,05/01/2019 12:00:00 AM,3013338.23
2016,10/29/2015 12:00:00 AM,6356746.59
2024,06/20/2024 12:00:00 AM,32498.39
2015,11/30/2014 12:00:00 AM,71778.46
2020,03/30/2020 12:00:00 AM,573430.53
2017,06/06/2017 12:00:00 AM,6767620.55
2018,08/12/2017 12:00:00 AM,10126.6
2024,04/05/2024 12:00:00 AM,1061886.92
2018,12/13/2017 12:00:00 AM,6762139.24
2019,12/03/2018 12:00:00 AM,6113450.47
2016,02/25/2016 12:00:00 AM,3464855.61
2015,10/20/2014 12:00:00 AM,1245605.54
2018,08/22/2017 12:00:00 AM,28260967.93
2024,03/25/2024 12:00:00 AM,909093.31
2022,09/20/2021 12:00:00 AM,198019.28
2018,05/21/2018 12:00:00 AM,2656446.28
2022,12/08/2021 12:00:00 AM,1725629.16
2020,09/09/2019 12:00:00 AM,358508.13
2020,04/02/2020 12:00:00 AM,608416.17
2024,10/20/2023 12:00:00 AM,2222452.43
2018,12/04/2017 12:00:00 AM,5493009.03
2020,07/02/2019 12:00:00 AM,-3042.09
2023,02/20/2023 12:00:00 AM,-6068.35
2016,06/25/2016 12:00:00 AM,3643.2
2016,07/20/2015 12:00:00 AM,3127307.02
2021,12/23/2020 12:00:00 AM,2212424.88
2021,07/10/2020 12:00:00 AM,5858403.83
2019,02/08/2019 12:00:00 AM,815699.26
2024,01/25/2024 12:00:00 AM,2351579.01
2023,12/02/2022 12:00:00 AM,1411147.47
2022,11/23/2021 12:00:00 AM,34076082.1
2020,08/09/2019 12:00:00 AM,11321670.27
2021,11/06/2020 12:00:00 AM,12222158.65
2015,12/07/2014 12:00:00 AM,1750538.34
2015,05/15/2015 12:00:00 AM,1962347.07
2024,10/16/2023 12:00:00 AM,3305487.51
2016,07/01/2015 12:00:00 AM,1989502.95
2023,04/21/2023 12:00:00 AM,4728839.57
2017,04/22/2017 12:00:00 AM,124643.21
2020,08/23/2019 12:00:00 AM,1831721.11
2016,05/17/2016 12:00:00 AM,15939787.34
2018,02/09/2018 12:00:00 AM,2981713.75
2024,05/14/2024 12:00:00 AM,2530065.23
2019,12/07/2018 12:00:00 AM,1542500.84
2015,11/03/2014 12:00:00 AM,6500404.59
2022,11/16/2021 12:00:00 AM,2908497.88
2019,09/13/2018 12:00:00 AM,2259436.01
2018,05/29/2018 12:00:00 AM,31093353.09
2017,06/14/2017 12:00:00 AM,2786268.85
2023,01/21/2023 12:00:00 AM,508638.31
2017,11/17/2016 12:00:00 AM,3682800.27
2021,04/07/2021 12:00:00 AM,2670842.65
2023,10/18/2022 12:00:00 AM,4749572.56
2015,12/22/2014 12:00:00 AM,1284262.52
2021,05/07/2021 12:00:00 AM,213653.08
2019,04/11/2019 12:00:00 AM,2200978.2
2021,10/16/2020 12:00:00 AM,3083335.03
2019,09/16/2018 12:00:00 AM,1542.57
2020,04/09/2020 12:00:00 AM,4408932.61
2023,04/11/2023 12:00:00 AM,19584404.16
2021,01/15/2021 12:00:00 AM,1166275.98
2020,05/19/2020 12:00:00 AM,2741849.22
2018,08/03/2017 12:00:00 AM,13394157.41
2016,05/02/2016 12:00:00 AM,33383367.24
2022,08/30/2021 12:00:00 AM,1070811.38
2024,01/07/2024 12:00:00 AM,275518.51
2015,07/30/2014 12:00:00 AM,760001.27
2023,07/15/2022 12:00:00 AM,3507480.04
2016,12/01/2015 12:00:00 AM,45372954.8
2015,03/01/2015 12:00:00 AM,887415.9
2021,03/26/2021 12:00:00 AM,1579601.42
2021,03/17/2021 12:00:00 AM,4922954.73
2023,10/22/2022 12:00:00 AM,24003.83
2015,10/23/2014 12:00:00 AM,1372521.8
2016,08/05/2015 12:00:00 AM,2098338.08
2018,03/29/2018 12:00:00 AM,1432660.37
2024,07/10/2023 12:00:00 AM,2410844.52
2020,09/04/2019 12:00:00 AM,2260504.3
2018,03/03/2018 12:00:00 AM,258304.01
2019,06/12/2019 12:00:00 AM,3233561.37
2022,12/15/2021 12:00:00 AM,2542332.97
2024,09/09/2023 12:00:00 AM,112630.54
2018,07/31/2017 12:00:00 AM,14336054.66
2017,12/13/2016 12:00:00 AM,18212871.34
2025,07/10/2024 12:00:00 AM,5245597.37
2022,11/08/2021 12:00:00 AM,499728.59
2016,11/09/2015 12:00:00 AM,4022273.8
2024,08/04/2023 12:00:00 AM,1119252.32
2016,11/16/2015 12:00:00 AM,2863962.34
2018,04/24/2018 12:00:00 AM,2745464.52
2016,06/27/2016 12:00:00 AM,13729481.6
2019,05/21/2019 12:00:00 AM,3492005.83
2023,06/22/2023 12:00:00 AM,15003545.38
2022,03/28/2022 12:00:00 AM,4601465.12
2022,03/29/2022 12:00:00 AM,34749579.04
2016,03/07/2016 12:00:00 AM,3794846.57
2015,02/06/2015 12:00:00 AM,2396145.22
2020,12/12/2019 12:00:00 AM,6075049.97
2021,02/08/2021 12:00:00 AM,5538455.51
2019,04/09/2019 12:00:00 AM,3300371.36
2017,06/29/2017 12:00:00 AM,235536.83
2015,10/24/2014 12:00:00 AM,232985.76
2024,09/13/2023 12:00:00 AM,3247540.12
2015,08/10/2014 12:00:00 AM,3677461.33
2021,02/16/2021 12:00:00 AM,28772730.74
2023,09/10/2022 12:00:00 AM,271937.36
2017,08/23/2016 12:00:00 AM,26437011.18
2018,09/09/2017 12:00:00 AM,25390.77
2021,07/28/2020 12:00:00 AM,5978295.96
2016,02/19/2016 12:00:00 AM,918450.37
2023,01/17/2023 12:00:00 AM,21957579.17
2024,06/27/2024 12:00:00 AM,1913908.8
2020,01/15/2020 12:00:00 AM,2348314.76
2023,06/23/2023 12:00:00 AM,3015594.23
2019,09/24/2018 12:00:00 AM,3435961.03
2018,11/22/2017 12:00:00 AM,4615114.76
2016,06/23/2016 12:00:00 AM,2386588.45
2019,04/28/2019 12:00:00 AM,453790.17
2024,05/15/2024 12:00:00 AM,1947728.43
2017,09/20/2016 12:00:00 AM,29258821.08
2022,10/08/2021 12:00:00 AM,6665997.53
2021,08/24/2020 12:00:00 AM,8181558.79
2019,03/08/2019 12:00:00 AM,2095135.49
2017,09/11/2016 12:00:00 AM,2718340.94
2022,01/19/2022 12:00:00 AM,6602268.3
2024,01/05/2024 12:00:00 AM,3693797.55
2024,02/24/2024 12:00:00 AM,6467.73
2024,12/04/2023 12:00:00 AM,1303980.55
2024,10/30/2023 12:00:00 AM,3229159.98
2020,08/03/2019 12:00:00 AM,888328.3
2016,03/01/2016 12:00:00 AM,7778176.31
2021,03/23/2021 12:00:00 AM,1146487.05
2021,11/18/2020 12:00:00 AM,20929566.68
2016,09/15/2015 12:00:00 AM,971393.96
2020,01/21/2020 12:00:00 AM,35762851.91
2023,10/08/2022 12:00:00 AM,25847
2017,08/16/2016 12:00:00 AM,2143458.17
2016,08/07/2015 12:00:00 AM,3902147.83
2020,12/15/2019 12:00:00 AM,147899.62
2020,12/06/2019 12:00:00 AM,17853308.47
2020,08/15/2019 12:00:00 AM,2443869.88
2018,04/14/2018 12:00:00 AM,373272.45
2024,04/17/2024 12:00:00 AM,5023319.29
2024,05/10/2024 12:00:00 AM,1377553.58
2021,10/19/2020 12:00:00 AM,955089.82
2018,02/16/2018 12:00:00 AM,1754496
2024,01/11/2024 12:00:00 AM,971784.46
2019,01/13/2019 12:00:00 AM,2775610.15
2016,06/11/2016 12:00:00 AM,2791.68
2021,09/03/2020 12:00:00 AM,8221760.85
2022,03/31/2022 12:00:00 AM,817519.24
2016,10/27/2015 12:00:00 AM,1936525.95
2016,06/20/2016 12:00:00 AM,9925491.46
2020,09/12/2019 12:00:00 AM,1811768.22
2020,11/12/2019 12:00:00 AM,19507213.54
2015,08/22/2014 12:00:00 AM,683370.98
2015,05/21/2015 12:00:00 AM,4627117.41
2020,01/26/2020 12:00:00 AM,48041.95
2020,03/27/2020 12:00:00 AM,1154880.51
2017,11/30/2016 12:00:00 AM,2691704.7
2015,09/18/2014 12:00:00 AM,3716554.84
2023,12/05/2022 12:00:00 AM,1182156.95
2019,11/26/2018 12:00:00 AM,1747218.5
2020,11/24/2019 12:00:00 AM,0
2017,09/27/2016 12:00:00 AM,3554093.84
2016,08/13/2015 12:00:00 AM,2894059.44
2023,03/03/2023 12:00:00 AM,2280564.34
2015,12/26/2014 12:00:00 AM,103711.04
2019,03/15/2019 12:00:00 AM,2241269.67
2015,07/07/2014 12:00:00 AM,-208.65
2015,07/14/2014 12:00:00 AM,7968024.03
2019,03/23/2019 12:00:00 AM,15843.04
2020,07/24/2019 12:00:00 AM,9774977.79
2020,07/29/2019 12:00:00 AM,1693489.88
2024,11/08/2023 12:00:00 AM,4384159.79
2017,04/08/2017 12:00:00 AM,121338.53
2021,11/03/2020 12:00:00 AM,1387836.37
2023,09/02/2022 12:00:00 AM,2869020.33
2023,07/19/2022 12:00:00 AM,34569892.42
2024,08/15/2023 12:00:00 AM,20458308.22
2016,05/11/2016 12:00:00 AM,2691561.35
2022,06/30/2022 12:00:00 AM,-15121938.31
2020,07/10/2019 12:00:00 AM,1873606.9
2017,05/12/2017 12:00:00 AM,234381.63
2018,08/13/2017 12:00:00 AM,2638387.46
2022,08/19/2021 12:00:00 AM,4993730.23
2019,04/04/2019 12:00:00 AM,1637783.64
2022,04/22/2022 12:00:00 AM,7869338.92
2019,12/20/2018 12:00:00 AM,5270711.68
2021,11/09/2020 12:00:00 AM,2245250.95
2018,07/27/2017 12:00:00 AM,4661505.64
2021,12/25/2020 12:00:00 AM,40539.82
2024,05/06/2024 12:00:00 AM,6957023.77
2019,03/01/2019 12:00:00 AM,5530629.27
2015,08/17/2014 12:00:00 AM,708944.06
2017,09/14/2016 12:00:00 AM,714349.47
2021,05/16/2021 12:00:00 AM,3480
2019,10/11/2018 12:00:00 AM,9317317.92
2019,07/24/2018 12:00:00 AM,34079969.5
2015,08/21/2014 12:00:00 AM,2208504.26
2024,12/14/2023 12:00:00 AM,2936883.27
2018,06/30/2018 12:00:00 AM,-14504608.96
2017,09/08/2016 12:00:00 AM,20185219.48
2019,04/20/2019 12:00:00 AM,185800.37
2023,02/09/2023 12:00:00 AM,1125412.67
2015,10/29/2014 12:00:00 AM,11118416.56
2024,09/16/2023 12:00:00 AM,428738.7
2016,10/16/2015 12:00:00 AM,-2214813.32
2022,06/03/2022 12:00:00 AM,3262189.42
2021,09/09/2020 12:00:00 AM,37197.53
2015,01/26/2015 12:00:00 AM,19529775.3
2019,09/17/2018 12:00:00 AM,2018644.6
2018,07/21/2017 12:00:00 AM,3722633.56
2021,08/18/2020 12:00:00 AM,30101050.72
2018,03/23/2018 12:00:00 AM,2176009.79
2017,10/10/2016 12:00:00 AM,1118758.42
2021,03/11/2021 12:00:00 AM,2647387.71
2021,12/15/2020 12:00:00 AM,3673789.57
2024,10/31/2023 12:00:00 AM,4025563.45
2019,07/12/2018 12:00:00 AM,3874745.29
2023,01/05/2023 12:00:00 AM,2161024.17
2015,12/17/2014 12:00:00 AM,4613186.09
2015,07/09/2014 12:00:00 AM,2807149.67
2021,11/25/2020 12:00:00 AM,1561873.07
2020,04/22/2020 12:00:00 AM,1222565.94
2021,11/23/2020 12:00:00 AM,3149603.36
2024,06/24/2024 12:00:00 AM,103842.92
2015,01/25/2015 12:00:00 AM,1546298.89
2023,12/10/2022 12:00:00 AM,142253.73
2023,02/24/2023 12:00:00 AM,4768567.91
2018,07/26/2017 12:00:00 AM,2349757.16
2018,08/25/2017 12:00:00 AM,1418950.84
2016,12/02/2015 12:00:00 AM,2821473.72
2016,08/18/2015 12:00:00 AM,6683326.72
2021,02/15/2021 12:00:00 AM,52639.27
2022,08/26/2021 12:00:00 AM,1639112.68
2019,02/27/2019 12:00:00 AM,2617224.33
2018,11/18/2017 12:00:00 AM,393990.37
2022,01/13/2022 12:00:00 AM,1562888.12
2020,12/23/2019 12:00:00 AM,7321067.61
2024,05/20/2024 12:00:00 AM,1610660.22
2022,12/27/2021 12:00:00 AM,3152486.96
2019,05/06/2019 12:00:00 AM,1735970.49
2023,12/14/2022 12:00:00 AM,3453164.21
2018,03/14/2018 12:00:00 AM,403403.99
2023,05/01/2023 12:00:00 AM,-1865338.9
2024,06/13/2024 12:00:00 AM,24746000.91
2021,06/01/2021 12:00:00 AM,-97540.8
2017,12/21/2016 12:00:00 AM,4953635.26
2016,11/24/2015 12:00:00 AM,1572365.09
2022,07/11/2021 12:00:00 AM,2654458.01
2015,08/29/2014 12:00:00 AM,4809018.8
2022,01/26/2022 12:00:00 AM,1929864.51
2016,12/07/2015 12:00:00 AM,1093455.67
2023,08/17/2022 12:00:00 AM,794775.26
2017,05/11/2017 12:00:00 AM,1407592.2
2017,10/28/2016 12:00:00 AM,874377.3
2020,01/16/2020 12:00:00 AM,3097068.04
2020,01/28/2020 12:00:00 AM,1915239.74
2018,07/20/2017 12:00:00 AM,2671024.02
2015,09/25/2014 12:00:00 AM,4932468.53
2017,10/19/2016 12:00:00 AM,4131598.68
2024,01/17/2024 12:00:00 AM,2438254.89
2021,11/15/2020 12:00:00 AM,1550
2024,08/23/2023 12:00:00 AM,2965933.25
2021,03/19/2021 12:00:00 AM,497495.79
2023,11/15/2022 12:00:00 AM,2200943.62
2024,11/06/2023 12:00:00 AM,2034035.35
2019,08/12/2018 12:00:00 AM,3250684.04
2016,12/31/2015 12:00:00 AM,1865906.4
2024,06/04/2024 12:00:00 AM,23117910.41
2019,05/16/2019 12:00:00 AM,5881812.77
2016,06/14/2016 12:00:00 AM,16972763.73
2024,07/04/2023 12:00:00 AM,18576943.69
2020,11/11/2019 12:00:00 AM,7784.27
2022,08/13/2021 12:00:00 AM,1893690.53
2020,02/04/2020 12:00:00 AM,25007646.16
2023,12/19/2022 12:00:00 AM,30424082.57
2016,07/22/2015 12:00:00 AM,940248.42
2024,07/21/2023 12:00:00 AM,6590294.94
2022,04/20/2022 12:00:00 AM,751823.04
2016,05/18/2016 12:00:00 AM,4053525.56
2018,04/27/2018 12:00:00 AM,1690223.22
2016,05/06/2016 12:00:00 AM,889356.66
2015,11/14/2014 12:00:00 AM,84896.61
2019,05/23/2019 12:00:00 AM,2733282.43
2015,01/02/2015 12:00:00 AM,3092.99
2024,02/11/2024 12:00:00 AM,3511791.62
2015,01/15/2015 12:00:00 AM,4338448.59
2017,01/17/2017 12:00:00 AM,1921870.8
2022,09/06/2021 12:00:00 AM,2551.65
2022,05/26/2022 12:00:00 AM,1963115.96
2016,04/07/2016 12:00:00 AM,1188221.96
2019,03/30/2019 12:00:00 AM,372134.62
2019,02/11/2019 12:00:00 AM,260992.47
2020,10/18/2019 12:00:00 AM,3992209.18
2016,12/10/2015 12:00:00 AM,1774452.93
2022,06/12/2022 12:00:00 AM,2798079
2019,12/15/2018 12:00:00 AM,359076.6
2019,07/11/2018 12:00:00 AM,1179337.49
2022,10/20/2021 12:00:00 AM,1948896.08
2020,12/17/2019 12:00:00 AM,1726525.7
2018,10/25/2017 12:00:00 AM,1952431.68
2019,03/04/2019 12:00:00 AM,1315752.94
2022,05/18/2022 12:00:00 AM,4861565.33
2023,02/23/2023 12:00:00 AM,2975892.2
2016,06/17/2016 12:00:00 AM,3422889.41
2021,11/12/2020 12:00:00 AM,2990189.44
2017,02/22/2017 12:00:00 AM,598069.77
2022,06/04/2022 12:00:00 AM,2048.15
2023,01/08/2023 12:00:00 AM,3453694.22
2022,04/12/2022 12:00:00 AM,23312727.75
2022,06/24/2022 12:00:00 AM,-152871.92
2024,12/18/2023 12:00:00 AM,803976.11
2015,03/05/2015 12:00:00 AM,3488176.43
2021,10/17/2020 12:00:00 AM,2670.59
2021,05/15/2021 12:00:00 AM,6537.6
2023,08/01/2022 12:00:00 AM,2712043
2016,04/28/2016 12:00:00 AM,1069643.24
2018,03/31/2018 12:00:00 AM,904070.82
2020,07/05/2019 12:00:00 AM,127931.57
2016,10/21/2015 12:00:00 AM,4109310.34
2024,08/03/2023 12:00:00 AM,2439130.43
2017,11/18/2016 12:00:00 AM,1951998.75
2016,10/15/2015 12:00:00 AM,6050088.25
2021,11/10/2020 12:00:00 AM,18683326.11
2022,07/18/2021 12:00:00 AM,6923.97
2017,03/01/2017 12:00:00 AM,1259080.91
2019,12/21/2018 12:00:00 AM,1037998.16
2020,11/02/2019 12:00:00 AM,1114033.63
2021,05/29/2021 12:00:00 AM,2384901.72
2015,12/11/2014 12:00:00 AM,7843838.5
2022,11/02/2021 12:00:00 AM,6906720.47
2016,08/26/2015 12:00:00 AM,1726476.66
2022,11/04/2021 12:00:00 AM,1629543.47
2019,09/28/2018 12:00:00 AM,2433480.65
2023,10/19/2022 12:00:00 AM,1722054.41
2018,08/17/2017 12:00:00 AM,3141299.16
2017,10/01/2016 12:00:00 AM,5567798.19
2015,04/24/2015 12:00:00 AM,311029.27
2019,08/08/2018 12:00:00 AM,6331538.32
2018,10/23/2017 12:00:00 AM,1371887.39
2017,06/17/2017 12:00:00 AM,293596.06
2015,07/23/2014 12:00:00 AM,1723978.57
2020,06/24/2020 12:00:00 AM,11968735
2020,02/06/2020 12:00:00 AM,2131669.31
2015,05/24/2015 12:00:00 AM,456911.94
2019,10/24/2018 12:00:00 AM,1373642.33
2020,01/24/2020 12:00:00 AM,1864394.32
2018,01/04/2018 12:00:00 AM,1436705.31
2020,08/11/2019 12:00:00 AM,3131413.99
2021,12/31/2020 12:00:00 AM,576535.85
2015,09/26/2014 12:00:00 AM,1847437.15
2019,05/24/2019 12:00:00 AM,795758.89
2023,12/01/2022 12:00:00 AM,2174828.32
2016,11/10/2015 12:00:00 AM,2921137.29
2015,08/13/2014 12:00:00 AM,8585169.9
2016,09/11/2015 12:00:00 AM,2579143.48
2023,11/22/2022 12:00:00 AM,42116228.08
2024,07/19/2023 12:00:00 AM,2741206.9
2022,01/29/2022 12:00:00 AM,350
2020,03/09/2020 12:00:00 AM,1957042.1
2017,06/11/2017 12:00:00 AM,2545080.31
2019,10/27/2018 12:00:00 AM,289519.83
2016,03/09/2016 12:00:00 AM,417904.94
2022,10/05/2021 12:00:00 AM,9617400.03
2021,12/08/2020 12:00:00 AM,19988613.3
2024,10/14/2023 12:00:00 AM,228697.14
2022,09/18/2021 12:00:00 AM,1005.8
2024,02/22/2024 12:00:00 AM,6986110.71
2018,09/08/2017 12:00:00 AM,8803767.11
2018,06/07/2018 12:00:00 AM,2081634.72
2016,06/02/2016 12:00:00 AM,1803019.6
2022,09/27/2021 12:00:00 AM,6340214.73
2020,04/08/2020 12:00:00 AM,775985.24
2018,10/17/2017 12:00:00 AM,15922015.37
2022,10/29/2021 12:00:00 AM,21215716.17
2024,12/13/2023 12:00:00 AM,4014238.48
2020,12/31/2019 12:00:00 AM,885823.13
2022,02/25/2022 12:00:00 AM,4075757.2
2018,07/17/2017 12:00:00 AM,2169435.22
2024,11/01/2023 12:00:00 AM,2694613.64
2018,02/05/2018 12:00:00 AM,1005648.6
2022,02/11/2022 12:00:00 AM,1913809.18
2024,02/27/2024 12:00:00 AM,33961750.94
2023,11/12/2022 12:00:00 AM,97612.53
2017,05/20/2017 12:00:00 AM,726179.5
2022,01/21/2022 12:00:00 AM,6757979.63
2019,07/25/2018 12:00:00 AM,1900145.61
2020,08/19/2019 12:00:00 AM,2332382.49
2024,08/11/2023 12:00:00 AM,2905217
2020,08/05/2019 12:00:00 AM,908335.19
2015,07/17/2014 12:00:00 AM,3423267.66
2019,02/26/2019 12:00:00 AM,4094883.55
2022,01/28/2022 12:00:00 AM,-55587.57
2016,09/08/2015 12:00:00 AM,14090136.61
2019,08/17/2018 12:00:00 AM,4869202.21
2019,03/14/2019 12:00:00 AM,1409735.24
2019,11/16/2018 12:00:00 AM,4262430.9
2017,09/22/2016 12:00:00 AM,4385270.35
2020,08/28/2019 12:00:00 AM,9734129.77
2020,05/02/2020 12:00:00 AM,331540.57
2018,11/11/2017 12:00:00 AM,84729.01
2024,07/22/2023 12:00:00 AM,374109.96
2021,03/31/2021 12:00:00 AM,1723212.84
2022,03/24/2022 12:00:00 AM,2145654.94
2020,02/07/2020 12:00:00 AM,1125753.41
2019,09/26/2018 12:00:00 AM,728662.3
2020,04/01/2020 12:00:00 AM,5234892.41
2017,10/11/2016 12:00:00 AM,683224.25
2022,06/08/2022 12:00:00 AM,4251078.75
2015,07/03/2014 12:00:00 AM,-27709.91
2016,11/07/2015 12:00:00 AM,2730
2017,07/15/2016 12:00:00 AM,3722440.69
2019,11/11/2018 12:00:00 AM,3806640.42
2023,12/09/2022 12:00:00 AM,1852757.11
2018,11/02/2017 12:00:00 AM,807162.44
2017,07/25/2016 12:00:00 AM,2835368.2
2018,06/05/2018 12:00:00 AM,1626453.3
2015,04/15/2015 12:00:00 AM,4868915.97
2023,09/08/2022 12:00:00 AM,673183.31
2019,01/19/2019 12:00:00 AM,2304127.48
2024,11/09/2023 12:00:00 AM,7698203.08
2023,12/12/2022 12:00:00 AM,2600737.04
2016,07/12/2015 12:00:00 AM,6575429.63
2021,05/28/2021 12:00:00 AM,57277952.47
2024,03/26/2024 12:00:00 AM,35362693.72
2017,07/29/2016 12:00:00 AM,2020668.53
2016,11/06/2015 12:00:00 AM,580118.4
2024,05/12/2024 12:00:00 AM,4044363.84
2020,12/14/2019 12:00:00 AM,866190.39
2022,04/28/2022 12:00:00 AM,2712667.76
2016,01/12/2016 12:00:00 AM,16709381.95
2022,05/12/2022 12:00:00 AM,1304448.9
2022,03/25/2022 12:00:00 AM,800558.59
2015,07/29/2014 12:00:00 AM,26481044.97
2023,07/25/2022 12:00:00 AM,962300.32
2024,09/25/2023 12:00:00 AM,3391148.96
2015,06/16/2015 12:00:00 AM,26694690.19
2022,09/02/2021 12:00:00 AM,5958098
2018,12/15/2017 12:00:00 AM,1908780.44
2018,07/24/2017 12:00:00 AM,2818738.55
2017,06/08/2017 12:00:00 AM,6606466.19
2020,06/17/2020 12:00:00 AM,6145625.86
2021,04/10/2021 12:00:00 AM,0
2024,02/15/2024 12:00:00 AM,1993140.65
2023,08/18/2022 12:00:00 AM,6835938.93
2016,08/28/2015 12:00:00 AM,53858368.48
2021,10/18/2020 12:00:00 AM,7373.2
2016,01/19/2016 12:00:00 AM,4279189.89
2023,11/11/2022 12:00:00 AM,521.25
2015,07/01/2014 12:00:00 AM,17267554.99
2015,12/10/2014 12:00:00 AM,2707218.41
2019,12/11/2018 12:00:00 AM,2609009.25
2016,09/16/2015 12:00:00 AM,7099405.93
2021,11/02/2020 12:00:00 AM,852101.86
2016,09/23/2015 12:00:00 AM,946398.55
2017,07/27/2016 12:00:00 AM,1096274.45
2022,05/20/2022 12:00:00 AM,1918592.52
2021,09/22/2020 12:00:00 AM,4669699.41
2017,11/04/2016 12:00:00 AM,7660251.01
2021,04/15/2021 12:00:00 AM,2962929.38
2022,01/10/2022 12:00:00 AM,5424315.54
2024,08/21/2023 12:00:00 AM,1369942.34
2020,12/05/2019 12:00:00 AM,4786985.69
2021,10/22/2020 12:00:00 AM,7423927.58
2023,04/19/2023 12:00:00 AM,15700408.52
2021,01/23/2021 12:00:00 AM,4112.5
2023,11/14/2022 12:00:00 AM,8503680.94
2023,03/06/2023 12:00:00 AM,870597.35
2017,01/21/2017 12:00:00 AM,316058.91
2016,05/15/2016 12:00:00 AM,7394.61
2021,03/10/2021 12:00:00 AM,1061536.38
2020,10/12/2019 12:00:00 AM,87378
2024,03/11/2024 12:00:00 AM,2133083.49
2020,11/04/2019 12:00:00 AM,871659.14
2018,03/20/2018 12:00:00 AM,27519627.21
2023,04/28/2023 12:00:00 AM,7280866.4
2021,07/08/2020 12:00:00 AM,-28460.81
2018,09/30/2017 12:00:00 AM,441104.27
2017,09/15/2016 12:00:00 AM,581004.81
2018,10/30/2017 12:00:00 AM,21276939.3
2024,06/12/2024 12:00:00 AM,3582143.16
2020,04/27/2020 12:00:00 AM,2232639.53
2021,04/05/2021 12:00:00 AM,1214667.38
2016,06/13/2016 12:00:00 AM,2358203
2016,05/10/2016 12:00:00 AM,2429299.66
2017,11/13/2016 12:00:00 AM,2185654.69
2022,12/12/2021 12:00:00 AM,2693142.42
2022,10/26/2021 12:00:00 AM,31459138.43
2016,07/21/2015 12:00:00 AM,3907479.04
2023,03/28/2023 12:00:00 AM,32950991.26
2019,11/20/2018 12:00:00 AM,5603344.82
2021,06/07/2021 12:00:00 AM,2409158.14
2020,10/13/2019 12:00:00 AM,2955536.29
2024,05/30/2024 12:00:00 AM,29671282.61
2022,07/07/2021 12:00:00 AM,-2927.96
2018,09/18/2017 12:00:00 AM,1655512.31
2024,02/20/2024 12:00:00 AM,2730062.2
2018,06/29/2018 12:00:00 AM,230503.92
2023,06/20/2023 12:00:00 AM,33262449.93
2016,08/10/2015 12:00:00 AM,779870.15
2021,02/22/2021 12:00:00 AM,2934959.25
2018,09/05/2017 12:00:00 AM,16523267.22
2024,07/06/2023 12:00:00 AM,4272751.18
2020,11/01/2019 12:00:00 AM,5407320.77
2015,09/04/2014 12:00:00 AM,4295917.14
2023,07/08/2022 12:00:00 AM,-1780.5
2020,08/31/2019 12:00:00 AM,565619.05
2018,08/20/2017 12:00:00 AM,49893.25
2021,02/18/2021 12:00:00 AM,4050077.53
2022,10/27/2021 12:00:00 AM,1369217.81
2024,03/08/2024 12:00:00 AM,3001070.02
2019,10/25/2018 12:00:00 AM,9550934.77
2020,10/19/2019 12:00:00 AM,492565.06
2024,07/20/2023 12:00:00 AM,3684045.6
2016,10/07/2015 12:00:00 AM,12381862.63
2015,11/17/2014 12:00:00 AM,16692787.05
2016,06/12/2016 12:00:00 AM,2356913.31
2019,07/26/2018 12:00:00 AM,6822151.29
2023,09/14/2022 12:00:00 AM,3059585.13
2018,05/18/2018 12:00:00 AM,5970241.46
2020,08/16/2019 12:00:00 AM,1962383.43
2022,06/21/2022 12:00:00 AM,30996695.24
2023,07/21/2022 12:00:00 AM,6277795.53
2015,07/08/2014 12:00:00 AM,32259.32
2017,08/06/2016 12:00:00 AM,1260
2021,12/21/2020 12:00:00 AM,1002722.97
2015,09/15/2014 12:00:00 AM,2437454.44
2024,05/09/2024 12:00:00 AM,5834410.26
2017,12/07/2016 12:00:00 AM,810012.98
2015,12/09/2014 12:00:00 AM,2257988.43
2017,01/31/2017 12:00:00 AM,2454057.26
2016,07/13/2015 12:00:00 AM,3592926.65
2022,07/12/2021 12:00:00 AM,-88819.23
2024,09/28/2023 12:00:00 AM,12960474.54
2016,06/07/2016 12:00:00 AM,2960783.17
2023,11/04/2022 12:00:00 AM,833793.66
2022,04/19/2022 12:00:00 AM,1118380.89
2017,06/10/2017 12:00:00 AM,634146.46
2021,10/06/2020 12:00:00 AM,4585163.32
2018,04/11/2018 12:00:00 AM,878625.19
2021,04/01/2021 12:00:00 AM,2021078.66
2015,04/13/2015 12:00:00 AM,7953136.15
2019,05/17/2019 12:00:00 AM,1754951.2
2022,12/20/2021 12:00:00 AM,2553747.96
2019,05/08/2019 12:00:00 AM,2401436
2023,09/07/2022 12:00:00 AM,3774236.65
2024,02/05/2024 12:00:00 AM,391576.41
2023,05/26/2023 12:00:00 AM,675265.65
2020,11/23/2019 12:00:00 AM,642493.7
2018,04/04/2018 12:00:00 AM,3735837.92
2018,07/19/2017 12:00:00 AM,4250535.23
2024,02/29/2024 12:00:00 AM,6627088.82
2016,09/03/2015 12:00:00 AM,2001479.57
2016,03/29/2016 12:00:00 AM,606418.27
2015,07/11/2014 12:00:00 AM,6801957.98
2018,08/31/2017 12:00:00 AM,1232737.93
2023,07/16/2022 12:00:00 AM,1961252.82
2018,09/22/2017 12:00:00 AM,4008904.33
2019,10/01/2018 12:00:00 AM,5810014.74
2021,04/11/2021 12:00:00 AM,2803602.42
2019,06/01/2019 12:00:00 AM,51665.43
2021,01/07/2021 12:00:00 AM,2107120.78
2016,10/09/2015 12:00:00 AM,1030167.73
2020,07/31/2019 12:00:00 AM,1835784.32
2022,08/15/2021 12:00:00 AM,204.75
2015,04/23/2015 12:00:00 AM,806649.08
2020,12/11/2019 12:00:00 AM,3529478.19
2015,01/21/2015 12:00:00 AM,1335710.02
2015,09/08/2014 12:00:00 AM,2801149.04
2019,11/07/2018 12:00:00 AM,2768192.43
2020,12/09/2019 12:00:00 AM,6819725.79
2023,05/24/2023 12:00:00 AM,3555637.53
2022,08/11/2021 12:00:00 AM,1340962.96
2016,07/30/2015 12:00:00 AM,510865.63
2021,03/07/2021 12:00:00 AM,913950
2017,05/08/2017 12:00:00 AM,1322048.03
2022,08/03/2021 12:00:00 AM,27546275.25
2022,08/02/2021 12:00:00 AM,2061915.14
2018,01/29/2018 12:00:00 AM,1441734.01
2016,08/19/2015 12:00:00 AM,4113392.84
2021,01/01/2021 12:00:00 AM,665145.72
2017,02/10/2017 12:00:00 AM,2912218.71
2019,03/09/2019 12:00:00 AM,351.9
2015,01/08/2015 12:00:00 AM,973715.24
2024,04/14/2024 12:00:00 AM,2280331.37
2016,07/31/2015 12:00:00 AM,5849369.78
2020,05/26/2020 12:00:00 AM,27385898.32
2018,10/21/2017 12:00:00 AM,430052.81
2019,01/07/2019 12:00:00 AM,1806829.45
2016,08/20/2015 12:00:00 AM,5732183.78
2016,07/02/2015 12:00:00 AM,-37337.59
2018,04/23/2018 12:00:00 AM,10618897.69
2021,09/29/2020 12:00:00 AM,34550395.65
2023,04/26/2023 12:00:00 AM,2753584.25
2023,06/21/2023 12:00:00 AM,22809784.6
2020,05/15/2020 12:00:00 AM,1167700.97
2022,09/21/2021 12:00:00 AM,4352874.52
2021,01/08/2021 12:00:00 AM,1485492.3
2023,11/29/2022 12:00:00 AM,58379224.71
2015,11/23/2014 12:00:00 AM,3515567.69
2015,09/29/2014 12:00:00 AM,2826955.37
2020,01/31/2020 12:00:00 AM,1415302.65
2019,01/25/2019 12:00:00 AM,1898052.57
2021,07/25/2020 12:00:00 AM,16191.95
2024,02/14/2024 12:00:00 AM,1494980.18
2019,01/28/2019 12:00:00 AM,4478794.32
2018,09/12/2017 12:00:00 AM,2282892.51
2016,12/17/2015 12:00:00 AM,12027524.82
2020,01/08/2020 12:00:00 AM,2103358.8
2022,06/15/2022 12:00:00 AM,7553446.93
2015,06/26/2015 12:00:00 AM,10419121.92
2016,08/03/2015 12:00:00 AM,7931084.1
2019,07/10/2018 12:00:00 AM,29523898.99
2020,10/11/2019 12:00:00 AM,1691219.02
2019,01/22/2019 12:00:00 AM,31696314.42
2022,02/02/2022 12:00:00 AM,1218363.88
2016,10/19/2015 12:00:00 AM,2505912.05
2016,08/23/2015 12:00:00 AM,969896.15
2020,09/06/2019 12:00:00 AM,1286060.83
2024,04/18/2024 12:00:00 AM,1186835.87
2019,05/30/2019 12:00:00 AM,1489087.6
2016,09/14/2015 12:00:00 AM,8170834.39
2020,05/01/2020 12:00:00 AM,1106067.21
2019,05/26/2019 12:00:00 AM,-9.75
2023,08/16/2022 12:00:00 AM,20285671.57
2021,05/18/2021 12:00:00 AM,2033060.81
2020,12/16/2019 12:00:00 AM,4801974.61
2020,10/27/2019 12:00:00 AM,386443.06
2019,11/28/2018 12:00:00 AM,45198114.58
2018,06/11/2018 12:00:00 AM,5572192.75
2024,11/29/2023 12:00:00 AM,9578775.19
2021,07/11/2020 12:00:00 AM,34059.75
2021,01/09/2021 12:00:00 AM,9645.78
2020,05/25/2020 12:00:00 AM,4586.63
2019,01/05/2019 12:00:00 AM,340156.04
2015,04/14/2015 12:00:00 AM,6685387.98
2024,02/09/2024 12:00:00 AM,736219.09
2016,01/21/2016 12:00:00 AM,1264733.85
2016,10/26/2015 12:00:00 AM,7085518.03
2022,04/15/2022 12:00:00 AM,1861290.04
2019,02/15/2019 12:00:00 AM,4112737.08
2024,08/08/2023 12:00:00 AM,2972002.36
2017,07/08/2016 12:00:00 AM,-86
2016,02/04/2016 12:00:00 AM,8748385.6
2023,10/11/2022 12:00:00 AM,19766118.4
2023,03/26/2023 12:00:00 AM,53339.17
2021,07/13/2020 12:00:00 AM,7849059.41
2019,03/21/2019 12:00:00 AM,2255239.65
2023,12/21/2022 12:00:00 AM,4476749.27
2024,07/28/2023 12:00:00 AM,3901160.54
2019,01/09/2019 12:00:00 AM,1921537.13
2022,06/23/2022 12:00:00 AM,6995503.18
2019,09/27/2018 12:00:00 AM,8272857.03
2016,09/18/2015 12:00:00 AM,3347846.22
2018,10/07/2017 12:00:00 AM,169561.56
2019,06/25/2019 12:00:00 AM,42098981.57
2019,01/14/2019 12:00:00 AM,5561321.39
2015,10/31/2014 12:00:00 AM,3141567.82
2018,10/11/2017 12:00:00 AM,2370930.85
2018,03/19/2018 12:00:00 AM,2342066.07
2023,08/09/2022 12:00:00 AM,2082649.14
2017,10/20/2016 12:00:00 AM,689750.26
2019,07/23/2018 12:00:00 AM,1567108.34
2023,11/19/2022 12:00:00 AM,89672.65
2019,07/05/2018 12:00:00 AM,-5621.8
2016,06/16/2016 12:00:00 AM,5102846.93
2015,11/19/2014 12:00:00 AM,1617926.3
2018,09/13/2017 12:00:00 AM,833319.2
2015,03/31/2015 12:00:00 AM,2718391.63
2017,01/22/2017 12:00:00 AM,169907.38
2021,12/04/2020 12:00:00 AM,1240934.38
2024,02/13/2024 12:00:00 AM,24152899.69
2023,02/13/2023 12:00:00 AM,125755.3
2019,01/10/2019 12:00:00 AM,185027.18
2017,11/09/2016 12:00:00 AM,582469.1
2019,03/27/2019 12:00:00 AM,3162375.11
2021,05/12/2021 12:00:00 AM,911582.79
2024,12/12/2023 12:00:00 AM,1923207.29
2020,06/03/2020 12:00:00 AM,1624089.44
2021,05/13/2021 12:00:00 AM,968129.08
2016,09/09/2015 12:00:00 AM,2496520.31
2019,11/24/2018 12:00:00 AM,267988.22
2021,12/16/2020 12:00:00 AM,1117863.71
2021,03/08/2021 12:00:00 AM,2270816.77
2024,11/30/2023 12:00:00 AM,4369667.73
2019,06/08/2019 12:00:00 AM,13678.57
2017,05/02/2017 12:00:00 AM,22846762.68
2016,11/04/2015 12:00:00 AM,2962374.71
2016,10/01/2015 12:00:00 AM,5503717.56
2021,11/28/2020 12:00:00 AM,0
2023,10/05/2022 12:00:00 AM,8781003.77
2019,03/11/2019 12:00:00 AM,9225850.36
2023,04/05/2023 12:00:00 AM,4083884.83
2016,11/02/2015 12:00:00 AM,1810519.82
2021,06/08/2021 12:00:00 AM,22183944.36
2022,08/08/2021 12:00:00 AM,2841444.21
2017,11/21/2016 12:00:00 AM,3919164.54
2019,01/11/2019 12:00:00 AM,5485331.69
2024,10/21/2023 12:00:00 AM,401482.31
2023,08/26/2022 12:00:00 AM,1006035.46
2015,05/04/2015 12:00:00 AM,949445.88
2020,02/22/2020 12:00:00 AM,823547.41
2022,08/31/2021 12:00:00 AM,35463854.41
2021,01/06/2021 12:00:00 AM,1705971.35
2023,03/14/2023 12:00:00 AM,23021887.62
2020,05/11/2020 12:00:00 AM,1022613.56
2016,10/08/2015 12:00:00 AM,2370867.03
2024,05/02/2024 12:00:00 AM,5898793.93
2016,03/13/2016 12:00:00 AM,2769821.64
2016,08/14/2015 12:00:00 AM,199581.79
2022,05/27/2022 12:00:00 AM,1480824.34
2021,11/11/2020 12:00:00 AM,251152.08
2017,03/16/2017 12:00:00 AM,2178205.31
2016,09/10/2015 12:00:00 AM,947814.97
2017,04/12/2017 12:00:00 AM,1442467.83
2020,07/03/2019 12:00:00 AM,-719.63
2015,09/07/2014 12:00:00 AM,485214.56
2017,07/05/2016 12:00:00 AM,654413
2022,11/30/2021 12:00:00 AM,66330222.4
2020,03/02/2020 12:00:00 AM,6743802.92
2016,11/20/2015 12:00:00 AM,2433262.4
2015,07/10/2014 12:00:00 AM,-11308430.86
2022,09/29/2021 12:00:00 AM,2041793.06
2016,02/14/2016 12:00:00 AM,2603931.53
2015,12/03/2014 12:00:00 AM,9113426.95
2024,07/17/2023 12:00:00 AM,4308919.17
2022,01/03/2022 12:00:00 AM,900419.14
2019,08/02/2018 12:00:00 AM,1125356.04
2022,04/06/2022 12:00:00 AM,4686504.29
2017,06/20/2017 12:00:00 AM,2463599.33
2024,07/27/2023 12:00:00 AM,2183972.47
2017,01/03/2017 12:00:00 AM,6303209.34
2018,07/29/2017 12:00:00 AM,93551.19
2020,12/08/2019 12:00:00 AM,3258446.7
2023,12/11/2022 12:00:00 AM,2803265.25
2016,05/12/2016 12:00:00 AM,2032885.35
2017,07/07/2016 12:00:00 AM,290856.25
2018,04/21/2018 12:00:00 AM,179361.7
2016,10/13/2015 12:00:00 AM,7289565.72
2016,06/21/2016 12:00:00 AM,3983584.1
2022,06/01/2022 12:00:00 AM,1965436.24
2018,11/03/2017 12:00:00 AM,1659431.36
2018,04/22/2018 12:00:00 AM,-117.01
2022,03/01/2022 12:00:00 AM,17542775.57
2015,11/18/2014 12:00:00 AM,26558677.85
2017,03/20/2017 12:00:00 AM,1351499.65
2017,08/29/2016 12:00:00 AM,570314.15
2016,07/16/2015 12:00:00 AM,6523584.43
2024,10/24/2023 12:00:00 AM,36035886.58
2019,04/10/2019 12:00:00 AM,13755840.41
2017,12/27/2016 12:00:00 AM,26192958.69
2015,05/10/2015 12:00:00 AM,3440814.6
2017,09/06/2016 12:00:00 AM,14064229.6
2022,02/07/2022 12:00:00 AM,2861775.32
2023,05/10/2023 12:00:00 AM,4572678.8
2018,09/01/2017 12:00:00 AM,1019877.61
2017,01/16/2017 12:00:00 AM,21402
2023,09/26/2022 12:00:00 AM,1538463.95
2018,05/31/2018 12:00:00 AM,9733610.7
2021,08/01/2020 12:00:00 AM,10727.27
2021,03/03/2021 12:00:00 AM,2328205.1
2016,01/14/2016 12:00:00 AM,18581923.59
2016,09/24/2015 12:00:00 AM,889319.83
2015,03/13/2015 12:00:00 AM,749272.47
2023,05/27/2023 12:00:00 AM,8002.2
2024,12/19/2023 12:00:00 AM,37369823.38
2019,02/13/2019 12:00:00 AM,1729796.29
2016,10/23/2015 12:00:00 AM,1924011.65
2016,09/21/2015 12:00:00 AM,1969863.82
2022,02/08/2022 12:00:00 AM,4544312.96
2017,06/23/2017 12:00:00 AM,108680.13
2017,11/07/2016 12:00:00 AM,2316948.83
2015,03/27/2015 12:00:00 AM,-251284.97
2021,10/15/2020 12:00:00 AM,1422868.2
2018,01/20/2018 12:00:00 AM,32196.89
2024,04/09/2024 12:00:00 AM,25965498.96
2024,10/03/2023 12:00:00 AM,4066834.96
2025,07/11/2024 12:00:00 AM,13628301.63
2021,09/18/2020 12:00:00 AM,2865252.73
2018,01/13/2018 12:00:00 AM,517461.39
2023,10/03/2022 12:00:00 AM,1303267.08
2021,09/28/2020 12:00:00 AM,2258421.21
2017,07/19/2016 12:00:00 AM,2597385.6
2023,05/15/2023 12:00:00 AM,1995650.94
2017,11/20/2016 12:00:00 AM,194410.72
2019,08/14/2018 12:00:00 AM,1782212.56
2016,02/10/2016 12:00:00 AM,1286005.23
2016,05/26/2016 12:00:00 AM,1145413
2015,12/05/2014 12:00:00 AM,-3046701.81
2018,11/14/2017 12:00:00 AM,16626615.23
2019,12/17/2018 12:00:00 AM,2651458.46
2020,11/30/2019 12:00:00 AM,2158.83
2018,05/03/2018 12:00:00 AM,3842913.51
2023,07/14/2022 12:00:00 AM,16789869.03
2022,08/06/2021 12:00:00 AM,576851.4
2024,06/09/2024 12:00:00 AM,3660735.76
2020,02/14/2020 12:00:00 AM,756485.2
2017,06/02/2017 12:00:00 AM,441922.76
2023,04/15/2023 12:00:00 AM,244827.25
2023,03/04/2023 12:00:00 AM,710881.43
2015,02/02/2015 12:00:00 AM,2947716.39
2018,09/10/2017 12:00:00 AM,2630434.92
2023,06/13/2023 12:00:00 AM,5669312.96
2022,02/15/2022 12:00:00 AM,31888364.86
2021,03/29/2021 12:00:00 AM,2320701.34
2017,04/19/2017 12:00:00 AM,1679090.2
2016,12/15/2015 12:00:00 AM,15163981.4
2016,07/14/2015 12:00:00 AM,15662705.3
2024,03/28/2024 12:00:00 AM,596676
2024,07/31/2023 12:00:00 AM,5525730.34
2021,08/28/2020 12:00:00 AM,1163745.39
2018,03/24/2018 12:00:00 AM,41098.58
2015,06/19/2015 12:00:00 AM,3586458.64
2019,10/03/2018 12:00:00 AM,1423832.95
2022,08/23/2021 12:00:00 AM,2498336.05
2021,03/12/2021 12:00:00 AM,1124919.6
2024,12/03/2023 12:00:00 AM,17000
2021,06/23/2021 12:00:00 AM,17264815.74
2022,12/14/2021 12:00:00 AM,1654952.32
2021,03/01/2021 12:00:00 AM,1625815.27
2015,07/13/2014 12:00:00 AM,2407910.5
2017,04/29/2017 12:00:00 AM,640164.71
2020,01/06/2020 12:00:00 AM,2518905.46
2015,12/30/2014 12:00:00 AM,28582281.74
2019,02/10/2019 12:00:00 AM,3211190.74
2023,12/27/2022 12:00:00 AM,1801551.4
2024,08/25/2023 12:00:00 AM,2317859.99
2015,02/08/2015 12:00:00 AM,4194436.99
2022,04/10/2022 12:00:00 AM,3078285.26
2022,05/09/2022 12:00:00 AM,3615525.72
2020,05/21/2020 12:00:00 AM,1176011.78
2023,10/20/2022 12:00:00 AM,17159862.46
2020,10/22/2019 12:00:00 AM,2290188.16
2018,10/18/2017 12:00:00 AM,1789931.9
2022,06/14/2022 12:00:00 AM,3000852.29
2023,02/25/2023 12:00:00 AM,67269.76
2017,03/18/2017 12:00:00 AM,1223407.41
2023,04/09/2023 12:00:00 AM,3321381.18
2022,11/12/2021 12:00:00 AM,914134.44
2017,06/03/2017 12:00:00 AM,709298.15
2022,09/16/2021 12:00:00 AM,4865729.06
2018,01/17/2018 12:00:00 AM,2054159.01
2015,07/18/2014 12:00:00 AM,1530615.52
2020,05/03/2020 12:00:00 AM,6151.65
2016,07/19/2015 12:00:00 AM,456626.56
2018,09/14/2017 12:00:00 AM,2449280.16
2020,04/21/2020 12:00:00 AM,1499847.94
2020,07/14/2019 12:00:00 AM,2948418.68
2019,10/22/2018 12:00:00 AM,1001870.19
2022,04/05/2022 12:00:00 AM,10199149.97
2019,09/06/2018 12:00:00 AM,1843017.86
2023,06/08/2023 12:00:00 AM,3450179.9
2022,11/03/2021 12:00:00 AM,1294870.75
2018,03/04/2018 12:00:00 AM,43771.5
2021,07/18/2020 12:00:00 AM,33219.64
2020,04/30/2020 12:00:00 AM,8745070.2
2016,03/14/2016 12:00:00 AM,1317495.9
2019,10/13/2018 12:00:00 AM,440105.2
2021,06/30/2021 12:00:00 AM,10875655.96
2016,03/30/2016 12:00:00 AM,1363651.1
2021,06/29/2021 12:00:00 AM,156697.02
2023,05/09/2023 12:00:00 AM,24656118.83
2019,03/16/2019 12:00:00 AM,1257168.08
2023,07/29/2022 12:00:00 AM,1512450
2024,12/27/2023 12:00:00 AM,1045967.2
2023,01/03/2023 12:00:00 AM,17995395.41
2024,01/14/2024 12:00:00 AM,4561444.81
2019,05/15/2019 12:00:00 AM,1578997.63
2017,09/07/2016 12:00:00 AM,7532463.07
2018,12/20/2017 12:00:00 AM,7273285.12
2015,06/23/2015 12:00:00 AM,12688276.65
2017,12/01/2016 12:00:00 AM,6586613.29
2020,03/11/2020 12:00:00 AM,2342210.67
2024,09/12/2023 12:00:00 AM,23242682.14
2024,08/30/2023 12:00:00 AM,4057877.99
2021,09/12/2020 12:00:00 AM,459058.51
2017,01/18/2017 12:00:00 AM,2127254.86
2023,03/22/2023 12:00:00 AM,3634384
2020,05/08/2020 12:00:00 AM,5158761.6
2023,05/08/2023 12:00:00 AM,1438762.14
2018,03/22/2018 12:00:00 AM,2667775.52
2017,04/18/2017 12:00:00 AM,26908155.91
2018,08/28/2017 12:00:00 AM,989620.71
2022,01/27/2022 12:00:00 AM,10132488.51
2016,03/11/2016 12:00:00 AM,1310313.83
2021,05/04/2021 12:00:00 AM,2080450.8
2024,04/08/2024 12:00:00 AM,803827.26
2023,06/30/2023 12:00:00 AM,-18981167.51
2020,12/24/2019 12:00:00 AM,30228670.43
2023,07/22/2022 12:00:00 AM,-18390008
2019,07/03/2018 12:00:00 AM,-462.36
2020,02/19/2020 12:00:00 AM,2399138.46
2018,03/02/2018 12:00:00 AM,1314621.5
2018,02/08/2018 12:00:00 AM,4949323.19
2015,04/26/2015 12:00:00 AM,669906.94
2018,06/24/2018 12:00:00 AM,0
2023,08/03/2022 12:00:00 AM,1900749.16
2024,10/07/2023 12:00:00 AM,1704.95
2022,09/07/2021 12:00:00 AM,888767.67
2023,08/20/2022 12:00:00 AM,89973
2021,08/26/2020 12:00:00 AM,782977.16
2015,08/20/2014 12:00:00 AM,7958891.39
2018,01/02/2018 12:00:00 AM,804261.36
2023,05/12/2023 12:00:00 AM,2737398.62
2018,05/08/2018 12:00:00 AM,8463893.5
2024,07/09/2023 12:00:00 AM,2837187.41
2023,08/06/2022 12:00:00 AM,149759.4
2019,10/31/2018 12:00:00 AM,24697050.38
2017,06/04/2017 12:00:00 AM,21400
2018,12/08/2017 12:00:00 AM,6059804.24
2021,06/11/2021 12:00:00 AM,1981899.36
2016,02/12/2016 12:00:00 AM,2805249.97
2022,04/27/2022 12:00:00 AM,2753351.75
2024,04/30/2024 12:00:00 AM,4321180.11
2021,10/25/2020 12:00:00 AM,3957.41
2023,08/04/2022 12:00:00 AM,4357171.11
2021,04/16/2021 12:00:00 AM,1848650.72
2016,09/06/2015 12:00:00 AM,698886.77
2018,01/23/2018 12:00:00 AM,30595770.28
2019,04/29/2019 12:00:00 AM,1669255
2015,07/25/2014 12:00:00 AM,415835.08
2021,04/14/2021 12:00:00 AM,3350685.56
2024,12/06/2023 12:00:00 AM,4978125.68
2025,07/03/2024 12:00:00 AM,475.87
2016,06/24/2016 12:00:00 AM,410327.27
2016,02/11/2016 12:00:00 AM,1420180.61
2018,06/01/2018 12:00:00 AM,5521754.63
2019,09/12/2018 12:00:00 AM,4369067.16
2018,04/25/2018 12:00:00 AM,1650069.98
2023,10/27/2022 12:00:00 AM,4580845.06
2018,02/14/2018 12:00:00 AM,402264.04
2024,08/13/2023 12:00:00 AM,3989633.72
2015,07/31/2014 12:00:00 AM,4011502.32
2019,10/29/2018 12:00:00 AM,2609510.33
2024,08/31/2023 12:00:00 AM,5523619.62
2017,08/01/2016 12:00:00 AM,5190010.33
2015,01/13/2015 12:00:00 AM,22035276.21
2024,12/07/2023 12:00:00 AM,1276579.43
2016,04/19/2016 12:00:00 AM,25855247.89
2020,02/27/2020 12:00:00 AM,4126406.84
2018,05/17/2018 12:00:00 AM,4870254.13
2023,04/27/2023 12:00:00 AM,3187450.96
2018,02/13/2018 12:00:00 AM,1367377.25
2018,03/16/2018 12:00:00 AM,1208150.03
2019,07/20/2018 12:00:00 AM,2925479.92
2018,09/06/2017 12:00:00 AM,1309534.26
2021,03/18/2021 12:00:00 AM,1162478.41
2024,01/16/2024 12:00:00 AM,24049126.19
2016,05/05/2016 12:00:00 AM,1351103.74
2018,01/22/2018 12:00:00 AM,2334630.66
2024,04/19/2024 12:00:00 AM,2248614.58
2016,02/16/2016 12:00:00 AM,2139134.38
2022,01/01/2022 12:00:00 AM,1875
2023,06/28/2023 12:00:00 AM,2016.8
2022,10/28/2021 12:00:00 AM,4085851.81
2021,03/30/2021 12:00:00 AM,34447924.1
2020,02/23/2020 12:00:00 AM,-16803.97
2015,02/03/2015 12:00:00 AM,2880581.33
2020,04/29/2020 12:00:00 AM,1193115.78
2023,11/05/2022 12:00:00 AM,239297.16
2022,03/08/2022 12:00:00 AM,1410073.55
2016,11/18/2015 12:00:00 AM,13789571.07
2022,07/29/2021 12:00:00 AM,8911599.28
2020,04/14/2020 12:00:00 AM,16574996.38
2016,01/15/2016 12:00:00 AM,1891075.47
2019,11/12/2018 12:00:00 AM,10208.41
2022,07/13/2021 12:00:00 AM,2971.73
2015,07/15/2014 12:00:00 AM,14617489.95
2017,10/26/2016 12:00:00 AM,824606.26
2018,05/02/2018 12:00:00 AM,5969843.77
2016,08/27/2015 12:00:00 AM,1330550.38
2015,06/15/2015 12:00:00 AM,2787723.74
2018,06/06/2018 12:00:00 AM,5180016.69
2020,12/01/2019 12:00:00 AM,-172
2023,03/02/2023 12:00:00 AM,1910107.83
2019,08/27/2018 12:00:00 AM,472224.52
2015,09/05/2014 12:00:00 AM,336317.51
2015,02/20/2015 12:00:00 AM,983300.7
2023,03/13/2023 12:00:00 AM,1917141.31
2021,07/12/2020 12:00:00 AM,3648517.79
2022,02/03/2022 12:00:00 AM,953623.12
2024,09/10/2023 12:00:00 AM,3788130.04
2020,06/02/2020 12:00:00 AM,4196793.45
2018,08/19/2017 12:00:00 AM,23690.32
2022,04/26/2022 12:00:00 AM,30625987.37
2021,05/03/2021 12:00:00 AM,1877654.45
2023,11/28/2022 12:00:00 AM,2579053.82
2019,04/27/2019 12:00:00 AM,289148.31
2020,04/24/2020 12:00:00 AM,3164763.11
2019,07/27/2018 12:00:00 AM,618633.56
2023,03/27/2023 12:00:00 AM,1433657.31
2020,08/07/2019 12:00:00 AM,1070654.87
2019,01/17/2019 12:00:00 AM,1372199.73
2023,03/18/2023 12:00:00 AM,103362.39
2021,06/16/2021 12:00:00 AM,2627936.55
2022,08/01/2021 12:00:00 AM,2655
2019,09/18/2018 12:00:00 AM,32259349.75
2021,01/28/2021 12:00:00 AM,-2144800.44
2020,03/26/2020 12:00:00 AM,1512894.12
2020,10/04/2019 12:00:00 AM,2238229.32
2018,08/24/2017 12:00:00 AM,4140532.12
2015,09/28/2014 12:00:00 AM,1109127.32
2023,06/09/2023 12:00:00 AM,10363908.88
2017,02/03/2017 12:00:00 AM,5648813.63
2019,12/04/2018 12:00:00 AM,4970488.27
2024,10/06/2023 12:00:00 AM,2083591.06
2015,12/18/2014 12:00:00 AM,2249780.62
2019,12/13/2018 12:00:00 AM,2893052.4
2019,02/06/2019 12:00:00 AM,1450499.23
2015,04/12/2015 12:00:00 AM,2916734.03
2015,03/25/2015 12:00:00 AM,7329254.42
2021,07/15/2020 12:00:00 AM,11174987.41
2018,09/19/2017 12:00:00 AM,26812679.45
2018,02/24/2018 12:00:00 AM,189
2018,05/27/2018 12:00:00 AM,0
2015,07/02/2014 12:00:00 AM,567518.3
2016,01/29/2016 12:00:00 AM,2070056.01
2021,04/28/2021 12:00:00 AM,880334.86
2018,01/05/2018 12:00:00 AM,2864752.56
2022,05/06/2022 12:00:00 AM,14379565.36
2016,05/16/2016 12:00:00 AM,1387600.62
2021,12/12/2020 12:00:00 AM,131910.2
2019,06/20/2019 12:00:00 AM,2357724.33
2024,02/16/2024 12:00:00 AM,3156461.68
2024,11/21/2023 12:00:00 AM,90750994.6
2024,09/18/2023 12:00:00 AM,3372273.84
2019,11/02/2018 12:00:00 AM,5427936.78
2023,05/19/2023 12:00:00 AM,1430685.82
2023,01/31/2023 12:00:00 AM,38316582.58
2020,03/31/2020 12:00:00 AM,32299679.32
2022,05/08/2022 12:00:00 AM,3403651.21
2019,02/20/2019 12:00:00 AM,8194530.08
2021,07/09/2020 12:00:00 AM,3444135.88
2021,11/07/2020 12:00:00 AM,6745.99
2021,11/19/2020 12:00:00 AM,13613651.36
2019,09/01/2018 12:00:00 AM,6329.9
2017,03/31/2017 12:00:00 AM,-711377.47
2021,12/10/2020 12:00:00 AM,9531155.98
2017,06/26/2017 12:00:00 AM,1500719.04
2020,07/25/2019 12:00:00 AM,2413787.9
2016,12/16/2015 12:00:00 AM,7450084.88
2015,06/21/2015 12:00:00 AM,270124
2023,12/08/2022 12:00:00 AM,4048881.11
2023,08/14/2022 12:00:00 AM,2884100.66
2020,01/04/2020 12:00:00 AM,5400
2023,09/09/2022 12:00:00 AM,13928770.37
2022,07/15/2021 12:00:00 AM,12672017.74
2024,12/08/2023 12:00:00 AM,1709515.67
2020,11/09/2019 12:00:00 AM,669406.6
2018,12/06/2017 12:00:00 AM,1293930.47
2017,09/16/2016 12:00:00 AM,10025883.22
2019,07/08/2018 12:00:00 AM,2658870.88
2024,08/28/2023 12:00:00 AM,871047.59
2016,03/23/2016 12:00:00 AM,5495326.23
2021,11/26/2020 12:00:00 AM,5227.13
2023,09/16/2022 12:00:00 AM,2005290.22
2023,02/12/2023 12:00:00 AM,3254542.3
2023,06/02/2023 12:00:00 AM,2110451.07
2024,04/26/2024 12:00:00 AM,1178007.85
2019,01/08/2019 12:00:00 AM,16519529.48
2017,03/10/2017 12:00:00 AM,4573180.41
2021,06/15/2021 12:00:00 AM,14331632.94
2023,06/07/2023 12:00:00 AM,3098338.97
2019,07/02/2018 12:00:00 AM,35053.62
2018,06/26/2018 12:00:00 AM,38412562.1
2019,06/27/2019 12:00:00 AM,682286.54
2021,05/22/2021 12:00:00 AM,661954.96
2021,08/07/2020 12:00:00 AM,3994389.74
2019,02/28/2019 12:00:00 AM,1393908.82
2017,01/30/2017 12:00:00 AM,1721912.83
2020,01/27/2020 12:00:00 AM,4032422.64
2021,04/09/2021 12:00:00 AM,4785935.47
2021,08/20/2020 12:00:00 AM,1695984.53
2015,02/12/2015 12:00:00 AM,8334089.6
2016,03/22/2016 12:00:00 AM,25123851.71
2015,02/27/2015 12:00:00 AM,1044664.04
2019,04/13/2019 12:00:00 AM,785903.47
2023,02/07/2023 12:00:00 AM,7032640.03
2017,02/20/2017 12:00:00 AM,-150590.82
2017,06/09/2017 12:00:00 AM,2937289.72
2021,08/12/2020 12:00:00 AM,1158024.41
2023,08/30/2022 12:00:00 AM,34754484.68
2017,03/12/2017 12:00:00 AM,2171759.42
2017,12/08/2016 12:00:00 AM,1529273.81
2022,09/08/2021 12:00:00 AM,1924984.81
2017,06/30/2017 12:00:00 AM,-7961602
2019,12/12/2018 12:00:00 AM,3109295.19
2017,01/23/2017 12:00:00 AM,1657105.52
2020,04/16/2020 12:00:00 AM,1387808.96
2018,10/19/2017 12:00:00 AM,8801221.94
2019,09/25/2018 12:00:00 AM,1996072.99
2024,06/25/2024 12:00:00 AM,569202.24
2021,06/22/2021 12:00:00 AM,32139120.71
2017,04/04/2017 12:00:00 AM,15772138.67
2021,08/06/2020 12:00:00 AM,6039149.58
2015,03/22/2015 12:00:00 AM,1384409.14
2021,11/17/2020 12:00:00 AM,1256518.54
2019,11/05/2018 12:00:00 AM,6255075.44
2020,06/10/2020 12:00:00 AM,1940962.69
2021,08/05/2020 12:00:00 AM,1538276.43
2020,07/18/2019 12:00:00 AM,9721791.71
2017,08/14/2016 12:00:00 AM,2694256.79
2019,11/21/2018 12:00:00 AM,19257061.48
2020,02/20/2020 12:00:00 AM,2903872.24
2022,01/09/2022 12:00:00 AM,3070255.95
2022,03/17/2022 12:00:00 AM,1991524.14
2017,10/05/2016 12:00:00 AM,9932163.15
2020,05/13/2020 12:00:00 AM,1061931.05
2017,07/20/2016 12:00:00 AM,5195990.46
2019,02/19/2019 12:00:00 AM,30730278.14
2020,12/30/2019 12:00:00 AM,859332.49
2015,02/18/2015 12:00:00 AM,4645903.36
2023,12/30/2022 12:00:00 AM,-10662398.47
2021,04/06/2021 12:00:00 AM,1412077.95
2015,09/09/2014 12:00:00 AM,14801158.42
2021,07/07/2020 12:00:00 AM,15329633.43
2017,10/12/2016 12:00:00 AM,3855977.95
2022,11/29/2021 12:00:00 AM,1175060.26
2022,10/14/2021 12:00:00 AM,2794643.27
2017,12/23/2016 12:00:00 AM,735122.4
2022,10/09/2021 12:00:00 AM,725
2022,10/11/2021 12:00:00 AM,1257889.85
2024,10/23/2023 12:00:00 AM,577105.52
2016,07/15/2015 12:00:00 AM,4180108.46
2018,08/18/2017 12:00:00 AM,622734.65
2015,06/01/2015 12:00:00 AM,5844435
2020,01/12/2020 12:00:00 AM,3282403.97
2022,03/18/2022 12:00:00 AM,1187759.27
2016,01/06/2016 12:00:00 AM,4196191.85
2015,04/10/2015 12:00:00 AM,570736.85
2023,05/30/2023 12:00:00 AM,1657955.19
2024,06/28/2024 12:00:00 AM,616090.74
2019,04/06/2019 12:00:00 AM,45135.04
2016,11/23/2015 12:00:00 AM,3075345.32
2016,04/05/2016 12:00:00 AM,41437407.8
2019,11/19/2018 12:00:00 AM,1737292
2019,01/24/2019 12:00:00 AM,2025119.32
2019,09/10/2018 12:00:00 AM,5424274.5
2021,04/22/2021 12:00:00 AM,4544284.27
2015,01/29/2015 12:00:00 AM,2680340.96
2024,09/06/2023 12:00:00 AM,2927623.06
2023,02/18/2023 12:00:00 AM,129620.36
2017,06/01/2017 12:00:00 AM,3174852.4
2020,06/16/2020 12:00:00 AM,2562836.7
2022,05/10/2022 12:00:00 AM,18426826.4
2015,06/29/2015 12:00:00 AM,-203992.45
2023,10/29/2022 12:00:00 AM,209500.4
2017,08/15/2016 12:00:00 AM,1737393.19
2015,04/08/2015 12:00:00 AM,915540.31
2022,04/25/2022 12:00:00 AM,835250.94
2024,10/02/2023 12:00:00 AM,748525.93
2016,01/27/2016 12:00:00 AM,3640142.39
2015,01/28/2015 12:00:00 AM,2596853.93
2016,01/10/2016 12:00:00 AM,3354101.72
2020,01/25/2020 12:00:00 AM,47874.02
2023,09/28/2022 12:00:00 AM,1507319.14
2021,05/10/2021 12:00:00 AM,2234264.36
2016,07/10/2015 12:00:00 AM,662349.5
2022,08/17/2021 12:00:00 AM,22428404.88
2018,05/15/2018 12:00:00 AM,18709566.8
2020,09/11/2019 12:00:00 AM,2184256.07
2019,05/09/2019 12:00:00 AM,1881342.48
2021,10/03/2020 12:00:00 AM,157005.46
2020,09/20/2019 12:00:00 AM,849964.3
2021,07/14/2020 12:00:00 AM,4171326.38
2020,01/30/2020 12:00:00 AM,1584895.68
2018,06/28/2018 12:00:00 AM,-632559.68
2020,11/18/2019 12:00:00 AM,9892176.13
2017,02/28/2017 12:00:00 AM,2788525.59
2016,05/01/2016 12:00:00 AM,300
2023,03/17/2023 12:00:00 AM,1148728.91
2022,12/07/2021 12:00:00 AM,21260431.13
2017,12/12/2016 12:00:00 AM,12116731.92
2018,07/05/2017 12:00:00 AM,-36234
2019,07/21/2018 12:00:00 AM,14755.4
2019,10/08/2018 12:00:00 AM,1924575.25
2018,03/17/2018 12:00:00 AM,208522.53
2019,05/22/2019 12:00:00 AM,8703184.5
2020,07/17/2019 12:00:00 AM,3964436.02
2015,01/07/2015 12:00:00 AM,5745787.82
2018,01/11/2018 12:00:00 AM,1658019.47
2024,07/26/2023 12:00:00 AM,4777089.63
2016,08/16/2015 12:00:00 AM,2199974.12
2023,03/30/2023 12:00:00 AM,2831437.35
2017,04/06/2017 12:00:00 AM,6611220.26
2022,10/04/2021 12:00:00 AM,16169328.99
2015,02/19/2015 12:00:00 AM,2972804.81
2023,07/28/2022 12:00:00 AM,3899124.56
2023,10/31/2022 12:00:00 AM,15489857.06
2019,06/30/2019 12:00:00 AM,0
2024,03/02/2024 12:00:00 AM,4433.01
2020,05/28/2020 12:00:00 AM,2644997.6
2021,11/30/2020 12:00:00 AM,66980057.4
2019,02/18/2019 12:00:00 AM,132709.95
2024,08/19/2023 12:00:00 AM,7483.61
2021,10/29/2020 12:00:00 AM,9688047.04
2016,08/09/2015 12:00:00 AM,3097619.28
2023,04/12/2023 12:00:00 AM,3715936.62
2015,11/05/2014 12:00:00 AM,2754436.57
2022,01/05/2022 12:00:00 AM,3922323.3
2017,08/30/2016 12:00:00 AM,1154350.38
2022,01/31/2022 12:00:00 AM,11040750.99
2015,03/29/2015 12:00:00 AM,717605.1
2023,09/01/2022 12:00:00 AM,1414658.71
2015,04/19/2015 12:00:00 AM,1072282.79
2020,02/26/2020 12:00:00 AM,2012651.81
2018,10/24/2017 12:00:00 AM,930724.14
2019,03/10/2019 12:00:00 AM,2385846.58
2020,09/10/2019 12:00:00 AM,7661817.87
2016,09/25/2015 12:00:00 AM,2353017.48
2024,01/29/2024 12:00:00 AM,6066693.54
2017,07/13/2016 12:00:00 AM,2963961.83
2022,07/09/2021 12:00:00 AM,-1431.5
2017,10/14/2016 12:00:00 AM,5739697.56
2021,02/11/2021 12:00:00 AM,1058543.08
2020,08/10/2019 12:00:00 AM,144707.96
2016,11/25/2015 12:00:00 AM,11322785.5
2023,12/03/2022 12:00:00 AM,286.94
2023,04/08/2023 12:00:00 AM,71104.4
2020,11/08/2019 12:00:00 AM,3136547.49
2024,09/05/2023 12:00:00 AM,5817754.7
2024,08/06/2023 12:00:00 AM,1535.32
2018,03/15/2018 12:00:00 AM,2734732.36
2021,03/14/2021 12:00:00 AM,2583706.89
2024,06/17/2024 12:00:00 AM,69299.17
2017,06/22/2017 12:00:00 AM,9552640.8
2018,05/09/2018 12:00:00 AM,1034552.76
2017,10/09/2016 12:00:00 AM,1893291.67
2021,08/31/2020 12:00:00 AM,7870729.31
2024,04/29/2024 12:00:00 AM,1144447.29
2018,04/19/2018 12:00:00 AM,1468011.41
2016,05/31/2016 12:00:00 AM,34644060
2018,01/16/2018 12:00:00 AM,3319766.41
2024,01/10/2024 12:00:00 AM,2916399.02
2023,07/20/2022 12:00:00 AM,3873263.15
2020,03/04/2020 12:00:00 AM,5475142.11
2024,01/18/2024 12:00:00 AM,5775147.89
2022,03/15/2022 12:00:00 AM,17177332.49
2016,03/25/2016 12:00:00 AM,798158.62
2024,09/07/2023 12:00:00 AM,2633439.34
2020,10/29/2019 12:00:00 AM,32936793.86
2020,03/20/2020 12:00:00 AM,889557.11
2019,06/10/2019 12:00:00 AM,891305.54
2021,06/14/2021 12:00:00 AM,1849154.14
2024,08/02/2023 12:00:00 AM,2957274.91
2020,09/08/2019 12:00:00 AM,3150447.14
2016,10/30/2015 12:00:00 AM,2313203.58
2024,03/21/2024 12:00:00 AM,1824620.28
2021,11/16/2020 12:00:00 AM,-40310.43
2022,02/14/2022 12:00:00 AM,667228.73
2022,11/09/2021 12:00:00 AM,32319268.28
2016,07/06/2015 12:00:00 AM,-2513.96
2020,04/13/2020 12:00:00 AM,7446489.7
2024,06/10/2024 12:00:00 AM,6263385.45
2018,03/06/2018 12:00:00 AM,25742968.11
2016,02/03/2016 12:00:00 AM,5331484.83
2024,11/11/2023 12:00:00 AM,291615.95
2016,12/21/2015 12:00:00 AM,1072223.19
2018,06/18/2018 12:00:00 AM,2793887.04
2024,01/30/2024 12:00:00 AM,40863866.98
2015,06/11/2015 12:00:00 AM,11276461.73
2022,06/29/2022 12:00:00 AM,48626.95
2023,01/13/2023 12:00:00 AM,19580077.46
2017,01/26/2017 12:00:00 AM,1720069.5
2016,08/11/2015 12:00:00 AM,14609022.77
2023,04/04/2023 12:00:00 AM,5340625.8
2019,06/24/2019 12:00:00 AM,155357.88
2017,03/25/2017 12:00:00 AM,353633.59
2024,07/12/2023 12:00:00 AM,3823731.22
2020,04/17/2020 12:00:00 AM,2795836.64
2015,07/24/2014 12:00:00 AM,1768011.16
2024,10/13/2023 12:00:00 AM,1227282.44
2018,08/30/2017 12:00:00 AM,2561684.45
2015,05/06/2015 12:00:00 AM,1633462.2
2016,02/08/2016 12:00:00 AM,3097516.71
2022,05/11/2022 12:00:00 AM,1653013.72
2015,01/11/2015 12:00:00 AM,4318997.69
2023,01/19/2023 12:00:00 AM,2412625.7
2015,04/17/2015 12:00:00 AM,201583.29
2023,10/21/2022 12:00:00 AM,2792480.39
2022,12/31/2021 12:00:00 AM,-190731.71
2016,08/17/2015 12:00:00 AM,1088463.97
2020,06/08/2020 12:00:00 AM,4327906.66
2023,07/31/2022 12:00:00 AM,4837513.17
2022,12/03/2021 12:00:00 AM,7357943.9
2019,07/17/2018 12:00:00 AM,1846937
2017,03/21/2017 12:00:00 AM,27177046.49
2020,10/14/2019 12:00:00 AM,9983175.31
2017,12/29/2016 12:00:00 AM,1047131.11
2018,11/12/2017 12:00:00 AM,2994093.68
2021,11/08/2020 12:00:00 AM,2819978.83
2017,04/10/2017 12:00:00 AM,753183.84
2022,09/28/2021 12:00:00 AM,32654235.36
2019,06/04/2019 12:00:00 AM,3637031.03
2021,03/16/2021 12:00:00 AM,19000630.68
2017,03/30/2017 12:00:00 AM,290425.09
2015,02/22/2015 12:00:00 AM,1027045.83
2022,05/24/2022 12:00:00 AM,32130036.75
2024,12/30/2023 12:00:00 AM,118968.77
2016,04/11/2016 12:00:00 AM,1675924.85
2015,03/30/2015 12:00:00 AM,1725773.53
2022,09/23/2021 12:00:00 AM,1745700.81
2017,08/28/2016 12:00:00 AM,-49483.46
2021,12/14/2020 12:00:00 AM,1604386.62
2017,02/14/2017 12:00:00 AM,880363.57
2020,11/15/2019 12:00:00 AM,798276.41
2022,05/13/2022 12:00:00 AM,1148974.55
2023,05/02/2023 12:00:00 AM,2568806.39
2015,11/21/2014 12:00:00 AM,1146423.06
2018,07/09/2017 12:00:00 AM,2508568.61
2016,03/16/2016 12:00:00 AM,3999760.18
2018,04/06/2018 12:00:00 AM,14686160.16
2019,11/06/2018 12:00:00 AM,2297250.83
2021,09/17/2020 12:00:00 AM,3705010.11
2016,11/03/2015 12:00:00 AM,16586163.45
2017,07/01/2016 12:00:00 AM,4380984.98
2017,08/31/2016 12:00:00 AM,3504702.91
2023,08/08/2022 12:00:00 AM,3077442.61
2023,09/13/2022 12:00:00 AM,25950105.79
2017,02/04/2017 12:00:00 AM,713070.61
2016,02/09/2016 12:00:00 AM,19409634.98
2021,02/24/2021 12:00:00 AM,1294590.56
2020,07/19/2019 12:00:00 AM,2089571.43
2022,10/12/2021 12:00:00 AM,17978453.49
2017,03/29/2017 12:00:00 AM,759568.27
2020,09/14/2019 12:00:00 AM,592863.8
2021,10/28/2020 12:00:00 AM,1200791.43
2020,08/26/2019 12:00:00 AM,3350980.25
2016,07/28/2015 12:00:00 AM,25341654.12
2018,07/15/2017 12:00:00 AM,533035.93
2021,01/27/2021 12:00:00 AM,1385239.72
2024,06/05/2024 12:00:00 AM,4388910.2
2017,11/22/2016 12:00:00 AM,1906198.43
2017,02/24/2017 12:00:00 AM,352092.58
2015,03/04/2015 12:00:00 AM,877147.22
2024,09/15/2023 12:00:00 AM,1276218.71
2016,02/05/2016 12:00:00 AM,3118519.33
2015,09/17/2014 12:00:00 AM,5603837.97
2015,12/28/2014 12:00:00 AM,94459.14
2021,12/17/2020 12:00:00 AM,2236494.49
2020,05/06/2020 12:00:00 AM,7212426.87
2015,09/10/2014 12:00:00 AM,8079681.52
2015,10/17/2014 12:00:00 AM,1678154.28
2017,01/25/2017 12:00:00 AM,2664047.09
2016,01/22/2016 12:00:00 AM,845633.15
2018,07/22/2017 12:00:00 AM,111727.09
2016,07/26/2015 12:00:00 AM,1024026.89
2024,04/04/2024 12:00:00 AM,6509080.85
2024,08/16/2023 12:00:00 AM,5927443.27
2022,11/15/2021 12:00:00 AM,1292419.08
2018,12/12/2017 12:00:00 AM,16974793.27
2022,07/01/2021 12:00:00 AM,3365.28
2022,10/10/2021 12:00:00 AM,3475587.88
2020,02/10/2020 12:00:00 AM,7042407.39
2017,07/22/2016 12:00:00 AM,2671073.93
2018,08/11/2017 12:00:00 AM,2524530.12
2016,10/06/2015 12:00:00 AM,16896427.97
2020,06/01/2020 12:00:00 AM,634633.57
2015,02/17/2015 12:00:00 AM,1621420.68
2021,04/30/2021 12:00:00 AM,1558028.57
2021,10/21/2020 12:00:00 AM,10314584.52
2018,04/13/2018 12:00:00 AM,2408671.04
2021,07/01/2020 12:00:00 AM,116.46
2018,10/15/2017 12:00:00 AM,515
2017,11/10/2016 12:00:00 AM,16219480.24
2017,11/01/2016 12:00:00 AM,20031536.13
2020,07/01/2019 12:00:00 AM,1461680.21
2022,10/01/2021 12:00:00 AM,3497072.59
2016,06/30/2016 12:00:00 AM,-7278255.92
2019,08/29/2018 12:00:00 AM,3794519.17
2022,09/15/2021 12:00:00 AM,4175937.47
2019,02/12/2019 12:00:00 AM,1631397.49
2021,06/24/2021 12:00:00 AM,3078912.82
2017,05/26/2017 12:00:00 AM,952692.5
2022,01/18/2022 12:00:00 AM,34047737.85
2018,12/07/2017 12:00:00 AM,5615545.14
2016,06/10/2016 12:00:00 AM,2453130.74
2015,02/15/2015 12:00:00 AM,806367.79
2016,10/10/2015 12:00:00 AM,18166.01
2024,03/12/2024 12:00:00 AM,26897427.41
2017,12/16/2016 12:00:00 AM,2305002.51
2021,03/02/2021 12:00:00 AM,17706759.29
2022,07/26/2021 12:00:00 AM,9924111.61
2017,11/03/2016 12:00:00 AM,7509706.15
2016,06/15/2016 12:00:00 AM,1925100.14
2023,12/20/2022 12:00:00 AM,48163169.04
2018,05/23/2018 12:00:00 AM,1079582.63
2023,02/08/2023 12:00:00 AM,3109712.04
2017,02/15/2017 12:00:00 AM,912664.89
2020,02/11/2020 12:00:00 AM,5560611.41
2018,12/19/2017 12:00:00 AM,2489470.13
2017,03/06/2017 12:00:00 AM,1230534.98
2016,06/28/2016 12:00:00 AM,36786786.51
2018,03/08/2018 12:00:00 AM,929787.64
2020,02/18/2020 12:00:00 AM,30021340.99
2015,08/01/2014 12:00:00 AM,1204539.37
2017,03/17/2017 12:00:00 AM,1072973.59
2019,05/07/2019 12:00:00 AM,895647.6
2019,07/18/2018 12:00:00 AM,1240279.61
2023,03/07/2023 12:00:00 AM,2358538.03
2021,06/10/2021 12:00:00 AM,11645836.28
2024,09/14/2023 12:00:00 AM,2734626.64
2020,04/11/2020 12:00:00 AM,2242.43
2016,06/19/2016 12:00:00 AM,2932.67
2015,09/23/2014 12:00:00 AM,19040762.92
2019,09/04/2018 12:00:00 AM,24250458.66
2016,12/28/2015 12:00:00 AM,13937461.28
2016,02/22/2016 12:00:00 AM,7678093.97
2015,06/04/2015 12:00:00 AM,518134.58
2017,02/18/2017 12:00:00 AM,197874.23
2021,04/19/2021 12:00:00 AM,2628800.89
2022,03/04/2022 12:00:00 AM,1666087.11
2018,05/04/2018 12:00:00 AM,1128958.55
2021,05/26/2021 12:00:00 AM,1817988.77
2017,03/07/2017 12:00:00 AM,15752646.62
2022,11/26/2021 12:00:00 AM,11757.12
2017,06/28/2017 12:00:00 AM,14069957.94
2022,01/12/2022 12:00:00 AM,4019824.04
2016,08/24/2015 12:00:00 AM,1178772.7
2023,11/21/2022 12:00:00 AM,1068689.9
2023,09/04/2022 12:00:00 AM,4096.3
2024,05/08/2024 12:00:00 AM,26009059.63
2017,11/05/2016 12:00:00 AM,26590.94
2024,07/15/2023 12:00:00 AM,919299.07
2016,05/03/2016 12:00:00 AM,18768931.99
2016,05/04/2016 12:00:00 AM,11922351.93
2023,07/12/2022 12:00:00 AM,914125.51
2020,03/19/2020 12:00:00 AM,6041939.8
2022,12/29/2021 12:00:00 AM,692810.69
2024,03/07/2024 12:00:00 AM,4585355.8
2022,09/22/2021 12:00:00 AM,1671400.25
2015,11/12/2014 12:00:00 AM,6053023.71
2022,06/09/2022 12:00:00 AM,3032425.81
2015,06/24/2015 12:00:00 AM,810351.16
2022,05/19/2022 12:00:00 AM,3814289.82
2021,02/26/2021 12:00:00 AM,1743859.85
2020,09/03/2019 12:00:00 AM,21939088.73
2021,01/10/2021 12:00:00 AM,2652055.08
2018,02/10/2018 12:00:00 AM,433870.09
2021,01/22/2021 12:00:00 AM,369974.68
2020,04/04/2020 12:00:00 AM,5630.96
2021,02/04/2021 12:00:00 AM,1756752.04
2020,09/26/2019 12:00:00 AM,2625465.86
2023,11/30/2022 12:00:00 AM,27904804.24
2019,01/29/2019 12:00:00 AM,2580442.28
2022,08/09/2021 12:00:00 AM,2859037.81
2019,05/04/2019 12:00:00 AM,203609.77
2017,07/26/2016 12:00:00 AM,27118406.4
2017,08/24/2016 12:00:00 AM,1870941.15
2019,05/25/2019 12:00:00 AM,252404.72
2024,06/21/2024 12:00:00 AM,3563763.09
2021,07/24/2020 12:00:00 AM,2749009.57
2023,04/29/2023 12:00:00 AM,109753.66
2020,07/27/2019 12:00:00 AM,193819.98
2017,06/05/2017 12:00:00 AM,1464078.99
2016,05/13/2016 12:00:00 AM,562618.54
2024,11/14/2023 12:00:00 AM,3653939.73
2022,11/18/2021 12:00:00 AM,3524880.26
2019,08/07/2018 12:00:00 AM,19999484.02
2016,05/25/2016 12:00:00 AM,374859.71
2022,03/11/2022 12:00:00 AM,3848333.72
2016,11/19/2015 12:00:00 AM,4134849.97
2022,01/04/2022 12:00:00 AM,19761024.96
2015,12/04/2014 12:00:00 AM,3018815.42
2022,08/18/2021 12:00:00 AM,7452823.53
2015,09/11/2014 12:00:00 AM,2733729.73
2023,11/09/2022 12:00:00 AM,5841325.2
2020,11/21/2019 12:00:00 AM,5223140.87
2021,10/20/2020 12:00:00 AM,11623669.77
2018,12/10/2017 12:00:00 AM,2302229.35
2021,05/14/2021 12:00:00 AM,4015282.18
2016,02/18/2016 12:00:00 AM,1317999.39
2020,10/10/2019 12:00:00 AM,6529647.77
2019,12/10/2018 12:00:00 AM,22961096.89
2017,02/08/2017 12:00:00 AM,3619284.81
2017,10/25/2016 12:00:00 AM,7598507.36
2024,12/26/2023 12:00:00 AM,3398118.05
2018,01/06/2018 12:00:00 AM,723884.13
2019,01/03/2019 12:00:00 AM,3312996.33
2018,05/05/2018 12:00:00 AM,5000
2021,03/15/2021 12:00:00 AM,1519584.11
2016,01/30/2016 12:00:00 AM,631.83
2022,04/04/2022 12:00:00 AM,1294479.13
2020,06/04/2020 12:00:00 AM,9114255.18
2021,09/04/2020 12:00:00 AM,1905586.51
2023,10/26/2022 12:00:00 AM,3141223.28
2015,03/26/2015 12:00:00 AM,6527947.66
2023,10/06/2022 12:00:00 AM,6182177.09
2017,11/16/2016 12:00:00 AM,1936488.96
2017,01/24/2017 12:00:00 AM,30678502.83
2018,05/13/2018 12:00:00 AM,3070626.13
2019,08/23/2018 12:00:00 AM,1606474.68
2016,04/21/2016 12:00:00 AM,1036198.66
2021,07/22/2020 12:00:00 AM,8017385.63
2015,02/13/2015 12:00:00 AM,558232.8
2015,05/14/2015 12:00:00 AM,4510131.46
2016,05/19/2016 12:00:00 AM,366102.43
2021,09/24/2020 12:00:00 AM,805476.48
2021,01/19/2021 12:00:00 AM,31596907.24
2017,12/17/2016 12:00:00 AM,147073.52
2021,03/24/2021 12:00:00 AM,1000946.51
2016,03/08/2016 12:00:00 AM,15043892.14
2016,09/12/2015 12:00:00 AM,13281.94
2023,08/10/2022 12:00:00 AM,1634191.53
2024,09/30/2023 12:00:00 AM,245466.87
2015,10/05/2014 12:00:00 AM,351510.85
2022,05/05/2022 12:00:00 AM,5120199.04
2015,10/19/2014 12:00:00 AM,1090906.2
2022,11/17/2021 12:00:00 AM,1936242.57
2017,05/17/2017 12:00:00 AM,4586269.74
2024,06/26/2024 12:00:00 AM,7667808.7
2019,10/04/2018 12:00:00 AM,1233981.2
2018,03/13/2018 12:00:00 AM,3471364.42
2022,09/10/2021 12:00:00 AM,4537984.57
2021,09/23/2020 12:00:00 AM,4427114.21
2016,04/30/2016 12:00:00 AM,0
2023,04/20/2023 12:00:00 AM,3177559.99
2022,07/19/2021 12:00:00 AM,3770226.3
2020,06/19/2020 12:00:00 AM,5534620.61
2021,04/03/2021 12:00:00 AM,28251.79
2018,02/06/2018 12:00:00 AM,23546584.24
2020,11/13/2019 12:00:00 AM,4011807.44
2020,02/21/2020 12:00:00 AM,5820276.68
2024,03/09/2024 12:00:00 AM,73428.28
2016,03/18/2016 12:00:00 AM,3991582.54
2015,12/12/2014 12:00:00 AM,-1242784.15
2022,10/15/2021 12:00:00 AM,1846591.36
2019,06/07/2019 12:00:00 AM,2970389.1
2023,10/13/2022 12:00:00 AM,3151185.7
2024,04/10/2024 12:00:00 AM,4577574.5
2019,10/12/2018 12:00:00 AM,2616907.69
2020,05/05/2020 12:00:00 AM,1629793.48
2018,11/25/2017 12:00:00 AM,539821.12
2019,08/09/2018 12:00:00 AM,5172812.36
2017,05/10/2017 12:00:00 AM,1394492.43
2016,04/18/2016 12:00:00 AM,1425239.54
2023,10/14/2022 12:00:00 AM,1254150.79
2024,02/17/2024 12:00:00 AM,24333.11
2020,02/13/2020 12:00:00 AM,4905838.99
2023,07/01/2022 12:00:00 AM,565.8
2023,12/28/2022 12:00:00 AM,2829725.6
2021,05/06/2021 12:00:00 AM,3253544.76
2017,02/06/2017 12:00:00 AM,7333799.58
2018,09/25/2017 12:00:00 AM,4348043.2
2019,07/28/2018 12:00:00 AM,16601.44
2015,05/31/2015 12:00:00 AM,1334868.84
2022,07/14/2021 12:00:00 AM,5657274.68
2019,10/20/2018 12:00:00 AM,210658.64
2017,01/09/2017 12:00:00 AM,7143393.64
2021,10/02/2020 12:00:00 AM,1401945.22
2022,01/14/2022 12:00:00 AM,307373.28
2015,02/24/2015 12:00:00 AM,29339293.5
2019,09/20/2018 12:00:00 AM,667513.91
2016,02/26/2016 12:00:00 AM,1094932.04
2020,02/09/2020 12:00:00 AM,3129990.54
2016,11/12/2015 12:00:00 AM,17281991.25
2025,07/02/2024 12:00:00 AM,15201098.68
2023,07/10/2022 12:00:00 AM,2959177.56
2015,12/20/2014 12:00:00 AM,730926.1
2021,07/20/2020 12:00:00 AM,-9930392.38
2023,01/18/2023 12:00:00 AM,4664720.99
2017,02/16/2017 12:00:00 AM,2604935.38
2022,07/28/2021 12:00:00 AM,3521282.54
2024,10/25/2023 12:00:00 AM,14749434.93
2019,08/16/2018 12:00:00 AM,5304503.77
2023,10/15/2022 12:00:00 AM,250137.91
2024,09/20/2023 12:00:00 AM,2079633.21
2016,06/01/2016 12:00:00 AM,16165361.52
2015,10/30/2014 12:00:00 AM,6954436.73
2015,04/28/2015 12:00:00 AM,7226766.64
2018,11/09/2017 12:00:00 AM,5911179.25
2016,09/28/2015 12:00:00 AM,2487715.37
2022,02/21/2022 12:00:00 AM,30213.4
2015,04/30/2015 12:00:00 AM,1957544.57
2020,03/06/2020 12:00:00 AM,3361335.38
2018,04/03/2018 12:00:00 AM,21467685.03
2017,05/09/2017 12:00:00 AM,988998.03
2019,04/14/2019 12:00:00 AM,2791736.87
2021,01/14/2021 12:00:00 AM,4877588.66
2017,04/13/2017 12:00:00 AM,2664378
2019,04/08/2019 12:00:00 AM,1654996.79
2017,07/11/2016 12:00:00 AM,287027.63
2016,07/17/2015 12:00:00 AM,1873220.07
2017,06/07/2017 12:00:00 AM,1437124.53
2022,12/28/2021 12:00:00 AM,3835535.67
2019,12/18/2018 12:00:00 AM,6270101.85
2016,12/11/2015 12:00:00 AM,6648533.83
2024,05/13/2024 12:00:00 AM,2589203.26
2022,06/02/2022 12:00:00 AM,8336357.4
2017,01/14/2017 12:00:00 AM,1078550
2022,02/13/2022 12:00:00 AM,2760703.65
2019,02/02/2019 12:00:00 AM,730720.32
2015,03/17/2015 12:00:00 AM,2859324.35
2023,03/09/2023 12:00:00 AM,1431524.65
2021,01/30/2021 12:00:00 AM,17045.67
2023,01/12/2023 12:00:00 AM,6309081.97
2018,12/27/2017 12:00:00 AM,6094569.48
2022,12/05/2021 12:00:00 AM,3437.15
2018,08/07/2017 12:00:00 AM,3667293.34
2016,02/01/2016 12:00:00 AM,1261256.55
2020,11/20/2019 12:00:00 AM,1180737.89
2022,03/07/2022 12:00:00 AM,9260703.7
2017,10/29/2016 12:00:00 AM,949.79
2023,10/25/2022 12:00:00 AM,33884819.46
2021,10/05/2020 12:00:00 AM,2569875.64
2022,05/25/2022 12:00:00 AM,2489441.03
